Posting Date,Document No,Journal,GL Account Code,Cost Centre,External Ref,Customer,Narrative,Debit,Credit,Currency
01-Mar-2026,DOC/2026/204063,SALES,4140-REV-DOM,CC-HYD-01,GLX-204063,Suvarna Weaves LLP,Rework charges billed,,12903.00,INR
01-Mar-2026,DOC/2026/204213,SALES,4130-REV-DOM,CC-PNQ-01,GLX-204213,Sitara Packaging Solutions Pvt Ltd,Warehouse handling recovery,,30674.00,INR
01-Mar-2026,DOC/2026/204239,SALES,4120-REV-DOM,CC-BLR-02,GLX-204239,Kaveri Rubber Works Pvt Ltd,Bulk despatch schedule B,,81151.75,INR
01-Mar-2026,DOC/2026/204337,SALES,4140-REV-DOM,CC-MYS-01,GLX-204337,Naaz Fabrics Private Limited,Design retainer billing,,45267.00,INR
01-Mar-2026,DOC/2026/204727,SALES,4120-REV-DOM,CC-HYD-01,GLX-204727,Shubhankar Electricals LLP,Mould development charges,,71503.00,INR
01-Mar-2026,DOC/2026/204875,SALES,4120-REV-DOM,CC-HYD-01,GLX-204875,Yamini Home Needs Pvt Ltd,Export documentation recovery,,62113.52,INR
01-Mar-2026,DOC/2026/204877,SALES,4160-REV-DOM,CC-PNQ-01,GLX-204877,Neelkanth Ceramics Pvt Ltd,Machinery hire charges,,76469.24,INR
01-Mar-2026,DOC/2026/204963,SALES,4160-REV-DOM,CC-BLR-02,GLX-204963,Ekansh Glassworks Private Limited,Labelling job billing,,21671.98,INR
01-Mar-2026,DOC/2026/205117,SALES,4130-REV-DOM,CC-MYS-01,GLX-205117,Meghdoot Packaging LLP,Job work conversion charges,,57992.00,INR
01-Mar-2026,DOC/2026/205148,SALES,4140-REV-DOM,CC-BLR-02,GLX-205148,Barkat Stationers Private Limited,Tooling amortisation billing,,83151.00,INR
01-Mar-2026,DOC/2026/205414,SALES,4120-REV-DOM,CC-PNQ-01,GLX-205414,Ranjeet Timber Depot Pvt Ltd,Spare kit despatch,,22519.55,INR
01-Mar-2026,DOC/2026/205463,SALES,4140-REV-DOM,CC-PNQ-01,GLX-205463,Kalanjali Crafts Pvt Ltd,Job work conversion charges,,41019.00,INR
01-Mar-2026,DOC/2026/205830,SALES,4110-REV-DOM,CC-BLR-01,GLX-205830,Sanchit Hardware Depot Pvt Ltd,Site erection charges,,9600.00,INR
01-Mar-2026,DOC/2026/206584,SALES,4160-REV-DOM,CC-BLR-01,GLX-206584,Vaayu Organics Private Limited,Scrap sale realisation,,26195.00,INR
01-Mar-2026,DOC/2026/206948,SALES,4160-REV-DOM,CC-MYS-01,GLX-206948,Jashan Sports Goods Pvt Ltd,Contract manufacturing charges,,13037.79,INR
01-Mar-2026,DOC/2026/207029,SALES,4150-REV-DOM,CC-HYD-01,GLX-207029,Kesari Handlooms Pvt Ltd,Freight recovery billing,,93298.00,INR
01-Mar-2026,DOC/2026/207042,SALES,4140-REV-DOM,CC-HYD-01,GLX-207042,Girnar Pipes and Fittings Pvt Ltd,Secondary transport recovery,,45513.71,INR
01-Mar-2026,DOC/2026/207114,SALES,4110-REV-DOM,CC-MYS-01,GLX-207114,Ojas Lighting Private Limited,Sample despatch billing,,85392.00,INR
01-Mar-2026,DOC/2026/207341,SALES,4130-REV-DOM,CC-BLR-02,GLX-207341,Sohrab Auto Spares LLP,Consignment despatch,,70286.00,INR
01-Mar-2026,DOC/2026/207384,SALES,4110-REV-DOM,CC-PNQ-01,GLX-207384,Palashwood Interiors Pvt Ltd,Contract manufacturing charges,,50934.00,INR
01-Mar-2026,DOC/2026/207981,SALES,4150-REV-DOM,CC-HYD-01,GLX-207981,Tanmay Toolroom Private Limited,Packaging material supply,,44098.10,INR
01-Mar-2026,DOC/2026/208032,SALES,4160-REV-DOM,CC-MYS-01,GLX-208032,Madhuban Nurseries Pvt Ltd,Palletisation charges,,72707.00,INR
01-Mar-2026,DOC/2026/208223,SALES,4110-REV-DOM,CC-PNQ-01,GLX-208223,Bhavani Steel Trading Pvt Ltd,Trial batch supply,,19584.00,INR
01-Mar-2026,DOC/2026/208387,SALES,4120-REV-DOM,CC-BLR-02,GLX-208387,Devgiri Paints LLP,Annual maintenance billing,,9571.00,INR
01-Mar-2026,DOC/2026/209042,SALES,4130-REV-DOM,CC-MYS-01,GLX-209042,Tarangini Prints LLP,Packaging material supply,,65732.34,INR
01-Mar-2026,DOC/2026/209664,SALES,4110-REV-DOM,CC-MYS-01,GLX-209664,Utsav Bakers LLP,Testing and calibration charges,,7932.00,INR
01-Mar-2026,DOC/2026/209978,SALES,4150-REV-DOM,CC-HYD-01,GLX-209978,Prithvi Seeds and Feeds Pvt Ltd,Bulk despatch schedule A,,55648.00,INR
02-Mar-2026,DOC/2026/204464,SALES,4150-REV-DOM,CC-HYD-01,GLX-204464,Tarangini Prints LLP,Design retainer billing,,93418.85,INR
02-Mar-2026,DOC/2026/204491,SALES,4130-REV-DOM,CC-BLR-02,GLX-204491,Ojas Lighting Private Limited,Palletisation charges,,36416.00,INR
02-Mar-2026,DOC/2026/204825,SALES,4130-REV-DOM,CC-HYD-01,GLX-204825,Ranjeet Timber Depot Pvt Ltd,Warehouse handling recovery,,1958.50,INR
02-Mar-2026,DOC/2026/204883,SALES,4160-REV-DOM,CC-BLR-02,GLX-204883,Ambar Cold Rooms Pvt Ltd,Spare kit despatch,,47771.00,INR
02-Mar-2026,DOC/2026/205130,SALES,4120-REV-DOM,CC-HYD-01,GLX-205130,Bhoomi Tiles and Sanitary LLP,Tooling amortisation billing,,22333.15,INR
02-Mar-2026,DOC/2026/205143,SALES,4110-REV-DOM,CC-BLR-02,GLX-205143,Chandravat Metals Private Limited,Bulk despatch schedule A,,75306.38,INR
02-Mar-2026,DOC/2026/205334,SALES,4160-REV-DOM,CC-BLR-02,GLX-205334,Ekansh Glassworks Private Limited,Rework charges billed,,38231.48,INR
02-Mar-2026,DOC/2026/205599,SALES,4140-REV-DOM,CC-BLR-02,GLX-205599,Chirag Battery House Pvt Ltd,Machinery hire charges,,5571.00,INR
02-Mar-2026,DOC/2026/205624,SALES,4150-REV-DOM,CC-BLR-02,GLX-205624,Chandravat Metals Private Limited,Bulk despatch schedule A,,28906.18,INR
02-Mar-2026,DOC/2026/206032,SALES,4140-REV-DOM,CC-PNQ-01,GLX-206032,Prithvi Seeds and Feeds Pvt Ltd,Consignment despatch,,82899.00,INR
02-Mar-2026,DOC/2026/206116,SALES,4120-REV-DOM,CC-BLR-01,GLX-206116,Rukmini Provisions Private Limited,Testing and calibration charges,,38995.00,INR
02-Mar-2026,DOC/2026/206245,SALES,4120-REV-DOM,CC-BLR-02,GLX-206245,Barkat Stationers Private Limited,Trial batch supply,,30751.61,INR
02-Mar-2026,DOC/2026/206254,SALES,4160-REV-DOM,CC-HYD-01,GLX-206254,Vaayu Organics Private Limited,Testing and calibration charges,,19193.00,INR
02-Mar-2026,DOC/2026/206629,SALES,4110-REV-DOM,CC-MYS-01,GLX-206629,Neelkanth Ceramics Pvt Ltd,Mould development charges,,8802.00,INR
02-Mar-2026,DOC/2026/207045,SALES,4120-REV-DOM,CC-BLR-02,GLX-207045,Kalanjali Crafts Pvt Ltd,Job work conversion charges,,60901.00,INR
02-Mar-2026,DOC/2026/207521,SALES,4140-REV-DOM,CC-BLR-01,GLX-207521,Anokhi Kitchenware Pvt Ltd,Export documentation recovery,,10485.00,INR
02-Mar-2026,DOC/2026/207801,SALES,4110-REV-DOM,CC-BLR-02,GLX-207801,Naaz Fabrics Private Limited,Packaging material supply,,37536.78,INR
02-Mar-2026,DOC/2026/207932,SALES,4160-REV-DOM,CC-PNQ-01,GLX-207932,Vindhya Plastics Private Limited,Freight recovery billing,,20669.00,INR
02-Mar-2026,DOC/2026/208371,SALES,4150-REV-DOM,CC-HYD-01,GLX-208371,Meghdoot Packaging LLP,Site erection charges,,81598.27,INR
02-Mar-2026,DOC/2026/208492,SALES,4160-REV-DOM,CC-MYS-01,GLX-208492,Yamini Home Needs Pvt Ltd,Secondary transport recovery,,24497.00,INR
02-Mar-2026,DOC/2026/208541,SALES,4130-REV-DOM,CC-MYS-01,GLX-208541,Palashwood Interiors Pvt Ltd,Bulk despatch schedule B,,25592.80,INR
02-Mar-2026,DOC/2026/208731,SALES,4150-REV-DOM,CC-BLR-01,GLX-208731,Kaveri Rubber Works Pvt Ltd,Contract manufacturing charges,,50290.00,INR
02-Mar-2026,DOC/2026/208823,SALES,4160-REV-DOM,CC-BLR-01,GLX-208823,Kesari Handlooms Pvt Ltd,Annual maintenance billing,,8765.00,INR
02-Mar-2026,DOC/2026/208992,SALES,4150-REV-DOM,CC-HYD-01,GLX-208992,Nirvaan Agro Mills Pvt Ltd,Sample despatch billing,,51148.00,INR
02-Mar-2026,DOC/2026/209322,SALES,4160-REV-DOM,CC-BLR-02,GLX-209322,Utsav Bakers LLP,Scrap sale realisation,,81941.00,INR
02-Mar-2026,DOC/2026/209752,SALES,4160-REV-DOM,CC-BLR-02,GLX-209752,Madhuban Nurseries Pvt Ltd,Sample despatch billing,,7421.73,INR
02-Mar-2026,DOC/2026/209781,SALES,4140-REV-DOM,CC-BLR-02,GLX-209781,Marudhar Furnishings LLP,Labelling job billing,,32361.00,INR
03-Mar-2026,DOC/2026/204287,SALES,4130-REV-DOM,CC-BLR-02,GLX-204287,Kalanjali Crafts Pvt Ltd,Site erection charges,,33476.00,INR
03-Mar-2026,DOC/2026/204559,SALES,4130-REV-DOM,CC-HYD-01,GLX-204559,Sanchit Hardware Depot Pvt Ltd,Job work conversion charges,,42518.28,INR
03-Mar-2026,DOC/2026/204839,SALES,4110-REV-DOM,CC-PNQ-01,GLX-204839,Devgiri Paints LLP,Freight recovery billing,,83574.35,INR
03-Mar-2026,DOC/2026/205165,SALES,4130-REV-DOM,CC-BLR-01,GLX-205165,Rukmini Provisions Private Limited,Scrap sale realisation,,49160.00,INR
03-Mar-2026,DOC/2026/205188,SALES,4160-REV-DOM,CC-HYD-01,GLX-205188,Girnar Pipes and Fittings Pvt Ltd,Export documentation recovery,,34343.04,INR
03-Mar-2026,DOC/2026/205286,SALES,4150-REV-DOM,CC-BLR-02,GLX-205286,Anokhi Kitchenware Pvt Ltd,Secondary transport recovery,,91936.19,INR
03-Mar-2026,DOC/2026/205362,SALES,4140-REV-DOM,CC-HYD-01,GLX-205362,Nirvaan Agro Mills Pvt Ltd,Palletisation charges,,66093.46,INR
03-Mar-2026,DOC/2026/206233,SALES,4160-REV-DOM,CC-BLR-01,GLX-206233,Bhavani Steel Trading Pvt Ltd,Tooling amortisation billing,,22115.00,INR
03-Mar-2026,DOC/2026/206261,SALES,4140-REV-DOM,CC-BLR-02,GLX-206261,Ojas Lighting Private Limited,Palletisation charges,,72771.00,INR
03-Mar-2026,DOC/2026/206369,SALES,4160-REV-DOM,CC-MYS-01,GLX-206369,Chirag Battery House Pvt Ltd,Mould development charges,,6287.00,INR
03-Mar-2026,DOC/2026/206381,SALES,4140-REV-DOM,CC-MYS-01,GLX-206381,Tanmay Toolroom Private Limited,Design retainer billing,,29247.05,INR
03-Mar-2026,DOC/2026/207083,SALES,4140-REV-DOM,CC-HYD-01,GLX-207083,Yamini Home Needs Pvt Ltd,Export documentation recovery,,36273.54,INR
03-Mar-2026,DOC/2026/207112,SALES,4110-REV-DOM,CC-PNQ-01,GLX-207112,Palashwood Interiors Pvt Ltd,Contract manufacturing charges,,28164.00,INR
03-Mar-2026,DOC/2026/207449,SALES,4150-REV-DOM,CC-BLR-01,GLX-207449,Sohrab Auto Spares LLP,Bulk despatch schedule A,,30460.33,INR
03-Mar-2026,DOC/2026/208187,SALES,4150-REV-DOM,CC-BLR-02,GLX-208187,Utsav Bakers LLP,Testing and calibration charges,,7996.00,INR
03-Mar-2026,DOC/2026/208449,SALES,4150-REV-DOM,CC-PNQ-01,GLX-208449,Chandravat Metals Private Limited,Consignment despatch,,52114.54,INR
03-Mar-2026,DOC/2026/208497,SALES,4160-REV-DOM,CC-BLR-02,GLX-208497,Sitara Packaging Solutions Pvt Ltd,Spare kit despatch,,37241.48,INR
03-Mar-2026,DOC/2026/208542,SALES,4140-REV-DOM,CC-MYS-01,GLX-208542,Vindhya Plastics Private Limited,Annual maintenance billing,,61017.42,INR
03-Mar-2026,DOC/2026/208628,SALES,4140-REV-DOM,CC-PNQ-01,GLX-208628,Ambar Cold Rooms Pvt Ltd,Warehouse handling recovery,,37779.00,INR
03-Mar-2026,DOC/2026/208678,SALES,4140-REV-DOM,CC-HYD-01,GLX-208678,Marudhar Furnishings LLP,Rework charges billed,,5103.08,INR
03-Mar-2026,DOC/2026/208978,SALES,4160-REV-DOM,CC-MYS-01,GLX-208978,Ojas Lighting Private Limited,Sample despatch billing,,64757.97,INR
03-Mar-2026,DOC/2026/208979,SALES,4110-REV-DOM,CC-BLR-01,GLX-208979,Bhoomi Tiles and Sanitary LLP,Trial batch supply,,89220.71,INR
03-Mar-2026,DOC/2026/209394,SALES,4130-REV-DOM,CC-MYS-01,GLX-209394,Shubhankar Electricals LLP,Machinery hire charges,,50492.05,INR
03-Mar-2026,DOC/2026/209512,SALES,4160-REV-DOM,CC-MYS-01,GLX-209512,Suvarna Weaves LLP,Labelling job billing,,91637.00,INR
03-Mar-2026,DOC/2026/209786,SALES,4130-REV-DOM,CC-MYS-01,GLX-209786,Tarangini Prints LLP,Packaging material supply,,22532.77,INR
03-Mar-2026,DOC/2026/209844,SALES,4110-REV-DOM,CC-BLR-02,GLX-209844,Jashan Sports Goods Pvt Ltd,Bulk despatch schedule B,,90786.00,INR
04-Mar-2026,DOC/2026/204696,SALES,4150-REV-DOM,CC-BLR-01,GLX-204696,Ranjeet Timber Depot Pvt Ltd,Spare kit despatch,,73870.35,INR
04-Mar-2026,DOC/2026/204878,SALES,4130-REV-DOM,CC-PNQ-01,GLX-204878,Chirag Battery House Pvt Ltd,Machinery hire charges,,48734.00,INR
04-Mar-2026,DOC/2026/205000,SALES,4130-REV-DOM,CC-MYS-01,GLX-205000,Sohrab Auto Spares LLP,Consignment despatch,,70052.00,INR
04-Mar-2026,DOC/2026/205063,SALES,4140-REV-DOM,CC-MYS-01,GLX-205063,Vaayu Organics Private Limited,Scrap sale realisation,,53247.97,INR
04-Mar-2026,DOC/2026/205160,SALES,4150-REV-DOM,CC-HYD-01,GLX-205160,Rukmini Provisions Private Limited,Testing and calibration charges,,41428.74,INR
04-Mar-2026,DOC/2026/205374,SALES,4140-REV-DOM,CC-MYS-01,GLX-205374,Kesari Handlooms Pvt Ltd,Freight recovery billing,,85797.77,INR
04-Mar-2026,DOC/2026/205685,SALES,4130-REV-DOM,CC-MYS-01,GLX-205685,Suvarna Weaves LLP,Rework charges billed,,64502.23,INR
04-Mar-2026,DOC/2026/205972,SALES,4150-REV-DOM,CC-PNQ-01,GLX-205972,Shubhankar Electricals LLP,Mould development charges,,50464.00,INR
04-Mar-2026,DOC/2026/206113,SALES,4150-REV-DOM,CC-HYD-01,GLX-206113,Ekansh Glassworks Private Limited,Labelling job billing,,9658.00,INR
04-Mar-2026,DOC/2026/206266,SALES,4150-REV-DOM,CC-PNQ-01,GLX-206266,Devgiri Paints LLP,Annual maintenance billing,,44164.00,INR
04-Mar-2026,DOC/2026/206600,SALES,4130-REV-DOM,CC-MYS-01,GLX-206600,Girnar Pipes and Fittings Pvt Ltd,Secondary transport recovery,,12632.00,INR
04-Mar-2026,DOC/2026/206775,SALES,4120-REV-DOM,CC-BLR-01,GLX-206775,Barkat Stationers Private Limited,Tooling amortisation billing,,33265.00,INR
04-Mar-2026,DOC/2026/206806,SALES,4140-REV-DOM,CC-HYD-01,GLX-206806,Sanchit Hardware Depot Pvt Ltd,Site erection charges,,95613.00,INR
04-Mar-2026,DOC/2026/206979,SALES,4130-REV-DOM,CC-HYD-01,GLX-206979,Bhavani Steel Trading Pvt Ltd,Trial batch supply,,76358.92,INR
04-Mar-2026,DOC/2026/207255,SALES,4110-REV-DOM,CC-PNQ-01,GLX-207255,Naaz Fabrics Private Limited,Design retainer billing,,64314.00,INR
04-Mar-2026,DOC/2026/207368,SALES,4130-REV-DOM,CC-BLR-02,GLX-207368,Madhuban Nurseries Pvt Ltd,Palletisation charges,,64706.00,INR
04-Mar-2026,DOC/2026/207510,SALES,4160-REV-DOM,CC-MYS-01,GLX-207510,Nirvaan Agro Mills Pvt Ltd,Sample despatch billing,,7697.00,INR
04-Mar-2026,DOC/2026/207550,SALES,4140-REV-DOM,CC-PNQ-01,GLX-207550,Sitara Packaging Solutions Pvt Ltd,Warehouse handling recovery,,939.08,INR
04-Mar-2026,DOC/2026/207569,SALES,4150-REV-DOM,CC-BLR-02,GLX-207569,Anokhi Kitchenware Pvt Ltd,Export documentation recovery,,68206.07,INR
04-Mar-2026,DOC/2026/207691,SALES,4140-REV-DOM,CC-BLR-01,GLX-207691,Vindhya Plastics Private Limited,Freight recovery billing,,27105.00,INR
04-Mar-2026,DOC/2026/207742,SALES,4160-REV-DOM,CC-MYS-01,GLX-207742,Prithvi Seeds and Feeds Pvt Ltd,Bulk despatch schedule A,,45887.00,INR
04-Mar-2026,DOC/2026/208545,SALES,4160-REV-DOM,CC-HYD-01,GLX-208545,Tanmay Toolroom Private Limited,Packaging material supply,,34463.83,INR
04-Mar-2026,DOC/2026/208581,SALES,4120-REV-DOM,CC-MYS-01,GLX-208581,Jashan Sports Goods Pvt Ltd,Contract manufacturing charges,,56197.00,INR
04-Mar-2026,DOC/2026/208916,SALES,4110-REV-DOM,CC-BLR-02,GLX-208916,Meghdoot Packaging LLP,Job work conversion charges,,78276.00,INR
04-Mar-2026,DOC/2026/209221,SALES,4120-REV-DOM,CC-MYS-01,GLX-209221,Kaveri Rubber Works Pvt Ltd,Bulk despatch schedule B,,90307.18,INR
04-Mar-2026,DOC/2026/209718,SALES,4120-REV-DOM,CC-BLR-02,GLX-209718,Neelkanth Ceramics Pvt Ltd,Machinery hire charges,,44281.47,INR
05-Mar-2026,DOC/2026/204089,SALES,4150-REV-DOM,CC-BLR-02,GLX-204089,Girnar Pipes and Fittings Pvt Ltd,Export documentation recovery,,54616.78,INR
05-Mar-2026,DOC/2026/204600,SALES,4140-REV-DOM,CC-MYS-01,GLX-204600,Ambar Cold Rooms Pvt Ltd,Spare kit despatch,,76737.00,INR
05-Mar-2026,DOC/2026/205354,SALES,4130-REV-DOM,CC-PNQ-01,GLX-205354,Yamini Home Needs Pvt Ltd,Secondary transport recovery,,2684.75,INR
05-Mar-2026,DOC/2026/205977,SALES,4130-REV-DOM,CC-HYD-01,GLX-205977,Bhoomi Tiles and Sanitary LLP,Tooling amortisation billing,,10898.00,INR
05-Mar-2026,DOC/2026/206406,SALES,4150-REV-DOM,CC-BLR-02,GLX-206406,Ranjeet Timber Depot Pvt Ltd,Warehouse handling recovery,,14206.00,INR
05-Mar-2026,DOC/2026/206459,SALES,4110-REV-DOM,CC-BLR-02,GLX-206459,Kaveri Rubber Works Pvt Ltd,Contract manufacturing charges,,15426.00,INR
05-Mar-2026,DOC/2026/206574,SALES,4160-REV-DOM,CC-PNQ-01,GLX-206574,Palashwood Interiors Pvt Ltd,Bulk despatch schedule B,,18509.00,INR
05-Mar-2026,DOC/2026/206650,SALES,4150-REV-DOM,CC-PNQ-01,GLX-206650,Chandravat Metals Private Limited,Bulk despatch schedule A,,6244.30,INR
05-Mar-2026,DOC/2026/206679,SALES,4150-REV-DOM,CC-MYS-01,GLX-206679,Meghdoot Packaging LLP,Site erection charges,,61252.92,INR
05-Mar-2026,DOC/2026/206693,SALES,4130-REV-DOM,CC-HYD-01,GLX-206693,Tarangini Prints LLP,Design retainer billing,,58808.00,INR
05-Mar-2026,DOC/2026/206901,SALES,4160-REV-DOM,CC-MYS-01,GLX-206901,Marudhar Furnishings LLP,Labelling job billing,,3827.00,INR
05-Mar-2026,DOC/2026/207051,SALES,4130-REV-DOM,CC-BLR-01,GLX-207051,Utsav Bakers LLP,Scrap sale realisation,,80900.92,INR
05-Mar-2026,DOC/2026/207208,SALES,4150-REV-DOM,CC-HYD-01,GLX-207208,Barkat Stationers Private Limited,Trial batch supply,,49408.00,INR
05-Mar-2026,DOC/2026/207424,SALES,4110-REV-DOM,CC-HYD-01,GLX-207424,Devgiri Paints LLP,Freight recovery billing,,10428.00,INR
05-Mar-2026,DOC/2026/207680,SALES,4140-REV-DOM,CC-BLR-01,GLX-207680,Ekansh Glassworks Private Limited,Rework charges billed,,55575.61,INR
05-Mar-2026,DOC/2026/207689,SALES,4140-REV-DOM,CC-PNQ-01,GLX-207689,Prithvi Seeds and Feeds Pvt Ltd,Consignment despatch,,88119.00,INR
05-Mar-2026,DOC/2026/207825,SALES,4110-REV-DOM,CC-BLR-02,GLX-207825,Shubhankar Electricals LLP,Machinery hire charges,,84906.00,INR
05-Mar-2026,DOC/2026/208111,SALES,4110-REV-DOM,CC-MYS-01,GLX-208111,Naaz Fabrics Private Limited,Packaging material supply,,7362.44,INR
05-Mar-2026,DOC/2026/208634,SALES,4130-REV-DOM,CC-HYD-01,GLX-208634,Vaayu Organics Private Limited,Testing and calibration charges,,13208.45,INR
05-Mar-2026,DOC/2026/208698,SALES,4120-REV-DOM,CC-BLR-02,GLX-208698,Neelkanth Ceramics Pvt Ltd,Mould development charges,,5791.00,INR
05-Mar-2026,DOC/2026/208824,SALES,4160-REV-DOM,CC-BLR-02,GLX-208824,Sohrab Auto Spares LLP,Bulk despatch schedule A,,55721.00,INR
05-Mar-2026,DOC/2026/209094,SALES,4160-REV-DOM,CC-MYS-01,GLX-209094,Kalanjali Crafts Pvt Ltd,Job work conversion charges,,52307.00,INR
05-Mar-2026,DOC/2026/209327,SALES,4120-REV-DOM,CC-PNQ-01,GLX-209327,Kesari Handlooms Pvt Ltd,Annual maintenance billing,,18739.27,INR
05-Mar-2026,DOC/2026/209449,SALES,4130-REV-DOM,CC-BLR-02,GLX-209449,Ojas Lighting Private Limited,Palletisation charges,,66266.00,INR
05-Mar-2026,DOC/2026/209900,SALES,4120-REV-DOM,CC-BLR-01,GLX-209900,Madhuban Nurseries Pvt Ltd,Sample despatch billing,,89905.00,INR
06-Mar-2026,DOC/2026/204118,SALES,4130-REV-DOM,CC-BLR-02,GLX-204118,Sitara Packaging Solutions Pvt Ltd,Spare kit despatch,,3386.44,INR
06-Mar-2026,DOC/2026/204165,SALES,4130-REV-DOM,CC-HYD-01,GLX-204165,Chandravat Metals Private Limited,Consignment despatch,,2738.00,INR
06-Mar-2026,DOC/2026/204585,SALES,4160-REV-DOM,CC-PNQ-01,GLX-204585,Neelkanth Ceramics Pvt Ltd,Machinery hire charges,,86639.00,INR
06-Mar-2026,DOC/2026/204731,SALES,4160-REV-DOM,CC-MYS-01,GLX-204731,Bhoomi Tiles and Sanitary LLP,Trial batch supply,,12617.77,INR
06-Mar-2026,DOC/2026/204802,SALES,4120-REV-DOM,CC-BLR-02,GLX-204802,Ambar Cold Rooms Pvt Ltd,Warehouse handling recovery,,75721.00,INR
06-Mar-2026,DOC/2026/204928,SALES,4110-REV-DOM,CC-BLR-02,GLX-204928,Bhavani Steel Trading Pvt Ltd,Tooling amortisation billing,,56076.23,INR
06-Mar-2026,DOC/2026/205489,SALES,4110-REV-DOM,CC-MYS-01,GLX-205489,Sanchit Hardware Depot Pvt Ltd,Job work conversion charges,,33342.44,INR
06-Mar-2026,DOC/2026/205555,SALES,4150-REV-DOM,CC-BLR-01,GLX-205555,Tarangini Prints LLP,Packaging material supply,,16090.00,INR
06-Mar-2026,DOC/2026/205727,SALES,4120-REV-DOM,CC-BLR-01,GLX-205727,Vindhya Plastics Private Limited,Annual maintenance billing,,2065.00,INR
06-Mar-2026,DOC/2026/205836,SALES,4160-REV-DOM,CC-PNQ-01,GLX-205836,Chirag Battery House Pvt Ltd,Mould development charges,,35999.00,INR
06-Mar-2026,DOC/2026/205904,SALES,4130-REV-DOM,CC-HYD-01,GLX-205904,Kalanjali Crafts Pvt Ltd,Site erection charges,,3758.65,INR
06-Mar-2026,DOC/2026/205989,SALES,4140-REV-DOM,CC-MYS-01,GLX-205989,Suvarna Weaves LLP,Labelling job billing,,9687.00,INR
06-Mar-2026,DOC/2026/206103,SALES,4160-REV-DOM,CC-PNQ-01,GLX-206103,Ranjeet Timber Depot Pvt Ltd,Spare kit despatch,,44909.00,INR
06-Mar-2026,DOC/2026/206316,SALES,4160-REV-DOM,CC-BLR-01,GLX-206316,Marudhar Furnishings LLP,Rework charges billed,,36695.60,INR
06-Mar-2026,DOC/2026/206787,SALES,4140-REV-DOM,CC-BLR-01,GLX-206787,Nirvaan Agro Mills Pvt Ltd,Palletisation charges,,28965.15,INR
06-Mar-2026,DOC/2026/207350,SALES,4120-REV-DOM,CC-HYD-01,GLX-207350,Tanmay Toolroom Private Limited,Design retainer billing,,94993.00,INR
06-Mar-2026,DOC/2026/207495,SALES,4150-REV-DOM,CC-BLR-01,GLX-207495,Palashwood Interiors Pvt Ltd,Contract manufacturing charges,,79450.00,INR
06-Mar-2026,DOC/2026/207498,SALES,4120-REV-DOM,CC-BLR-01,GLX-207498,Jashan Sports Goods Pvt Ltd,Bulk despatch schedule B,,25645.00,INR
06-Mar-2026,DOC/2026/208152,SALES,4160-REV-DOM,CC-PNQ-01,GLX-208152,Prithvi Seeds and Feeds Pvt Ltd,Bulk despatch schedule A,,36509.00,INR
06-Mar-2026,DOC/2026/208690,SALES,4150-REV-DOM,CC-BLR-02,GLX-208690,Rukmini Provisions Private Limited,Scrap sale realisation,,74446.66,INR
06-Mar-2026,DOC/2026/208757,SALES,4140-REV-DOM,CC-BLR-02,GLX-208757,Ekansh Glassworks Private Limited,Labelling job billing,,53301.00,INR
06-Mar-2026,DOC/2026/208807,SALES,4110-REV-DOM,CC-PNQ-01,GLX-208807,Ojas Lighting Private Limited,Sample despatch billing,,82314.00,INR
06-Mar-2026,DOC/2026/208939,SALES,4110-REV-DOM,CC-MYS-01,GLX-208939,Anokhi Kitchenware Pvt Ltd,Secondary transport recovery,,60312.43,INR
06-Mar-2026,DOC/2026/208982,SALES,4150-REV-DOM,CC-HYD-01,GLX-208982,Kesari Handlooms Pvt Ltd,Freight recovery billing,,85018.61,INR
06-Mar-2026,DOC/2026/209054,SALES,4140-REV-DOM,CC-HYD-01,GLX-209054,Utsav Bakers LLP,Testing and calibration charges,,20733.00,INR
06-Mar-2026,DOC/2026/209715,SALES,4110-REV-DOM,CC-HYD-01,GLX-209715,Yamini Home Needs Pvt Ltd,Export documentation recovery,,25218.77,INR
07-Mar-2026,DOC/2026/204483,SALES,4160-REV-DOM,CC-MYS-01,GLX-204483,Meghdoot Packaging LLP,Job work conversion charges,,53117.00,INR
07-Mar-2026,DOC/2026/204657,SALES,4110-REV-DOM,CC-PNQ-01,GLX-204657,Vindhya Plastics Private Limited,Freight recovery billing,,32514.00,INR
07-Mar-2026,DOC/2026/204818,SALES,4130-REV-DOM,CC-PNQ-01,GLX-204818,Barkat Stationers Private Limited,Tooling amortisation billing,,30044.00,INR
07-Mar-2026,DOC/2026/205423,SALES,4110-REV-DOM,CC-PNQ-01,GLX-205423,Jashan Sports Goods Pvt Ltd,Contract manufacturing charges,,38904.00,INR
07-Mar-2026,DOC/2026/205537,SALES,4120-REV-DOM,CC-PNQ-01,GLX-205537,Shubhankar Electricals LLP,Mould development charges,,9799.00,INR
07-Mar-2026,DOC/2026/205849,SALES,4110-REV-DOM,CC-BLR-02,GLX-205849,Sitara Packaging Solutions Pvt Ltd,Warehouse handling recovery,,95736.20,INR
07-Mar-2026,DOC/2026/206162,SALES,4110-REV-DOM,CC-BLR-01,GLX-206162,Nirvaan Agro Mills Pvt Ltd,Sample despatch billing,,10320.47,INR
07-Mar-2026,DOC/2026/206198,SALES,4120-REV-DOM,CC-HYD-01,GLX-206198,Girnar Pipes and Fittings Pvt Ltd,Secondary transport recovery,,31003.00,INR
07-Mar-2026,DOC/2026/206202,SALES,4120-REV-DOM,CC-BLR-02,GLX-206202,Anokhi Kitchenware Pvt Ltd,Export documentation recovery,,35131.73,INR
07-Mar-2026,DOC/2026/206237,SALES,4140-REV-DOM,CC-BLR-02,GLX-206237,Kalanjali Crafts Pvt Ltd,Job work conversion charges,,12141.00,INR
07-Mar-2026,DOC/2026/206386,SALES,4110-REV-DOM,CC-MYS-01,GLX-206386,Chirag Battery House Pvt Ltd,Machinery hire charges,,40962.00,INR
07-Mar-2026,DOC/2026/206417,SALES,4110-REV-DOM,CC-HYD-01,GLX-206417,Madhuban Nurseries Pvt Ltd,Palletisation charges,,94308.00,INR
07-Mar-2026,DOC/2026/206443,SALES,4160-REV-DOM,CC-HYD-01,GLX-206443,Naaz Fabrics Private Limited,Design retainer billing,,64463.09,INR
07-Mar-2026,DOC/2026/206484,SALES,4120-REV-DOM,CC-BLR-02,GLX-206484,Suvarna Weaves LLP,Rework charges billed,,65431.00,INR
07-Mar-2026,DOC/2026/206668,SALES,4130-REV-DOM,CC-BLR-01,GLX-206668,Vaayu Organics Private Limited,Scrap sale realisation,,91700.82,INR
07-Mar-2026,DOC/2026/207514,SALES,4110-REV-DOM,CC-BLR-02,GLX-207514,Devgiri Paints LLP,Annual maintenance billing,,49986.00,INR
07-Mar-2026,DOC/2026/208133,SALES,4120-REV-DOM,CC-MYS-01,GLX-208133,Sanchit Hardware Depot Pvt Ltd,Site erection charges,,87967.00,INR
07-Mar-2026,DOC/2026/208158,SALES,4160-REV-DOM,CC-BLR-01,GLX-208158,Marudhar Furnishings LLP,Labelling job billing,,2345.00,INR
07-Mar-2026,DOC/2026/209023,SALES,4140-REV-DOM,CC-MYS-01,GLX-209023,Rukmini Provisions Private Limited,Testing and calibration charges,,12957.00,INR
07-Mar-2026,DOC/2026/209126,SALES,4130-REV-DOM,CC-BLR-01,GLX-209126,Sohrab Auto Spares LLP,Consignment despatch,,64310.00,INR
07-Mar-2026,DOC/2026/209133,SALES,4140-REV-DOM,CC-BLR-02,GLX-209133,Chandravat Metals Private Limited,Bulk despatch schedule A,,24921.00,INR
07-Mar-2026,DOC/2026/209192,SALES,4140-REV-DOM,CC-BLR-01,GLX-209192,Bhavani Steel Trading Pvt Ltd,Trial batch supply,,41655.53,INR
07-Mar-2026,DOC/2026/209253,SALES,4160-REV-DOM,CC-BLR-01,GLX-209253,Tanmay Toolroom Private Limited,Packaging material supply,,4055.00,INR
07-Mar-2026,DOC/2026/209665,SALES,4140-REV-DOM,CC-MYS-01,GLX-209665,Ambar Cold Rooms Pvt Ltd,Spare kit despatch,,83847.00,INR
07-Mar-2026,DOC/2026/209811,SALES,4120-REV-DOM,CC-BLR-02,GLX-209811,Kaveri Rubber Works Pvt Ltd,Bulk despatch schedule B,,74971.94,INR
08-Mar-2026,DOC/2026/204759,SALES,4140-REV-DOM,CC-BLR-01,GLX-204759,Kaveri Rubber Works Pvt Ltd,Contract manufacturing charges,,83445.78,INR
08-Mar-2026,DOC/2026/205252,SALES,4130-REV-DOM,CC-PNQ-01,GLX-205252,Bhoomi Tiles and Sanitary LLP,Tooling amortisation billing,,15284.00,INR
08-Mar-2026,DOC/2026/205338,SALES,4150-REV-DOM,CC-BLR-01,GLX-205338,Prithvi Seeds and Feeds Pvt Ltd,Consignment despatch,,10000.00,INR
08-Mar-2026,DOC/2026/205357,SALES,4130-REV-DOM,CC-BLR-01,GLX-205357,Jashan Sports Goods Pvt Ltd,Bulk despatch schedule B,,73220.25,INR
08-Mar-2026,DOC/2026/205449,SALES,4120-REV-DOM,CC-HYD-01,GLX-205449,Utsav Bakers LLP,Scrap sale realisation,,70153.00,INR
08-Mar-2026,DOC/2026/205594,SALES,4140-REV-DOM,CC-BLR-01,GLX-205594,Naaz Fabrics Private Limited,Packaging material supply,,75345.00,INR
08-Mar-2026,DOC/2026/205678,SALES,4120-REV-DOM,CC-HYD-01,GLX-205678,Bhavani Steel Trading Pvt Ltd,Tooling amortisation billing,,25813.62,INR
08-Mar-2026,DOC/2026/205809,SALES,4120-REV-DOM,CC-BLR-02,GLX-205809,Yamini Home Needs Pvt Ltd,Secondary transport recovery,,35911.57,INR
08-Mar-2026,DOC/2026/206609,SALES,4140-REV-DOM,CC-HYD-01,GLX-206609,Vaayu Organics Private Limited,Testing and calibration charges,,25113.00,INR
08-Mar-2026,DOC/2026/206626,SALES,4130-REV-DOM,CC-PNQ-01,GLX-206626,Girnar Pipes and Fittings Pvt Ltd,Export documentation recovery,,27284.30,INR
08-Mar-2026,DOC/2026/207025,SALES,4120-REV-DOM,CC-HYD-01,GLX-207025,Madhuban Nurseries Pvt Ltd,Sample despatch billing,,11593.96,INR
08-Mar-2026,DOC/2026/207086,SALES,4140-REV-DOM,CC-HYD-01,GLX-207086,Suvarna Weaves LLP,Labelling job billing,,95463.05,INR
08-Mar-2026,DOC/2026/207546,SALES,4150-REV-DOM,CC-BLR-01,GLX-207546,Kesari Handlooms Pvt Ltd,Annual maintenance billing,,48850.00,INR
08-Mar-2026,DOC/2026/207792,SALES,4120-REV-DOM,CC-PNQ-01,GLX-207792,Palashwood Interiors Pvt Ltd,Bulk despatch schedule B,,93139.66,INR
08-Mar-2026,DOC/2026/207840,SALES,4130-REV-DOM,CC-MYS-01,GLX-207840,Ojas Lighting Private Limited,Palletisation charges,,42332.00,INR
08-Mar-2026,DOC/2026/207933,SALES,4120-REV-DOM,CC-HYD-01,GLX-207933,Devgiri Paints LLP,Freight recovery billing,,67093.00,INR
08-Mar-2026,DOC/2026/208434,SALES,4140-REV-DOM,CC-HYD-01,GLX-208434,Barkat Stationers Private Limited,Trial batch supply,,76503.00,INR
08-Mar-2026,DOC/2026/208598,SALES,4120-REV-DOM,CC-HYD-01,GLX-208598,Neelkanth Ceramics Pvt Ltd,Mould development charges,,63493.59,INR
08-Mar-2026,DOC/2026/208855,SALES,4110-REV-DOM,CC-PNQ-01,GLX-208855,Sanchit Hardware Depot Pvt Ltd,Job work conversion charges,,984.18,INR
08-Mar-2026,DOC/2026/208893,SALES,4110-REV-DOM,CC-MYS-01,GLX-208893,Meghdoot Packaging LLP,Site erection charges,,40512.97,INR
08-Mar-2026,DOC/2026/208914,SALES,4120-REV-DOM,CC-HYD-01,GLX-208914,Shubhankar Electricals LLP,Machinery hire charges,,91693.39,INR
08-Mar-2026,DOC/2026/209260,SALES,4120-REV-DOM,CC-PNQ-01,GLX-209260,Sitara Packaging Solutions Pvt Ltd,Spare kit despatch,,50959.00,INR
08-Mar-2026,DOC/2026/209413,SALES,4160-REV-DOM,CC-MYS-01,GLX-209413,Ranjeet Timber Depot Pvt Ltd,Warehouse handling recovery,,69377.00,INR
08-Mar-2026,DOC/2026/209438,SALES,4160-REV-DOM,CC-BLR-02,GLX-209438,Ekansh Glassworks Private Limited,Rework charges billed,,34631.00,INR
08-Mar-2026,DOC/2026/209526,SALES,4130-REV-DOM,CC-BLR-01,GLX-209526,Tarangini Prints LLP,Design retainer billing,,49790.00,INR
08-Mar-2026,DOC/2026/209697,SALES,4120-REV-DOM,CC-MYS-01,GLX-209697,Sohrab Auto Spares LLP,Bulk despatch schedule A,,37957.38,INR
09-Mar-2026,DOC/2026/204128,SALES,4160-REV-DOM,CC-PNQ-01,GLX-204128,Palashwood Interiors Pvt Ltd,Contract manufacturing charges,,38369.34,INR
09-Mar-2026,DOC/2026/204850,SALES,4130-REV-DOM,CC-MYS-01,GLX-204850,Kaveri Rubber Works Pvt Ltd,Bulk despatch schedule B,,18272.00,INR
09-Mar-2026,DOC/2026/205237,SALES,4140-REV-DOM,CC-BLR-01,GLX-205237,Ranjeet Timber Depot Pvt Ltd,Spare kit despatch,,60255.77,INR
09-Mar-2026,DOC/2026/205834,SALES,4120-REV-DOM,CC-PNQ-01,GLX-205834,Chirag Battery House Pvt Ltd,Mould development charges,,2809.76,INR
09-Mar-2026,DOC/2026/205894,SALES,4140-REV-DOM,CC-BLR-02,GLX-205894,Chandravat Metals Private Limited,Consignment despatch,,63861.00,INR
09-Mar-2026,DOC/2026/206074,SALES,4160-REV-DOM,CC-MYS-01,GLX-206074,Barkat Stationers Private Limited,Tooling amortisation billing,,25277.00,INR
09-Mar-2026,DOC/2026/206187,SALES,4160-REV-DOM,CC-BLR-01,GLX-206187,Prithvi Seeds and Feeds Pvt Ltd,Bulk despatch schedule A,,50165.84,INR
09-Mar-2026,DOC/2026/206315,SALES,4120-REV-DOM,CC-PNQ-01,GLX-206315,Nirvaan Agro Mills Pvt Ltd,Palletisation charges,,81049.33,INR
09-Mar-2026,DOC/2026/206333,SALES,4150-REV-DOM,CC-BLR-02,GLX-206333,Kalanjali Crafts Pvt Ltd,Site erection charges,,21466.00,INR
09-Mar-2026,DOC/2026/206358,SALES,4130-REV-DOM,CC-BLR-01,GLX-206358,Utsav Bakers LLP,Testing and calibration charges,,22040.01,INR
09-Mar-2026,DOC/2026/206394,SALES,4130-REV-DOM,CC-PNQ-01,GLX-206394,Ekansh Glassworks Private Limited,Labelling job billing,,64934.83,INR
09-Mar-2026,DOC/2026/206671,SALES,4150-REV-DOM,CC-BLR-02,GLX-206671,Kesari Handlooms Pvt Ltd,Freight recovery billing,,28696.71,INR
09-Mar-2026,DOC/2026/207038,SALES,4110-REV-DOM,CC-MYS-01,GLX-207038,Tarangini Prints LLP,Packaging material supply,,30222.72,INR
09-Mar-2026,DOC/2026/207365,SALES,4120-REV-DOM,CC-BLR-01,GLX-207365,Ojas Lighting Private Limited,Sample despatch billing,,17545.00,INR
09-Mar-2026,DOC/2026/207531,SALES,4120-REV-DOM,CC-MYS-01,GLX-207531,Bhoomi Tiles and Sanitary LLP,Trial batch supply,,70267.91,INR
09-Mar-2026,DOC/2026/207929,SALES,4150-REV-DOM,CC-BLR-02,GLX-207929,Naaz Fabrics Private Limited,Design retainer billing,,3616.00,INR
09-Mar-2026,DOC/2026/207961,SALES,4110-REV-DOM,CC-PNQ-01,GLX-207961,Anokhi Kitchenware Pvt Ltd,Secondary transport recovery,,32274.00,INR
09-Mar-2026,DOC/2026/208057,SALES,4110-REV-DOM,CC-BLR-02,GLX-208057,Ambar Cold Rooms Pvt Ltd,Warehouse handling recovery,,17226.97,INR
09-Mar-2026,DOC/2026/208278,SALES,4120-REV-DOM,CC-PNQ-01,GLX-208278,Meghdoot Packaging LLP,Job work conversion charges,,28549.74,INR
09-Mar-2026,DOC/2026/208397,SALES,4130-REV-DOM,CC-PNQ-01,GLX-208397,Vindhya Plastics Private Limited,Annual maintenance billing,,74804.00,INR
09-Mar-2026,DOC/2026/208668,SALES,4110-REV-DOM,CC-BLR-01,GLX-208668,Neelkanth Ceramics Pvt Ltd,Machinery hire charges,,33060.00,INR
09-Mar-2026,DOC/2026/209321,SALES,4110-REV-DOM,CC-HYD-01,GLX-209321,Yamini Home Needs Pvt Ltd,Export documentation recovery,,75078.00,INR
09-Mar-2026,DOC/2026/209412,SALES,4140-REV-DOM,CC-BLR-02,GLX-209412,Tanmay Toolroom Private Limited,Design retainer billing,,28731.00,INR
09-Mar-2026,DOC/2026/209605,SALES,4130-REV-DOM,CC-MYS-01,GLX-209605,Marudhar Furnishings LLP,Rework charges billed,,19052.93,INR
09-Mar-2026,DOC/2026/209778,SALES,4130-REV-DOM,CC-BLR-01,GLX-209778,Rukmini Provisions Private Limited,Scrap sale realisation,,69590.00,INR
10-Mar-2026,DOC/2026/204266,SALES,4140-REV-DOM,CC-HYD-01,GLX-204266,Bhoomi Tiles and Sanitary LLP,Tooling amortisation billing,,56493.00,INR
10-Mar-2026,DOC/2026/205023,SALES,4110-REV-DOM,CC-PNQ-01,GLX-205023,Rukmini Provisions Private Limited,Testing and calibration charges,,95124.90,INR
10-Mar-2026,DOC/2026/205497,SALES,4110-REV-DOM,CC-MYS-01,GLX-205497,Jashan Sports Goods Pvt Ltd,Contract manufacturing charges,,84312.81,INR
10-Mar-2026,DOC/2026/205874,SALES,4120-REV-DOM,CC-PNQ-01,GLX-205874,Bhavani Steel Trading Pvt Ltd,Trial batch supply,,67579.71,INR
10-Mar-2026,DOC/2026/205901,SALES,4120-REV-DOM,CC-HYD-01,GLX-205901,Nirvaan Agro Mills Pvt Ltd,Sample despatch billing,,61513.57,INR
10-Mar-2026,DOC/2026/206588,SALES,4140-REV-DOM,CC-MYS-01,GLX-206588,Vaayu Organics Private Limited,Scrap sale realisation,,93957.44,INR
10-Mar-2026,DOC/2026/206896,SALES,4150-REV-DOM,CC-PNQ-01,GLX-206896,Madhuban Nurseries Pvt Ltd,Palletisation charges,,72814.00,INR
10-Mar-2026,DOC/2026/206983,SALES,4130-REV-DOM,CC-BLR-02,GLX-206983,Tanmay Toolroom Private Limited,Packaging material supply,,51626.00,INR
10-Mar-2026,DOC/2026/207023,SALES,4120-REV-DOM,CC-MYS-01,GLX-207023,Sitara Packaging Solutions Pvt Ltd,Warehouse handling recovery,,88447.00,INR
10-Mar-2026,DOC/2026/207171,SALES,4150-REV-DOM,CC-MYS-01,GLX-207171,Girnar Pipes and Fittings Pvt Ltd,Secondary transport recovery,,71062.00,INR
10-Mar-2026,DOC/2026/207251,SALES,4110-REV-DOM,CC-HYD-01,GLX-207251,Sanchit Hardware Depot Pvt Ltd,Site erection charges,,52158.00,INR
10-Mar-2026,DOC/2026/207304,SALES,4110-REV-DOM,CC-HYD-01,GLX-207304,Palashwood Interiors Pvt Ltd,Bulk despatch schedule B,,22998.00,INR
10-Mar-2026,DOC/2026/207376,SALES,4160-REV-DOM,CC-BLR-02,GLX-207376,Chirag Battery House Pvt Ltd,Machinery hire charges,,43691.69,INR
10-Mar-2026,DOC/2026/207906,SALES,4140-REV-DOM,CC-PNQ-01,GLX-207906,Suvarna Weaves LLP,Rework charges billed,,11919.00,INR
10-Mar-2026,DOC/2026/208007,SALES,4160-REV-DOM,CC-MYS-01,GLX-208007,Tarangini Prints LLP,Design retainer billing,,31427.00,INR
10-Mar-2026,DOC/2026/208259,SALES,4140-REV-DOM,CC-MYS-01,GLX-208259,Sohrab Auto Spares LLP,Consignment despatch,,41937.00,INR
10-Mar-2026,DOC/2026/208659,SALES,4140-REV-DOM,CC-MYS-01,GLX-208659,Utsav Bakers LLP,Scrap sale realisation,,21297.00,INR
10-Mar-2026,DOC/2026/208664,SALES,4110-REV-DOM,CC-HYD-01,GLX-208664,Suvarna Weaves LLP,Labelling job billing,,40278.56,INR
10-Mar-2026,DOC/2026/208866,SALES,4140-REV-DOM,CC-BLR-02,GLX-208866,Kalanjali Crafts Pvt Ltd,Job work conversion charges,,62301.85,INR
10-Mar-2026,DOC/2026/208980,SALES,4140-REV-DOM,CC-BLR-02,GLX-208980,Shubhankar Electricals LLP,Mould development charges,,62301.00,INR
10-Mar-2026,DOC/2026/209343,SALES,4160-REV-DOM,CC-HYD-01,GLX-209343,Anokhi Kitchenware Pvt Ltd,Export documentation recovery,,72143.00,INR
10-Mar-2026,DOC/2026/209425,SALES,4150-REV-DOM,CC-MYS-01,GLX-209425,Chandravat Metals Private Limited,Bulk despatch schedule A,,41782.08,INR
10-Mar-2026,DOC/2026/209462,SALES,4140-REV-DOM,CC-BLR-01,GLX-209462,Devgiri Paints LLP,Annual maintenance billing,,39915.69,INR
10-Mar-2026,DOC/2026/209961,SALES,4140-REV-DOM,CC-BLR-02,GLX-209961,Vindhya Plastics Private Limited,Freight recovery billing,,4191.00,INR
10-Mar-2026,DOC/2026/209962,SALES,4160-REV-DOM,CC-HYD-01,GLX-209962,Ambar Cold Rooms Pvt Ltd,Spare kit despatch,,93593.00,INR
10-Mar-2026,DOC/2026/209969,SALES,4150-REV-DOM,CC-PNQ-01,GLX-209969,Marudhar Furnishings LLP,Labelling job billing,,82564.82,INR
11-Mar-2026,DOC/2026/204186,SALES,4130-REV-DOM,CC-MYS-01,GLX-204186,Shubhankar Electricals LLP,Machinery hire charges,,91322.00,INR
11-Mar-2026,DOC/2026/204645,SALES,4130-REV-DOM,CC-BLR-01,GLX-204645,Kesari Handlooms Pvt Ltd,Annual maintenance billing,,50030.32,INR
11-Mar-2026,DOC/2026/204702,SALES,4110-REV-DOM,CC-HYD-01,GLX-204702,Barkat Stationers Private Limited,Trial batch supply,,43308.00,INR
11-Mar-2026,DOC/2026/204929,SALES,4120-REV-DOM,CC-HYD-01,GLX-204929,Neelkanth Ceramics Pvt Ltd,Mould development charges,,89083.00,INR
11-Mar-2026,DOC/2026/204956,SALES,4130-REV-DOM,CC-PNQ-01,GLX-204956,Sohrab Auto Spares LLP,Bulk despatch schedule A,,83924.91,INR
11-Mar-2026,DOC/2026/205100,SALES,4130-REV-DOM,CC-PNQ-01,GLX-205100,Vaayu Organics Private Limited,Testing and calibration charges,,17204.28,INR
11-Mar-2026,DOC/2026/205103,SALES,4150-REV-DOM,CC-PNQ-01,GLX-205103,Tanmay Toolroom Private Limited,Design retainer billing,,82384.00,INR
11-Mar-2026,DOC/2026/205110,SALES,4160-REV-DOM,CC-HYD-01,GLX-205110,Jashan Sports Goods Pvt Ltd,Bulk despatch schedule B,,43793.00,INR
11-Mar-2026,DOC/2026/205531,SALES,4110-REV-DOM,CC-MYS-01,GLX-205531,Madhuban Nurseries Pvt Ltd,Sample despatch billing,,31782.54,INR
11-Mar-2026,DOC/2026/205533,SALES,4110-REV-DOM,CC-HYD-01,GLX-205533,Nirvaan Agro Mills Pvt Ltd,Palletisation charges,,23688.87,INR
11-Mar-2026,DOC/2026/206183,SALES,4130-REV-DOM,CC-PNQ-01,GLX-206183,Girnar Pipes and Fittings Pvt Ltd,Export documentation recovery,,8414.00,INR
11-Mar-2026,DOC/2026/206426,SALES,4110-REV-DOM,CC-HYD-01,GLX-206426,Anokhi Kitchenware Pvt Ltd,Secondary transport recovery,,75318.00,INR
11-Mar-2026,DOC/2026/206492,SALES,4120-REV-DOM,CC-BLR-01,GLX-206492,Kaveri Rubber Works Pvt Ltd,Contract manufacturing charges,,48745.52,INR
11-Mar-2026,DOC/2026/206583,SALES,4110-REV-DOM,CC-PNQ-01,GLX-206583,Bhavani Steel Trading Pvt Ltd,Tooling amortisation billing,,73614.73,INR
11-Mar-2026,DOC/2026/206786,SALES,4120-REV-DOM,CC-PNQ-01,GLX-206786,Rukmini Provisions Private Limited,Scrap sale realisation,,42199.77,INR
11-Mar-2026,DOC/2026/207342,SALES,4150-REV-DOM,CC-HYD-01,GLX-207342,Devgiri Paints LLP,Freight recovery billing,,81868.00,INR
11-Mar-2026,DOC/2026/207563,SALES,4150-REV-DOM,CC-BLR-02,GLX-207563,Meghdoot Packaging LLP,Site erection charges,,42556.20,INR
11-Mar-2026,DOC/2026/207592,SALES,4140-REV-DOM,CC-PNQ-01,GLX-207592,Sitara Packaging Solutions Pvt Ltd,Spare kit despatch,,14439.00,INR
11-Mar-2026,DOC/2026/207679,SALES,4140-REV-DOM,CC-BLR-01,GLX-207679,Yamini Home Needs Pvt Ltd,Secondary transport recovery,,83475.31,INR
11-Mar-2026,DOC/2026/207844,SALES,4160-REV-DOM,CC-MYS-01,GLX-207844,Ekansh Glassworks Private Limited,Rework charges billed,,42707.88,INR
11-Mar-2026,DOC/2026/208298,SALES,4150-REV-DOM,CC-PNQ-01,GLX-208298,Suvarna Weaves LLP,Labelling job billing,,62824.00,INR
11-Mar-2026,DOC/2026/208393,SALES,4140-REV-DOM,CC-BLR-02,GLX-208393,Prithvi Seeds and Feeds Pvt Ltd,Consignment despatch,,63801.00,INR
11-Mar-2026,DOC/2026/208791,SALES,4120-REV-DOM,CC-HYD-01,GLX-208791,Ranjeet Timber Depot Pvt Ltd,Warehouse handling recovery,,13513.00,INR
11-Mar-2026,DOC/2026/209077,SALES,4120-REV-DOM,CC-HYD-01,GLX-209077,Sanchit Hardware Depot Pvt Ltd,Job work conversion charges,,89803.00,INR
11-Mar-2026,DOC/2026/209138,SALES,4130-REV-DOM,CC-PNQ-01,GLX-209138,Naaz Fabrics Private Limited,Packaging material supply,,86744.00,INR
12-Mar-2026,DOC/2026/204379,SALES,4160-REV-DOM,CC-BLR-01,GLX-204379,Girnar Pipes and Fittings Pvt Ltd,Secondary transport recovery,,62015.05,INR
12-Mar-2026,DOC/2026/204572,SALES,4110-REV-DOM,CC-HYD-01,GLX-204572,Neelkanth Ceramics Pvt Ltd,Machinery hire charges,,84648.37,INR
12-Mar-2026,DOC/2026/205335,SALES,4120-REV-DOM,CC-MYS-01,GLX-205335,Shubhankar Electricals LLP,Mould development charges,,54847.49,INR
12-Mar-2026,DOC/2026/205552,SALES,4130-REV-DOM,CC-BLR-02,GLX-205552,Kesari Handlooms Pvt Ltd,Freight recovery billing,,58196.26,INR
12-Mar-2026,DOC/2026/205632,SALES,4140-REV-DOM,CC-PNQ-01,GLX-205632,Barkat Stationers Private Limited,Tooling amortisation billing,,64989.00,INR
12-Mar-2026,DOC/2026/206205,SALES,4130-REV-DOM,CC-HYD-01,GLX-206205,Yamini Home Needs Pvt Ltd,Export documentation recovery,,69578.19,INR
12-Mar-2026,DOC/2026/206263,SALES,4130-REV-DOM,CC-MYS-01,GLX-206263,Vaayu Organics Private Limited,Scrap sale realisation,,66602.52,INR
12-Mar-2026,DOC/2026/206268,SALES,4150-REV-DOM,CC-BLR-02,GLX-206268,Vindhya Plastics Private Limited,Annual maintenance billing,,34816.66,INR
12-Mar-2026,DOC/2026/206452,SALES,4130-REV-DOM,CC-HYD-01,GLX-206452,Naaz Fabrics Private Limited,Design retainer billing,,66008.59,INR
12-Mar-2026,DOC/2026/206658,SALES,4110-REV-DOM,CC-HYD-01,GLX-206658,Ojas Lighting Private Limited,Sample despatch billing,,27768.37,INR
12-Mar-2026,DOC/2026/207556,SALES,4110-REV-DOM,CC-BLR-02,GLX-207556,Tarangini Prints LLP,Packaging material supply,,49626.00,INR
12-Mar-2026,DOC/2026/207897,SALES,4150-REV-DOM,CC-BLR-02,GLX-207897,Devgiri Paints LLP,Annual maintenance billing,,87466.61,INR
12-Mar-2026,DOC/2026/207912,SALES,4150-REV-DOM,CC-MYS-01,GLX-207912,Kaveri Rubber Works Pvt Ltd,Bulk despatch schedule B,,73552.00,INR
12-Mar-2026,DOC/2026/207967,SALES,4140-REV-DOM,CC-BLR-01,GLX-207967,Ambar Cold Rooms Pvt Ltd,Warehouse handling recovery,,19245.00,INR
12-Mar-2026,DOC/2026/208146,SALES,4160-REV-DOM,CC-BLR-02,GLX-208146,Palashwood Interiors Pvt Ltd,Contract manufacturing charges,,64811.00,INR
12-Mar-2026,DOC/2026/208151,SALES,4150-REV-DOM,CC-BLR-02,GLX-208151,Bhoomi Tiles and Sanitary LLP,Trial batch supply,,23476.36,INR
12-Mar-2026,DOC/2026/208331,SALES,4120-REV-DOM,CC-BLR-02,GLX-208331,Madhuban Nurseries Pvt Ltd,Palletisation charges,,74701.15,INR
12-Mar-2026,DOC/2026/208446,SALES,4110-REV-DOM,CC-MYS-01,GLX-208446,Utsav Bakers LLP,Testing and calibration charges,,48042.00,INR
12-Mar-2026,DOC/2026/208817,SALES,4110-REV-DOM,CC-BLR-02,GLX-208817,Prithvi Seeds and Feeds Pvt Ltd,Bulk despatch schedule A,,9516.00,INR
12-Mar-2026,DOC/2026/208844,SALES,4140-REV-DOM,CC-PNQ-01,GLX-208844,Marudhar Furnishings LLP,Rework charges billed,,44229.00,INR
12-Mar-2026,DOC/2026/209250,SALES,4120-REV-DOM,CC-HYD-01,GLX-209250,Kalanjali Crafts Pvt Ltd,Site erection charges,,70963.00,INR
12-Mar-2026,DOC/2026/209262,SALES,4120-REV-DOM,CC-BLR-02,GLX-209262,Meghdoot Packaging LLP,Job work conversion charges,,20731.00,INR
12-Mar-2026,DOC/2026/209481,SALES,4140-REV-DOM,CC-BLR-01,GLX-209481,Chirag Battery House Pvt Ltd,Mould development charges,,20235.88,INR
12-Mar-2026,DOC/2026/209716,SALES,4150-REV-DOM,CC-BLR-01,GLX-209716,Chandravat Metals Private Limited,Consignment despatch,,16390.42,INR
12-Mar-2026,DOC/2026/209920,SALES,4160-REV-DOM,CC-PNQ-01,GLX-209920,Ranjeet Timber Depot Pvt Ltd,Spare kit despatch,,60059.00,INR
12-Mar-2026,DOC/2026/209994,SALES,4110-REV-DOM,CC-MYS-01,GLX-209994,Ekansh Glassworks Private Limited,Labelling job billing,,71322.00,INR
13-Mar-2026,DOC/2026/204508,SALES,4130-REV-DOM,CC-BLR-01,GLX-204508,Bhoomi Tiles and Sanitary LLP,Tooling amortisation billing,,94700.50,INR
13-Mar-2026,DOC/2026/204623,SALES,4130-REV-DOM,CC-HYD-01,GLX-204623,Kesari Handlooms Pvt Ltd,Annual maintenance billing,,32588.94,INR
13-Mar-2026,DOC/2026/205029,SALES,4130-REV-DOM,CC-MYS-01,GLX-205029,Anokhi Kitchenware Pvt Ltd,Export documentation recovery,,15512.31,INR
13-Mar-2026,DOC/2026/205039,SALES,4150-REV-DOM,CC-BLR-01,GLX-205039,Suvarna Weaves LLP,Rework charges billed,,72970.00,INR
13-Mar-2026,DOC/2026/205081,SALES,4120-REV-DOM,CC-MYS-01,GLX-205081,Bhavani Steel Trading Pvt Ltd,Trial batch supply,,56467.92,INR
13-Mar-2026,DOC/2026/205135,SALES,4120-REV-DOM,CC-BLR-02,GLX-205135,Tanmay Toolroom Private Limited,Packaging material supply,,90631.00,INR
13-Mar-2026,DOC/2026/205324,SALES,4150-REV-DOM,CC-BLR-02,GLX-205324,Kalanjali Crafts Pvt Ltd,Job work conversion charges,,75166.00,INR
13-Mar-2026,DOC/2026/205616,SALES,4150-REV-DOM,CC-HYD-01,GLX-205616,Rukmini Provisions Private Limited,Testing and calibration charges,,40618.68,INR
13-Mar-2026,DOC/2026/205695,SALES,4110-REV-DOM,CC-HYD-01,GLX-205695,Neelkanth Ceramics Pvt Ltd,Mould development charges,,66888.00,INR
13-Mar-2026,DOC/2026/205998,SALES,4140-REV-DOM,CC-PNQ-01,GLX-205998,Nirvaan Agro Mills Pvt Ltd,Sample despatch billing,,47559.00,INR
13-Mar-2026,DOC/2026/206081,SALES,4160-REV-DOM,CC-PNQ-01,GLX-206081,Ambar Cold Rooms Pvt Ltd,Spare kit despatch,,6209.00,INR
13-Mar-2026,DOC/2026/206122,SALES,4120-REV-DOM,CC-BLR-01,GLX-206122,Jashan Sports Goods Pvt Ltd,Contract manufacturing charges,,74215.24,INR
13-Mar-2026,DOC/2026/206556,SALES,4140-REV-DOM,CC-PNQ-01,GLX-206556,Sanchit Hardware Depot Pvt Ltd,Site erection charges,,18699.26,INR
13-Mar-2026,DOC/2026/206988,SALES,4160-REV-DOM,CC-PNQ-01,GLX-206988,Tarangini Prints LLP,Design retainer billing,,39449.09,INR
13-Mar-2026,DOC/2026/207278,SALES,4140-REV-DOM,CC-HYD-01,GLX-207278,Sitara Packaging Solutions Pvt Ltd,Warehouse handling recovery,,71553.93,INR
13-Mar-2026,DOC/2026/207422,SALES,4150-REV-DOM,CC-PNQ-01,GLX-207422,Marudhar Furnishings LLP,Labelling job billing,,46804.00,INR
13-Mar-2026,DOC/2026/207474,SALES,4120-REV-DOM,CC-MYS-01,GLX-207474,Utsav Bakers LLP,Scrap sale realisation,,51517.04,INR
13-Mar-2026,DOC/2026/207489,SALES,4160-REV-DOM,CC-PNQ-01,GLX-207489,Vindhya Plastics Private Limited,Freight recovery billing,,13949.93,INR
13-Mar-2026,DOC/2026/207733,SALES,4120-REV-DOM,CC-BLR-02,GLX-207733,Prithvi Seeds and Feeds Pvt Ltd,Consignment despatch,,58201.00,INR
13-Mar-2026,DOC/2026/208197,SALES,4150-REV-DOM,CC-BLR-01,GLX-208197,Yamini Home Needs Pvt Ltd,Secondary transport recovery,,1840.00,INR
13-Mar-2026,DOC/2026/208399,SALES,4150-REV-DOM,CC-PNQ-01,GLX-208399,Chandravat Metals Private Limited,Bulk despatch schedule A,,35704.85,INR
13-Mar-2026,DOC/2026/208629,SALES,4110-REV-DOM,CC-BLR-01,GLX-208629,Palashwood Interiors Pvt Ltd,Bulk despatch schedule B,,69390.87,INR
13-Mar-2026,DOC/2026/208821,SALES,4150-REV-DOM,CC-MYS-01,GLX-208821,Ojas Lighting Private Limited,Palletisation charges,,17722.00,INR
13-Mar-2026,DOC/2026/209472,SALES,4110-REV-DOM,CC-BLR-01,GLX-209472,Chirag Battery House Pvt Ltd,Machinery hire charges,,30150.00,INR
13-Mar-2026,DOC/2026/209820,SALES,4110-REV-DOM,CC-BLR-02,GLX-209820,Sohrab Auto Spares LLP,Consignment despatch,,35016.00,INR
14-Mar-2026,DOC/2026/204279,SALES,4120-REV-DOM,CC-BLR-01,GLX-204279,Vindhya Plastics Private Limited,Annual maintenance billing,,70225.78,INR
14-Mar-2026,DOC/2026/204306,SALES,4120-REV-DOM,CC-HYD-01,GLX-204306,Meghdoot Packaging LLP,Site erection charges,,80983.00,INR
14-Mar-2026,DOC/2026/204798,SALES,4160-REV-DOM,CC-PNQ-01,GLX-204798,Ranjeet Timber Depot Pvt Ltd,Warehouse handling recovery,,57419.00,INR
14-Mar-2026,DOC/2026/204835,SALES,4150-REV-DOM,CC-MYS-01,GLX-204835,Barkat Stationers Private Limited,Trial batch supply,,21472.94,INR
14-Mar-2026,DOC/2026/204936,SALES,4120-REV-DOM,CC-BLR-01,GLX-204936,Vaayu Organics Private Limited,Testing and calibration charges,,2095.63,INR
14-Mar-2026,DOC/2026/205493,SALES,4160-REV-DOM,CC-BLR-01,GLX-205493,Chirag Battery House Pvt Ltd,Mould development charges,,61595.00,INR
14-Mar-2026,DOC/2026/205598,SALES,4130-REV-DOM,CC-MYS-01,GLX-205598,Devgiri Paints LLP,Freight recovery billing,,33752.00,INR
14-Mar-2026,DOC/2026/205926,SALES,4120-REV-DOM,CC-PNQ-01,GLX-205926,Ambar Cold Rooms Pvt Ltd,Warehouse handling recovery,,55279.35,INR
14-Mar-2026,DOC/2026/206137,SALES,4110-REV-DOM,CC-BLR-01,GLX-206137,Sitara Packaging Solutions Pvt Ltd,Spare kit despatch,,94560.00,INR
14-Mar-2026,DOC/2026/206216,SALES,4150-REV-DOM,CC-HYD-01,GLX-206216,Bhavani Steel Trading Pvt Ltd,Tooling amortisation billing,,15478.00,INR
14-Mar-2026,DOC/2026/206249,SALES,4110-REV-DOM,CC-MYS-01,GLX-206249,Nirvaan Agro Mills Pvt Ltd,Palletisation charges,,40062.03,INR
14-Mar-2026,DOC/2026/206463,SALES,4130-REV-DOM,CC-MYS-01,GLX-206463,Rukmini Provisions Private Limited,Scrap sale realisation,,25172.00,INR
14-Mar-2026,DOC/2026/206521,SALES,4150-REV-DOM,CC-PNQ-01,GLX-206521,Shubhankar Electricals LLP,Machinery hire charges,,70024.55,INR
14-Mar-2026,DOC/2026/206632,SALES,4120-REV-DOM,CC-PNQ-01,GLX-206632,Marudhar Furnishings LLP,Rework charges billed,,33019.56,INR
14-Mar-2026,DOC/2026/206890,SALES,4110-REV-DOM,CC-HYD-01,GLX-206890,Tanmay Toolroom Private Limited,Design retainer billing,,17088.92,INR
14-Mar-2026,DOC/2026/207535,SALES,4110-REV-DOM,CC-PNQ-01,GLX-207535,Sohrab Auto Spares LLP,Bulk despatch schedule A,,17184.19,INR
14-Mar-2026,DOC/2026/207567,SALES,4110-REV-DOM,CC-MYS-01,GLX-207567,Anokhi Kitchenware Pvt Ltd,Secondary transport recovery,,12402.00,INR
14-Mar-2026,DOC/2026/207918,SALES,4140-REV-DOM,CC-HYD-01,GLX-207918,Sanchit Hardware Depot Pvt Ltd,Job work conversion charges,,7953.00,INR
14-Mar-2026,DOC/2026/208244,SALES,4110-REV-DOM,CC-BLR-02,GLX-208244,Girnar Pipes and Fittings Pvt Ltd,Export documentation recovery,,47256.00,INR
14-Mar-2026,DOC/2026/208459,SALES,4110-REV-DOM,CC-PNQ-01,GLX-208459,Ekansh Glassworks Private Limited,Rework charges billed,,36624.42,INR
14-Mar-2026,DOC/2026/208765,SALES,4130-REV-DOM,CC-HYD-01,GLX-208765,Madhuban Nurseries Pvt Ltd,Sample despatch billing,,21368.00,INR
14-Mar-2026,DOC/2026/208875,SALES,4110-REV-DOM,CC-PNQ-01,GLX-208875,Chandravat Metals Private Limited,Consignment despatch,,84264.00,INR
14-Mar-2026,DOC/2026/209252,SALES,4110-REV-DOM,CC-MYS-01,GLX-209252,Naaz Fabrics Private Limited,Packaging material supply,,28692.00,INR
14-Mar-2026,DOC/2026/209741,SALES,4130-REV-DOM,CC-BLR-01,GLX-209741,Jashan Sports Goods Pvt Ltd,Bulk despatch schedule B,,75230.00,INR
14-Mar-2026,DOC/2026/209756,SALES,4150-REV-DOM,CC-BLR-02,GLX-209756,Kaveri Rubber Works Pvt Ltd,Contract manufacturing charges,,86476.00,INR
15-Mar-2026,DOC/2026/204134,SALES,4130-REV-DOM,CC-MYS-01,GLX-204134,Sitara Packaging Solutions Pvt Ltd,Warehouse handling recovery,,67652.32,INR
15-Mar-2026,DOC/2026/204326,SALES,4140-REV-DOM,CC-BLR-01,GLX-204326,Vaayu Organics Private Limited,Scrap sale realisation,,37575.00,INR
15-Mar-2026,DOC/2026/205108,SALES,4140-REV-DOM,CC-HYD-01,GLX-205108,Ekansh Glassworks Private Limited,Labelling job billing,,1413.00,INR
15-Mar-2026,DOC/2026/205444,SALES,4130-REV-DOM,CC-MYS-01,GLX-205444,Kalanjali Crafts Pvt Ltd,Site erection charges,,32522.00,INR
15-Mar-2026,DOC/2026/205995,SALES,4130-REV-DOM,CC-MYS-01,GLX-205995,Neelkanth Ceramics Pvt Ltd,Machinery hire charges,,64982.00,INR
15-Mar-2026,DOC/2026/206087,SALES,4110-REV-DOM,CC-BLR-01,GLX-206087,Bhavani Steel Trading Pvt Ltd,Trial batch supply,,70800.00,INR
15-Mar-2026,DOC/2026/206279,SALES,4120-REV-DOM,CC-BLR-01,GLX-206279,Sanchit Hardware Depot Pvt Ltd,Site erection charges,,20635.00,INR
15-Mar-2026,DOC/2026/206483,SALES,4130-REV-DOM,CC-BLR-01,GLX-206483,Yamini Home Needs Pvt Ltd,Export documentation recovery,,80150.00,INR
15-Mar-2026,DOC/2026/206628,SALES,4110-REV-DOM,CC-MYS-01,GLX-206628,Ranjeet Timber Depot Pvt Ltd,Spare kit despatch,,32592.86,INR
15-Mar-2026,DOC/2026/206931,SALES,4110-REV-DOM,CC-BLR-02,GLX-206931,Utsav Bakers LLP,Testing and calibration charges,,87096.53,INR
15-Mar-2026,DOC/2026/206951,SALES,4130-REV-DOM,CC-MYS-01,GLX-206951,Suvarna Weaves LLP,Rework charges billed,,43982.00,INR
15-Mar-2026,DOC/2026/207061,SALES,4110-REV-DOM,CC-PNQ-01,GLX-207061,Sohrab Auto Spares LLP,Consignment despatch,,80334.00,INR
15-Mar-2026,DOC/2026/207085,SALES,4150-REV-DOM,CC-BLR-01,GLX-207085,Girnar Pipes and Fittings Pvt Ltd,Secondary transport recovery,,44650.19,INR
15-Mar-2026,DOC/2026/207576,SALES,4130-REV-DOM,CC-MYS-01,GLX-207576,Tarangini Prints LLP,Packaging material supply,,45482.00,INR
15-Mar-2026,DOC/2026/207594,SALES,4140-REV-DOM,CC-BLR-02,GLX-207594,Madhuban Nurseries Pvt Ltd,Palletisation charges,,23151.00,INR
15-Mar-2026,DOC/2026/207697,SALES,4150-REV-DOM,CC-PNQ-01,GLX-207697,Palashwood Interiors Pvt Ltd,Contract manufacturing charges,,42874.00,INR
15-Mar-2026,DOC/2026/207919,SALES,4110-REV-DOM,CC-PNQ-01,GLX-207919,Devgiri Paints LLP,Annual maintenance billing,,5184.00,INR
15-Mar-2026,DOC/2026/207972,SALES,4120-REV-DOM,CC-PNQ-01,GLX-207972,Bhoomi Tiles and Sanitary LLP,Trial batch supply,,64699.38,INR
15-Mar-2026,DOC/2026/208043,SALES,4130-REV-DOM,CC-BLR-02,GLX-208043,Kesari Handlooms Pvt Ltd,Freight recovery billing,,68216.14,INR
15-Mar-2026,DOC/2026/208253,SALES,4140-REV-DOM,CC-BLR-02,GLX-208253,Barkat Stationers Private Limited,Tooling amortisation billing,,40401.00,INR
15-Mar-2026,DOC/2026/208429,SALES,4160-REV-DOM,CC-BLR-02,GLX-208429,Meghdoot Packaging LLP,Job work conversion charges,,32831.00,INR
15-Mar-2026,DOC/2026/209341,SALES,4120-REV-DOM,CC-PNQ-01,GLX-209341,Prithvi Seeds and Feeds Pvt Ltd,Bulk despatch schedule A,,70909.16,INR
15-Mar-2026,DOC/2026/209443,SALES,4160-REV-DOM,CC-PNQ-01,GLX-209443,Ojas Lighting Private Limited,Sample despatch billing,,57779.01,INR
15-Mar-2026,DOC/2026/209613,SALES,4160-REV-DOM,CC-BLR-02,GLX-209613,Kaveri Rubber Works Pvt Ltd,Bulk despatch schedule B,,49601.00,INR
15-Mar-2026,DOC/2026/209626,SALES,4160-REV-DOM,CC-BLR-02,GLX-209626,Shubhankar Electricals LLP,Mould development charges,,53741.00,INR
15-Mar-2026,DOC/2026/209730,SALES,4120-REV-DOM,CC-BLR-01,GLX-209730,Naaz Fabrics Private Limited,Design retainer billing,,92815.59,INR
16-Mar-2026,DOC/2026/204119,SALES,4160-REV-DOM,CC-PNQ-01,GLX-204119,Vindhya Plastics Private Limited,Freight recovery billing,,37709.45,INR
16-Mar-2026,DOC/2026/204203,SALES,4160-REV-DOM,CC-BLR-02,GLX-204203,Marudhar Furnishings LLP,Labelling job billing,,53411.00,INR
16-Mar-2026,DOC/2026/204487,SALES,4160-REV-DOM,CC-PNQ-01,GLX-204487,Rukmini Provisions Private Limited,Testing and calibration charges,,51239.00,INR
16-Mar-2026,DOC/2026/204659,SALES,4130-REV-DOM,CC-BLR-02,GLX-204659,Jashan Sports Goods Pvt Ltd,Contract manufacturing charges,,31586.00,INR
16-Mar-2026,DOC/2026/204843,SALES,4150-REV-DOM,CC-HYD-01,GLX-204843,Nirvaan Agro Mills Pvt Ltd,Sample despatch billing,,59548.30,INR
16-Mar-2026,DOC/2026/204905,SALES,4110-REV-DOM,CC-HYD-01,GLX-204905,Meghdoot Packaging LLP,Site erection charges,,18108.00,INR
16-Mar-2026,DOC/2026/205600,SALES,4110-REV-DOM,CC-MYS-01,GLX-205600,Bhoomi Tiles and Sanitary LLP,Tooling amortisation billing,,27942.03,INR
16-Mar-2026,DOC/2026/205735,SALES,4130-REV-DOM,CC-MYS-01,GLX-205735,Kesari Handlooms Pvt Ltd,Annual maintenance billing,,65012.00,INR
16-Mar-2026,DOC/2026/205935,SALES,4160-REV-DOM,CC-MYS-01,GLX-205935,Yamini Home Needs Pvt Ltd,Secondary transport recovery,,64127.47,INR
16-Mar-2026,DOC/2026/206151,SALES,4160-REV-DOM,CC-MYS-01,GLX-206151,Anokhi Kitchenware Pvt Ltd,Export documentation recovery,,35207.00,INR
16-Mar-2026,DOC/2026/206389,SALES,4150-REV-DOM,CC-MYS-01,GLX-206389,Barkat Stationers Private Limited,Trial batch supply,,84322.95,INR
16-Mar-2026,DOC/2026/206867,SALES,4120-REV-DOM,CC-BLR-01,GLX-206867,Neelkanth Ceramics Pvt Ltd,Mould development charges,,59785.00,INR
16-Mar-2026,DOC/2026/207027,SALES,4130-REV-DOM,CC-HYD-01,GLX-207027,Utsav Bakers LLP,Scrap sale realisation,,3068.00,INR
16-Mar-2026,DOC/2026/207262,SALES,4110-REV-DOM,CC-BLR-01,GLX-207262,Chandravat Metals Private Limited,Bulk despatch schedule A,,68310.04,INR
16-Mar-2026,DOC/2026/207447,SALES,4120-REV-DOM,CC-BLR-02,GLX-207447,Tarangini Prints LLP,Design retainer billing,,60841.00,INR
16-Mar-2026,DOC/2026/207628,SALES,4110-REV-DOM,CC-PNQ-01,GLX-207628,Kaveri Rubber Works Pvt Ltd,Contract manufacturing charges,,39354.80,INR
16-Mar-2026,DOC/2026/207657,SALES,4150-REV-DOM,CC-MYS-01,GLX-207657,Kalanjali Crafts Pvt Ltd,Job work conversion charges,,14362.00,INR
16-Mar-2026,DOC/2026/207802,SALES,4130-REV-DOM,CC-PNQ-01,GLX-207802,Palashwood Interiors Pvt Ltd,Bulk despatch schedule B,,77384.00,INR
16-Mar-2026,DOC/2026/207946,SALES,4130-REV-DOM,CC-BLR-02,GLX-207946,Ekansh Glassworks Private Limited,Rework charges billed,,86366.50,INR
16-Mar-2026,DOC/2026/208098,SALES,4160-REV-DOM,CC-HYD-01,GLX-208098,Tanmay Toolroom Private Limited,Packaging material supply,,95663.15,INR
16-Mar-2026,DOC/2026/208188,SALES,4130-REV-DOM,CC-BLR-01,GLX-208188,Ranjeet Timber Depot Pvt Ltd,Warehouse handling recovery,,87230.00,INR
16-Mar-2026,DOC/2026/208376,SALES,4120-REV-DOM,CC-PNQ-01,GLX-208376,Ojas Lighting Private Limited,Palletisation charges,,15589.97,INR
16-Mar-2026,DOC/2026/208889,SALES,4110-REV-DOM,CC-BLR-02,GLX-208889,Chirag Battery House Pvt Ltd,Machinery hire charges,,87666.16,INR
16-Mar-2026,DOC/2026/209742,SALES,4130-REV-DOM,CC-MYS-01,GLX-209742,Prithvi Seeds and Feeds Pvt Ltd,Consignment despatch,,32672.56,INR
16-Mar-2026,DOC/2026/209939,SALES,4140-REV-DOM,CC-HYD-01,GLX-209939,Ambar Cold Rooms Pvt Ltd,Spare kit despatch,,29523.00,INR
17-Mar-2026,DOC/2026/204039,SALES,4110-REV-DOM,CC-BLR-02,GLX-204039,Chirag Battery House Pvt Ltd,Mould development charges,,68586.00,INR
17-Mar-2026,DOC/2026/204248,SALES,4120-REV-DOM,CC-BLR-01,GLX-204248,Suvarna Weaves LLP,Labelling job billing,,70525.90,INR
17-Mar-2026,DOC/2026/204412,SALES,4120-REV-DOM,CC-BLR-02,GLX-204412,Bhoomi Tiles and Sanitary LLP,Trial batch supply,,93241.91,INR
17-Mar-2026,DOC/2026/204545,SALES,4160-REV-DOM,CC-MYS-01,GLX-204545,Girnar Pipes and Fittings Pvt Ltd,Export documentation recovery,,3737.00,INR
17-Mar-2026,DOC/2026/204679,SALES,4150-REV-DOM,CC-MYS-01,GLX-204679,Sohrab Auto Spares LLP,Bulk despatch schedule A,,12892.76,INR
17-Mar-2026,DOC/2026/205196,SALES,4150-REV-DOM,CC-BLR-01,GLX-205196,Ojas Lighting Private Limited,Sample despatch billing,,26470.00,INR
17-Mar-2026,DOC/2026/205398,SALES,4120-REV-DOM,CC-PNQ-01,GLX-205398,Chandravat Metals Private Limited,Consignment despatch,,95359.00,INR
17-Mar-2026,DOC/2026/205500,SALES,4140-REV-DOM,CC-BLR-02,GLX-205500,Shubhankar Electricals LLP,Machinery hire charges,,92901.07,INR
17-Mar-2026,DOC/2026/205890,SALES,4140-REV-DOM,CC-MYS-01,GLX-205890,Rukmini Provisions Private Limited,Scrap sale realisation,,22707.23,INR
17-Mar-2026,DOC/2026/206163,SALES,4160-REV-DOM,CC-BLR-02,GLX-206163,Devgiri Paints LLP,Freight recovery billing,,20501.13,INR
17-Mar-2026,DOC/2026/206167,SALES,4120-REV-DOM,CC-HYD-01,GLX-206167,Naaz Fabrics Private Limited,Packaging material supply,,6883.50,INR
17-Mar-2026,DOC/2026/206602,SALES,4160-REV-DOM,CC-BLR-01,GLX-206602,Vindhya Plastics Private Limited,Annual maintenance billing,,49865.00,INR
17-Mar-2026,DOC/2026/206904,SALES,4150-REV-DOM,CC-BLR-02,GLX-206904,Sitara Packaging Solutions Pvt Ltd,Spare kit despatch,,14626.00,INR
17-Mar-2026,DOC/2026/206992,SALES,4120-REV-DOM,CC-PNQ-01,GLX-206992,Sanchit Hardware Depot Pvt Ltd,Job work conversion charges,,19819.07,INR
17-Mar-2026,DOC/2026/207119,SALES,4160-REV-DOM,CC-HYD-01,GLX-207119,Marudhar Furnishings LLP,Rework charges billed,,1523.80,INR
17-Mar-2026,DOC/2026/207421,SALES,4120-REV-DOM,CC-PNQ-01,GLX-207421,Vaayu Organics Private Limited,Testing and calibration charges,,36409.82,INR
17-Mar-2026,DOC/2026/207536,SALES,4160-REV-DOM,CC-BLR-02,GLX-207536,Tanmay Toolroom Private Limited,Design retainer billing,,36101.00,INR
17-Mar-2026,DOC/2026/207960,SALES,4130-REV-DOM,CC-PNQ-01,GLX-207960,Kalanjali Crafts Pvt Ltd,Site erection charges,,76724.58,INR
17-Mar-2026,DOC/2026/208076,SALES,4120-REV-DOM,CC-HYD-01,GLX-208076,Anokhi Kitchenware Pvt Ltd,Secondary transport recovery,,15583.00,INR
17-Mar-2026,DOC/2026/208084,SALES,4140-REV-DOM,CC-MYS-01,GLX-208084,Ambar Cold Rooms Pvt Ltd,Warehouse handling recovery,,95367.93,INR
17-Mar-2026,DOC/2026/208150,SALES,4130-REV-DOM,CC-MYS-01,GLX-208150,Jashan Sports Goods Pvt Ltd,Bulk despatch schedule B,,44312.00,INR
17-Mar-2026,DOC/2026/208512,SALES,4160-REV-DOM,CC-HYD-01,GLX-208512,Madhuban Nurseries Pvt Ltd,Sample despatch billing,,84203.00,INR
17-Mar-2026,DOC/2026/209099,SALES,4120-REV-DOM,CC-BLR-01,GLX-209099,Palashwood Interiors Pvt Ltd,Contract manufacturing charges,,92065.00,INR
17-Mar-2026,DOC/2026/209430,SALES,4110-REV-DOM,CC-PNQ-01,GLX-209430,Bhavani Steel Trading Pvt Ltd,Tooling amortisation billing,,4824.93,INR
17-Mar-2026,DOC/2026/209486,SALES,4150-REV-DOM,CC-PNQ-01,GLX-209486,Tarangini Prints LLP,Packaging material supply,,56284.53,INR
17-Mar-2026,DOC/2026/209981,SALES,4150-REV-DOM,CC-HYD-01,GLX-209981,Nirvaan Agro Mills Pvt Ltd,Palletisation charges,,33148.00,INR
18-Mar-2026,DOC/2026/204226,SALES,4130-REV-DOM,CC-BLR-02,GLX-204226,Kesari Handlooms Pvt Ltd,Freight recovery billing,,88136.89,INR
18-Mar-2026,DOC/2026/204247,SALES,4120-REV-DOM,CC-BLR-02,GLX-204247,Jashan Sports Goods Pvt Ltd,Contract manufacturing charges,,39931.00,INR
18-Mar-2026,DOC/2026/204418,SALES,4150-REV-DOM,CC-MYS-01,GLX-204418,Yamini Home Needs Pvt Ltd,Export documentation recovery,,76792.00,INR
18-Mar-2026,DOC/2026/204437,SALES,4110-REV-DOM,CC-MYS-01,GLX-204437,Barkat Stationers Private Limited,Tooling amortisation billing,,77562.60,INR
18-Mar-2026,DOC/2026/204797,SALES,4120-REV-DOM,CC-BLR-01,GLX-204797,Suvarna Weaves LLP,Rework charges billed,,89575.06,INR
18-Mar-2026,DOC/2026/205037,SALES,4160-REV-DOM,CC-BLR-01,GLX-205037,Bhavani Steel Trading Pvt Ltd,Trial batch supply,,53915.68,INR
18-Mar-2026,DOC/2026/205472,SALES,4150-REV-DOM,CC-HYD-01,GLX-205472,Utsav Bakers LLP,Testing and calibration charges,,4168.00,INR
18-Mar-2026,DOC/2026/205485,SALES,4130-REV-DOM,CC-MYS-01,GLX-205485,Sanchit Hardware Depot Pvt Ltd,Site erection charges,,902.00,INR
18-Mar-2026,DOC/2026/205759,SALES,4160-REV-DOM,CC-BLR-02,GLX-205759,Prithvi Seeds and Feeds Pvt Ltd,Bulk despatch schedule A,,11111.22,INR
18-Mar-2026,DOC/2026/205865,SALES,4130-REV-DOM,CC-HYD-01,GLX-205865,Rukmini Provisions Private Limited,Testing and calibration charges,,58778.00,INR
18-Mar-2026,DOC/2026/205866,SALES,4110-REV-DOM,CC-HYD-01,GLX-205866,Tanmay Toolroom Private Limited,Packaging material supply,,30168.00,INR
18-Mar-2026,DOC/2026/206576,SALES,4140-REV-DOM,CC-BLR-02,GLX-206576,Nirvaan Agro Mills Pvt Ltd,Sample despatch billing,,49041.25,INR
18-Mar-2026,DOC/2026/206834,SALES,4120-REV-DOM,CC-MYS-01,GLX-206834,Meghdoot Packaging LLP,Job work conversion charges,,44017.32,INR
18-Mar-2026,DOC/2026/206856,SALES,4140-REV-DOM,CC-BLR-01,GLX-206856,Shubhankar Electricals LLP,Mould development charges,,83775.00,INR
18-Mar-2026,DOC/2026/207067,SALES,4110-REV-DOM,CC-BLR-02,GLX-207067,Madhuban Nurseries Pvt Ltd,Palletisation charges,,31926.08,INR
18-Mar-2026,DOC/2026/207103,SALES,4130-REV-DOM,CC-BLR-01,GLX-207103,Ranjeet Timber Depot Pvt Ltd,Spare kit despatch,,75800.00,INR
18-Mar-2026,DOC/2026/207198,SALES,4130-REV-DOM,CC-PNQ-01,GLX-207198,Sitara Packaging Solutions Pvt Ltd,Warehouse handling recovery,,31154.45,INR
18-Mar-2026,DOC/2026/207566,SALES,4150-REV-DOM,CC-BLR-01,GLX-207566,Kaveri Rubber Works Pvt Ltd,Bulk despatch schedule B,,80500.57,INR
18-Mar-2026,DOC/2026/208106,SALES,4120-REV-DOM,CC-MYS-01,GLX-208106,Sohrab Auto Spares LLP,Consignment despatch,,11947.00,INR
18-Mar-2026,DOC/2026/208178,SALES,4120-REV-DOM,CC-HYD-01,GLX-208178,Neelkanth Ceramics Pvt Ltd,Machinery hire charges,,83053.00,INR
18-Mar-2026,DOC/2026/208496,SALES,4130-REV-DOM,CC-MYS-01,GLX-208496,Girnar Pipes and Fittings Pvt Ltd,Secondary transport recovery,,32402.00,INR
18-Mar-2026,DOC/2026/208633,SALES,4160-REV-DOM,CC-PNQ-01,GLX-208633,Ekansh Glassworks Private Limited,Labelling job billing,,9719.73,INR
18-Mar-2026,DOC/2026/208877,SALES,4160-REV-DOM,CC-BLR-02,GLX-208877,Devgiri Paints LLP,Annual maintenance billing,,67541.85,INR
18-Mar-2026,DOC/2026/209302,SALES,4110-REV-DOM,CC-PNQ-01,GLX-209302,Naaz Fabrics Private Limited,Design retainer billing,,58104.00,INR
18-Mar-2026,DOC/2026/209974,SALES,4130-REV-DOM,CC-HYD-01,GLX-209974,Vaayu Organics Private Limited,Scrap sale realisation,,13628.00,INR
19-Mar-2026,DOC/2026/204189,SALES,4150-REV-DOM,CC-PNQ-01,GLX-204189,Ambar Cold Rooms Pvt Ltd,Spare kit despatch,,25654.79,INR
19-Mar-2026,DOC/2026/204209,SALES,4130-REV-DOM,CC-BLR-01,GLX-204209,Marudhar Furnishings LLP,Labelling job billing,,51230.00,INR
19-Mar-2026,DOC/2026/204442,SALES,4120-REV-DOM,CC-BLR-01,GLX-204442,Palashwood Interiors Pvt Ltd,Bulk despatch schedule B,,68335.00,INR
19-Mar-2026,DOC/2026/204503,SALES,4120-REV-DOM,CC-HYD-01,GLX-204503,Devgiri Paints LLP,Freight recovery billing,,34453.94,INR
19-Mar-2026,DOC/2026/205030,SALES,4130-REV-DOM,CC-MYS-01,GLX-205030,Meghdoot Packaging LLP,Site erection charges,,20252.00,INR
19-Mar-2026,DOC/2026/205210,SALES,4160-REV-DOM,CC-PNQ-01,GLX-205210,Bhoomi Tiles and Sanitary LLP,Tooling amortisation billing,,41069.00,INR
19-Mar-2026,DOC/2026/205412,SALES,4160-REV-DOM,CC-PNQ-01,GLX-205412,Yamini Home Needs Pvt Ltd,Secondary transport recovery,,37979.00,INR
19-Mar-2026,DOC/2026/205711,SALES,4120-REV-DOM,CC-MYS-01,GLX-205711,Girnar Pipes and Fittings Pvt Ltd,Export documentation recovery,,35347.00,INR
19-Mar-2026,DOC/2026/205733,SALES,4110-REV-DOM,CC-HYD-01,GLX-205733,Tarangini Prints LLP,Design retainer billing,,61368.08,INR
19-Mar-2026,DOC/2026/205891,SALES,4150-REV-DOM,CC-MYS-01,GLX-205891,Chirag Battery House Pvt Ltd,Machinery hire charges,,86152.00,INR
19-Mar-2026,DOC/2026/206046,SALES,4130-REV-DOM,CC-PNQ-01,GLX-206046,Naaz Fabrics Private Limited,Packaging material supply,,4214.08,INR
19-Mar-2026,DOC/2026/206221,SALES,4160-REV-DOM,CC-PNQ-01,GLX-206221,Kesari Handlooms Pvt Ltd,Annual maintenance billing,,69959.00,INR
19-Mar-2026,DOC/2026/206641,SALES,4130-REV-DOM,CC-BLR-02,GLX-206641,Neelkanth Ceramics Pvt Ltd,Mould development charges,,79136.00,INR
19-Mar-2026,DOC/2026/206651,SALES,4140-REV-DOM,CC-BLR-01,GLX-206651,Utsav Bakers LLP,Scrap sale realisation,,86595.07,INR
19-Mar-2026,DOC/2026/206711,SALES,4140-REV-DOM,CC-BLR-02,GLX-206711,Kalanjali Crafts Pvt Ltd,Job work conversion charges,,5751.00,INR
19-Mar-2026,DOC/2026/207077,SALES,4140-REV-DOM,CC-BLR-02,GLX-207077,Kaveri Rubber Works Pvt Ltd,Contract manufacturing charges,,30951.00,INR
19-Mar-2026,DOC/2026/207200,SALES,4130-REV-DOM,CC-HYD-01,GLX-207200,Barkat Stationers Private Limited,Trial batch supply,,76358.00,INR
19-Mar-2026,DOC/2026/207448,SALES,4110-REV-DOM,CC-HYD-01,GLX-207448,Ranjeet Timber Depot Pvt Ltd,Warehouse handling recovery,,22188.51,INR
19-Mar-2026,DOC/2026/207460,SALES,4120-REV-DOM,CC-MYS-01,GLX-207460,Prithvi Seeds and Feeds Pvt Ltd,Consignment despatch,,31687.00,INR
19-Mar-2026,DOC/2026/207760,SALES,4160-REV-DOM,CC-MYS-01,GLX-207760,Vindhya Plastics Private Limited,Freight recovery billing,,60887.00,INR
19-Mar-2026,DOC/2026/208420,SALES,4140-REV-DOM,CC-PNQ-01,GLX-208420,Ekansh Glassworks Private Limited,Rework charges billed,,79089.00,INR
19-Mar-2026,DOC/2026/208811,SALES,4130-REV-DOM,CC-BLR-02,GLX-208811,Vaayu Organics Private Limited,Testing and calibration charges,,43646.00,INR
19-Mar-2026,DOC/2026/209028,SALES,4150-REV-DOM,CC-MYS-01,GLX-209028,Ojas Lighting Private Limited,Palletisation charges,,1162.00,INR
19-Mar-2026,DOC/2026/209076,SALES,4120-REV-DOM,CC-BLR-01,GLX-209076,Madhuban Nurseries Pvt Ltd,Sample despatch billing,,21805.00,INR
19-Mar-2026,DOC/2026/209090,SALES,4130-REV-DOM,CC-HYD-01,GLX-209090,Chandravat Metals Private Limited,Bulk despatch schedule A,,45188.00,INR
19-Mar-2026,DOC/2026/209676,SALES,4150-REV-DOM,CC-PNQ-01,GLX-209676,Anokhi Kitchenware Pvt Ltd,Export documentation recovery,,85864.65,INR
20-Mar-2026,DOC/2026/204409,SALES,4140-REV-DOM,CC-HYD-01,GLX-204409,Yamini Home Needs Pvt Ltd,Export documentation recovery,,79053.14,INR
20-Mar-2026,DOC/2026/204519,SALES,4140-REV-DOM,CC-MYS-01,GLX-204519,Ojas Lighting Private Limited,Sample despatch billing,,51237.12,INR
20-Mar-2026,DOC/2026/204897,SALES,4150-REV-DOM,CC-MYS-01,GLX-204897,Nirvaan Agro Mills Pvt Ltd,Palletisation charges,,24082.00,INR
20-Mar-2026,DOC/2026/204939,SALES,4140-REV-DOM,CC-BLR-01,GLX-204939,Kalanjali Crafts Pvt Ltd,Site erection charges,,18795.72,INR
20-Mar-2026,DOC/2026/205028,SALES,4120-REV-DOM,CC-PNQ-01,GLX-205028,Marudhar Furnishings LLP,Rework charges billed,,87079.00,INR
20-Mar-2026,DOC/2026/205164,SALES,4120-REV-DOM,CC-BLR-02,GLX-205164,Chandravat Metals Private Limited,Consignment despatch,,81121.00,INR
20-Mar-2026,DOC/2026/205308,SALES,4150-REV-DOM,CC-BLR-02,GLX-205308,Sitara Packaging Solutions Pvt Ltd,Spare kit despatch,,9856.00,INR
20-Mar-2026,DOC/2026/205366,SALES,4130-REV-DOM,CC-HYD-01,GLX-205366,Palashwood Interiors Pvt Ltd,Contract manufacturing charges,,95228.00,INR
20-Mar-2026,DOC/2026/205475,SALES,4130-REV-DOM,CC-MYS-01,GLX-205475,Tanmay Toolroom Private Limited,Design retainer billing,,76952.00,INR
20-Mar-2026,DOC/2026/205908,SALES,4140-REV-DOM,CC-PNQ-01,GLX-205908,Anokhi Kitchenware Pvt Ltd,Secondary transport recovery,,15999.00,INR
20-Mar-2026,DOC/2026/206027,SALES,4140-REV-DOM,CC-BLR-01,GLX-206027,Tarangini Prints LLP,Packaging material supply,,30975.01,INR
20-Mar-2026,DOC/2026/206808,SALES,4120-REV-DOM,CC-BLR-01,GLX-206808,Shubhankar Electricals LLP,Machinery hire charges,,4885.67,INR
20-Mar-2026,DOC/2026/206859,SALES,4130-REV-DOM,CC-HYD-01,GLX-206859,Suvarna Weaves LLP,Labelling job billing,,92948.00,INR
20-Mar-2026,DOC/2026/207226,SALES,4160-REV-DOM,CC-MYS-01,GLX-207226,Sanchit Hardware Depot Pvt Ltd,Job work conversion charges,,88277.53,INR
20-Mar-2026,DOC/2026/207260,SALES,4150-REV-DOM,CC-PNQ-01,GLX-207260,Sohrab Auto Spares LLP,Bulk despatch schedule A,,37534.00,INR
20-Mar-2026,DOC/2026/207394,SALES,4120-REV-DOM,CC-BLR-02,GLX-207394,Vindhya Plastics Private Limited,Annual maintenance billing,,22231.32,INR
20-Mar-2026,DOC/2026/207412,SALES,4120-REV-DOM,CC-MYS-01,GLX-207412,Ambar Cold Rooms Pvt Ltd,Warehouse handling recovery,,17377.00,INR
20-Mar-2026,DOC/2026/207441,SALES,4130-REV-DOM,CC-BLR-01,GLX-207441,Jashan Sports Goods Pvt Ltd,Bulk despatch schedule B,,2060.62,INR
20-Mar-2026,DOC/2026/207814,SALES,4110-REV-DOM,CC-MYS-01,GLX-207814,Kesari Handlooms Pvt Ltd,Freight recovery billing,,84282.00,INR
20-Mar-2026,DOC/2026/208036,SALES,4140-REV-DOM,CC-PNQ-01,GLX-208036,Neelkanth Ceramics Pvt Ltd,Machinery hire charges,,79839.72,INR
20-Mar-2026,DOC/2026/208279,SALES,4140-REV-DOM,CC-MYS-01,GLX-208279,Utsav Bakers LLP,Testing and calibration charges,,4917.00,INR
20-Mar-2026,DOC/2026/208812,SALES,4150-REV-DOM,CC-BLR-01,GLX-208812,Bhavani Steel Trading Pvt Ltd,Tooling amortisation billing,,32530.11,INR
20-Mar-2026,DOC/2026/209002,SALES,4150-REV-DOM,CC-BLR-01,GLX-209002,Chirag Battery House Pvt Ltd,Mould development charges,,76120.44,INR
20-Mar-2026,DOC/2026/209211,SALES,4110-REV-DOM,CC-PNQ-01,GLX-209211,Bhoomi Tiles and Sanitary LLP,Trial batch supply,,79824.82,INR
20-Mar-2026,DOC/2026/209318,SALES,4150-REV-DOM,CC-MYS-01,GLX-209318,Rukmini Provisions Private Limited,Scrap sale realisation,,25732.25,INR
21-Mar-2026,DOC/2026/204208,SALES,4140-REV-DOM,CC-BLR-01,GLX-204208,Shubhankar Electricals LLP,Mould development charges,,72045.00,INR
21-Mar-2026,DOC/2026/204297,SALES,4150-REV-DOM,CC-PNQ-01,GLX-204297,Naaz Fabrics Private Limited,Design retainer billing,,23494.22,INR
21-Mar-2026,DOC/2026/204500,SALES,4140-REV-DOM,CC-BLR-02,GLX-204500,Anokhi Kitchenware Pvt Ltd,Export documentation recovery,,86091.29,INR
21-Mar-2026,DOC/2026/204672,SALES,4140-REV-DOM,CC-PNQ-01,GLX-204672,Jashan Sports Goods Pvt Ltd,Contract manufacturing charges,,61719.48,INR
21-Mar-2026,DOC/2026/205043,SALES,4120-REV-DOM,CC-BLR-02,GLX-205043,Sitara Packaging Solutions Pvt Ltd,Warehouse handling recovery,,47221.00,INR
21-Mar-2026,DOC/2026/205071,SALES,4120-REV-DOM,CC-BLR-01,GLX-205071,Devgiri Paints LLP,Annual maintenance billing,,28645.00,INR
21-Mar-2026,DOC/2026/205400,SALES,4120-REV-DOM,CC-HYD-01,GLX-205400,Madhuban Nurseries Pvt Ltd,Palletisation charges,,95443.00,INR
21-Mar-2026,DOC/2026/205811,SALES,4160-REV-DOM,CC-BLR-02,GLX-205811,Sohrab Auto Spares LLP,Consignment despatch,,95111.82,INR
21-Mar-2026,DOC/2026/205979,SALES,4110-REV-DOM,CC-HYD-01,GLX-205979,Vaayu Organics Private Limited,Scrap sale realisation,,78108.54,INR
21-Mar-2026,DOC/2026/206143,SALES,4130-REV-DOM,CC-PNQ-01,GLX-206143,Girnar Pipes and Fittings Pvt Ltd,Secondary transport recovery,,5024.00,INR
21-Mar-2026,DOC/2026/206482,SALES,4120-REV-DOM,CC-BLR-01,GLX-206482,Meghdoot Packaging LLP,Job work conversion charges,,35155.00,INR
21-Mar-2026,DOC/2026/206539,SALES,4150-REV-DOM,CC-BLR-02,GLX-206539,Nirvaan Agro Mills Pvt Ltd,Sample despatch billing,,54616.40,INR
21-Mar-2026,DOC/2026/206595,SALES,4150-REV-DOM,CC-MYS-01,GLX-206595,Chandravat Metals Private Limited,Bulk despatch schedule A,,22612.00,INR
21-Mar-2026,DOC/2026/206789,SALES,4140-REV-DOM,CC-BLR-02,GLX-206789,Kaveri Rubber Works Pvt Ltd,Bulk despatch schedule B,,18351.63,INR
21-Mar-2026,DOC/2026/207030,SALES,4150-REV-DOM,CC-MYS-01,GLX-207030,Sanchit Hardware Depot Pvt Ltd,Site erection charges,,85252.00,INR
21-Mar-2026,DOC/2026/207195,SALES,4110-REV-DOM,CC-BLR-02,GLX-207195,Chirag Battery House Pvt Ltd,Machinery hire charges,,76206.18,INR
21-Mar-2026,DOC/2026/207383,SALES,4130-REV-DOM,CC-HYD-01,GLX-207383,Tanmay Toolroom Private Limited,Packaging material supply,,86618.00,INR
21-Mar-2026,DOC/2026/207562,SALES,4120-REV-DOM,CC-HYD-01,GLX-207562,Ekansh Glassworks Private Limited,Labelling job billing,,47743.55,INR
21-Mar-2026,DOC/2026/207965,SALES,4110-REV-DOM,CC-BLR-01,GLX-207965,Rukmini Provisions Private Limited,Testing and calibration charges,,32160.15,INR
21-Mar-2026,DOC/2026/208713,SALES,4120-REV-DOM,CC-BLR-01,GLX-208713,Suvarna Weaves LLP,Rework charges billed,,70045.42,INR
21-Mar-2026,DOC/2026/208837,SALES,4160-REV-DOM,CC-MYS-01,GLX-208837,Prithvi Seeds and Feeds Pvt Ltd,Bulk despatch schedule A,,52847.92,INR
21-Mar-2026,DOC/2026/209152,SALES,4140-REV-DOM,CC-HYD-01,GLX-209152,Vindhya Plastics Private Limited,Freight recovery billing,,2853.00,INR
21-Mar-2026,DOC/2026/209214,SALES,4130-REV-DOM,CC-BLR-02,GLX-209214,Bhavani Steel Trading Pvt Ltd,Trial batch supply,,73976.00,INR
21-Mar-2026,DOC/2026/209347,SALES,4130-REV-DOM,CC-HYD-01,GLX-209347,Ambar Cold Rooms Pvt Ltd,Spare kit despatch,,28208.69,INR
21-Mar-2026,DOC/2026/209989,SALES,4130-REV-DOM,CC-HYD-01,GLX-209989,Barkat Stationers Private Limited,Tooling amortisation billing,,72968.34,INR
21-Mar-2026,DOC/2026/209998,SALES,4140-REV-DOM,CC-PNQ-01,GLX-209998,Ranjeet Timber Depot Pvt Ltd,Spare kit despatch,,78369.00,INR
22-Mar-2026,DOC/2026/204003,SALES,4110-REV-DOM,CC-BLR-02,GLX-204003,Bhoomi Tiles and Sanitary LLP,Tooling amortisation billing,,55206.24,INR
22-Mar-2026,DOC/2026/204309,SALES,4160-REV-DOM,CC-PNQ-01,GLX-204309,Utsav Bakers LLP,Scrap sale realisation,,42119.33,INR
22-Mar-2026,DOC/2026/205204,SALES,4140-REV-DOM,CC-MYS-01,GLX-205204,Girnar Pipes and Fittings Pvt Ltd,Export documentation recovery,,11997.84,INR
22-Mar-2026,DOC/2026/205234,SALES,4160-REV-DOM,CC-MYS-01,GLX-205234,Kaveri Rubber Works Pvt Ltd,Contract manufacturing charges,,36857.00,INR
22-Mar-2026,DOC/2026/205790,SALES,4150-REV-DOM,CC-BLR-01,GLX-205790,Tarangini Prints LLP,Design retainer billing,,10600.00,INR
22-Mar-2026,DOC/2026/205953,SALES,4130-REV-DOM,CC-PNQ-01,GLX-205953,Kesari Handlooms Pvt Ltd,Annual maintenance billing,,84854.03,INR
22-Mar-2026,DOC/2026/206150,SALES,4110-REV-DOM,CC-PNQ-01,GLX-206150,Suvarna Weaves LLP,Labelling job billing,,59274.06,INR
22-Mar-2026,DOC/2026/206519,SALES,4120-REV-DOM,CC-MYS-01,GLX-206519,Meghdoot Packaging LLP,Site erection charges,,3097.34,INR
22-Mar-2026,DOC/2026/206716,SALES,4120-REV-DOM,CC-HYD-01,GLX-206716,Palashwood Interiors Pvt Ltd,Bulk despatch schedule B,,60313.93,INR
22-Mar-2026,DOC/2026/206727,SALES,4110-REV-DOM,CC-BLR-01,GLX-206727,Devgiri Paints LLP,Freight recovery billing,,70350.79,INR
22-Mar-2026,DOC/2026/206802,SALES,4140-REV-DOM,CC-HYD-01,GLX-206802,Naaz Fabrics Private Limited,Packaging material supply,,8073.32,INR
22-Mar-2026,DOC/2026/207210,SALES,4140-REV-DOM,CC-HYD-01,GLX-207210,Ranjeet Timber Depot Pvt Ltd,Warehouse handling recovery,,55623.00,INR
22-Mar-2026,DOC/2026/207640,SALES,4120-REV-DOM,CC-BLR-01,GLX-207640,Madhuban Nurseries Pvt Ltd,Sample despatch billing,,68245.00,INR
22-Mar-2026,DOC/2026/207806,SALES,4160-REV-DOM,CC-HYD-01,GLX-207806,Shubhankar Electricals LLP,Machinery hire charges,,41033.57,INR
22-Mar-2026,DOC/2026/207883,SALES,4150-REV-DOM,CC-MYS-01,GLX-207883,Sohrab Auto Spares LLP,Bulk despatch schedule A,,24262.00,INR
22-Mar-2026,DOC/2026/208002,SALES,4130-REV-DOM,CC-BLR-01,GLX-208002,Prithvi Seeds and Feeds Pvt Ltd,Consignment despatch,,29420.00,INR
22-Mar-2026,DOC/2026/208090,SALES,4160-REV-DOM,CC-MYS-01,GLX-208090,Ojas Lighting Private Limited,Palletisation charges,,69767.00,INR
22-Mar-2026,DOC/2026/208250,SALES,4110-REV-DOM,CC-HYD-01,GLX-208250,Neelkanth Ceramics Pvt Ltd,Mould development charges,,88548.00,INR
22-Mar-2026,DOC/2026/208264,SALES,4140-REV-DOM,CC-BLR-02,GLX-208264,Marudhar Furnishings LLP,Labelling job billing,,33291.00,INR
22-Mar-2026,DOC/2026/208386,SALES,4130-REV-DOM,CC-MYS-01,GLX-208386,Kalanjali Crafts Pvt Ltd,Job work conversion charges,,33302.25,INR
22-Mar-2026,DOC/2026/208522,SALES,4150-REV-DOM,CC-BLR-01,GLX-208522,Ekansh Glassworks Private Limited,Rework charges billed,,66730.17,INR
22-Mar-2026,DOC/2026/208669,SALES,4120-REV-DOM,CC-BLR-01,GLX-208669,Vaayu Organics Private Limited,Testing and calibration charges,,27505.00,INR
22-Mar-2026,DOC/2026/209418,SALES,4130-REV-DOM,CC-BLR-02,GLX-209418,Barkat Stationers Private Limited,Trial batch supply,,37136.84,INR
22-Mar-2026,DOC/2026/209805,SALES,4110-REV-DOM,CC-BLR-02,GLX-209805,Yamini Home Needs Pvt Ltd,Secondary transport recovery,,66306.65,INR
22-Mar-2026,DOC/2026/209904,SALES,4140-REV-DOM,CC-HYD-01,GLX-209904,Sitara Packaging Solutions Pvt Ltd,Spare kit despatch,,21363.00,INR
23-Mar-2026,DOC/2026/204056,SALES,4120-REV-DOM,CC-PNQ-01,GLX-204056,Prithvi Seeds and Feeds Pvt Ltd,Bulk despatch schedule A,,44869.63,INR
23-Mar-2026,DOC/2026/204259,SALES,4130-REV-DOM,CC-PNQ-01,GLX-204259,Rukmini Provisions Private Limited,Scrap sale realisation,,52034.00,INR
23-Mar-2026,DOC/2026/204329,SALES,4120-REV-DOM,CC-MYS-01,GLX-204329,Palashwood Interiors Pvt Ltd,Contract manufacturing charges,,95107.00,INR
23-Mar-2026,DOC/2026/204340,SALES,4120-REV-DOM,CC-MYS-01,GLX-204340,Yamini Home Needs Pvt Ltd,Export documentation recovery,,89827.08,INR
23-Mar-2026,DOC/2026/204486,SALES,4160-REV-DOM,CC-PNQ-01,GLX-204486,Vindhya Plastics Private Limited,Annual maintenance billing,,62609.00,INR
23-Mar-2026,DOC/2026/204517,SALES,4150-REV-DOM,CC-BLR-02,GLX-204517,Nirvaan Agro Mills Pvt Ltd,Palletisation charges,,38056.91,INR
23-Mar-2026,DOC/2026/204656,SALES,4110-REV-DOM,CC-PNQ-01,GLX-204656,Anokhi Kitchenware Pvt Ltd,Secondary transport recovery,,16044.00,INR
23-Mar-2026,DOC/2026/204765,SALES,4160-REV-DOM,CC-BLR-01,GLX-204765,Meghdoot Packaging LLP,Job work conversion charges,,83435.65,INR
23-Mar-2026,DOC/2026/205279,SALES,4130-REV-DOM,CC-MYS-01,GLX-205279,Sanchit Hardware Depot Pvt Ltd,Job work conversion charges,,81812.68,INR
23-Mar-2026,DOC/2026/205337,SALES,4160-REV-DOM,CC-HYD-01,GLX-205337,Bhavani Steel Trading Pvt Ltd,Tooling amortisation billing,,73583.00,INR
23-Mar-2026,DOC/2026/205433,SALES,4140-REV-DOM,CC-MYS-01,GLX-205433,Bhoomi Tiles and Sanitary LLP,Trial batch supply,,15447.00,INR
23-Mar-2026,DOC/2026/205893,SALES,4140-REV-DOM,CC-HYD-01,GLX-205893,Chirag Battery House Pvt Ltd,Mould development charges,,39213.68,INR
23-Mar-2026,DOC/2026/205940,SALES,4130-REV-DOM,CC-MYS-01,GLX-205940,Ranjeet Timber Depot Pvt Ltd,Spare kit despatch,,92162.83,INR
23-Mar-2026,DOC/2026/206974,SALES,4150-REV-DOM,CC-HYD-01,GLX-206974,Ambar Cold Rooms Pvt Ltd,Warehouse handling recovery,,52738.00,INR
23-Mar-2026,DOC/2026/207518,SALES,4150-REV-DOM,CC-PNQ-01,GLX-207518,Neelkanth Ceramics Pvt Ltd,Machinery hire charges,,51574.00,INR
23-Mar-2026,DOC/2026/207656,SALES,4140-REV-DOM,CC-MYS-01,GLX-207656,Ojas Lighting Private Limited,Sample despatch billing,,61827.10,INR
23-Mar-2026,DOC/2026/207750,SALES,4130-REV-DOM,CC-PNQ-01,GLX-207750,Chandravat Metals Private Limited,Consignment despatch,,1514.17,INR
23-Mar-2026,DOC/2026/207886,SALES,4110-REV-DOM,CC-HYD-01,GLX-207886,Ekansh Glassworks Private Limited,Labelling job billing,,22248.00,INR
23-Mar-2026,DOC/2026/208120,SALES,4150-REV-DOM,CC-BLR-02,GLX-208120,Tanmay Toolroom Private Limited,Design retainer billing,,25246.00,INR
23-Mar-2026,DOC/2026/208631,SALES,4140-REV-DOM,CC-HYD-01,GLX-208631,Barkat Stationers Private Limited,Tooling amortisation billing,,37233.00,INR
23-Mar-2026,DOC/2026/208902,SALES,4150-REV-DOM,CC-HYD-01,GLX-208902,Kesari Handlooms Pvt Ltd,Freight recovery billing,,60958.00,INR
23-Mar-2026,DOC/2026/208991,SALES,4120-REV-DOM,CC-BLR-01,GLX-208991,Jashan Sports Goods Pvt Ltd,Bulk despatch schedule B,,8755.00,INR
23-Mar-2026,DOC/2026/209141,SALES,4110-REV-DOM,CC-BLR-01,GLX-209141,Utsav Bakers LLP,Testing and calibration charges,,11760.29,INR
23-Mar-2026,DOC/2026/209259,SALES,4120-REV-DOM,CC-MYS-01,GLX-209259,Tarangini Prints LLP,Packaging material supply,,76627.26,INR
23-Mar-2026,DOC/2026/209287,SALES,4110-REV-DOM,CC-BLR-02,GLX-209287,Kalanjali Crafts Pvt Ltd,Site erection charges,,66966.06,INR
23-Mar-2026,DOC/2026/209851,SALES,4120-REV-DOM,CC-BLR-01,GLX-209851,Marudhar Furnishings LLP,Rework charges billed,,13975.00,INR
24-Mar-2026,DOC/2026/204510,SALES,4150-REV-DOM,CC-HYD-01,GLX-204510,Nirvaan Agro Mills Pvt Ltd,Sample despatch billing,,42808.00,INR
24-Mar-2026,DOC/2026/204908,SALES,4150-REV-DOM,CC-BLR-01,GLX-204908,Suvarna Weaves LLP,Rework charges billed,,18760.10,INR
24-Mar-2026,DOC/2026/204994,SALES,4130-REV-DOM,CC-BLR-02,GLX-204994,Vindhya Plastics Private Limited,Freight recovery billing,,30446.22,INR
24-Mar-2026,DOC/2026/205311,SALES,4150-REV-DOM,CC-BLR-02,GLX-205311,Kalanjali Crafts Pvt Ltd,Job work conversion charges,,10846.00,INR
24-Mar-2026,DOC/2026/205399,SALES,4150-REV-DOM,CC-MYS-01,GLX-205399,Kaveri Rubber Works Pvt Ltd,Bulk despatch schedule B,,88162.44,INR
24-Mar-2026,DOC/2026/205837,SALES,4110-REV-DOM,CC-PNQ-01,GLX-205837,Anokhi Kitchenware Pvt Ltd,Export documentation recovery,,17574.00,INR
24-Mar-2026,DOC/2026/205899,SALES,4130-REV-DOM,CC-PNQ-01,GLX-205899,Devgiri Paints LLP,Annual maintenance billing,,51194.00,INR
24-Mar-2026,DOC/2026/205994,SALES,4140-REV-DOM,CC-BLR-01,GLX-205994,Chandravat Metals Private Limited,Bulk despatch schedule A,,4185.00,INR
24-Mar-2026,DOC/2026/206115,SALES,4150-REV-DOM,CC-BLR-01,GLX-206115,Kaveri Rubber Works Pvt Ltd,Job work conversion charges batch 71,,41320.00,INR
24-Mar-2026,DOC/2026/206441,SALES,4150-REV-DOM,CC-MYS-01,GLX-206441,Naaz Fabrics Private Limited,Design retainer billing,,60802.01,INR
24-Mar-2026,DOC/2026/206753,SALES,4110-REV-DOM,CC-BLR-02,GLX-206753,Sohrab Auto Spares LLP,Consignment despatch,,67386.21,INR
24-Mar-2026,DOC/2026/206915,SALES,4120-REV-DOM,CC-HYD-01,GLX-206915,Rukmini Provisions Private Limited,Testing and calibration charges,,18493.74,INR
24-Mar-2026,DOC/2026/207507,SALES,4160-REV-DOM,CC-MYS-01,GLX-207507,Ambar Cold Rooms Pvt Ltd,Spare kit despatch,,42467.87,INR
24-Mar-2026,DOC/2026/207574,SALES,4140-REV-DOM,CC-BLR-02,GLX-207574,Jashan Sports Goods Pvt Ltd,Contract manufacturing charges,,3051.00,INR
24-Mar-2026,DOC/2026/207731,SALES,4150-REV-DOM,CC-HYD-01,GLX-207731,Chirag Battery House Pvt Ltd,Machinery hire charges,,3718.51,INR
24-Mar-2026,DOC/2026/208141,SALES,4150-REV-DOM,CC-HYD-01,GLX-208141,Vaayu Organics Private Limited,Scrap sale realisation,,74308.21,INR
24-Mar-2026,DOC/2026/208375,SALES,4110-REV-DOM,CC-HYD-01,GLX-208375,Bhavani Steel Trading Pvt Ltd,Trial batch supply,,62868.00,INR
24-Mar-2026,DOC/2026/208564,SALES,4120-REV-DOM,CC-BLR-01,GLX-208564,Marudhar Furnishings LLP,Labelling job billing,,55675.00,INR
24-Mar-2026,DOC/2026/208616,SALES,4140-REV-DOM,CC-MYS-01,GLX-208616,Girnar Pipes and Fittings Pvt Ltd,Secondary transport recovery,,66507.00,INR
24-Mar-2026,DOC/2026/208800,SALES,4110-REV-DOM,CC-BLR-01,GLX-208800,Madhuban Nurseries Pvt Ltd,Palletisation charges,,15780.91,INR
24-Mar-2026,DOC/2026/208853,SALES,4110-REV-DOM,CC-BLR-01,GLX-208853,Shubhankar Electricals LLP,Mould development charges,,42900.92,INR
24-Mar-2026,DOC/2026/209006,SALES,4120-REV-DOM,CC-BLR-02,GLX-209006,Tanmay Toolroom Private Limited,Packaging material supply,,6271.00,INR
24-Mar-2026,DOC/2026/209210,SALES,4160-REV-DOM,CC-BLR-02,GLX-209210,Sanchit Hardware Depot Pvt Ltd,Site erection charges,,24401.72,INR
24-Mar-2026,DOC/2026/209591,SALES,4150-REV-DOM,CC-MYS-01,GLX-209591,Sitara Packaging Solutions Pvt Ltd,Warehouse handling recovery,,17422.52,INR
24-Mar-2026,DOC/2026/209921,SALES,4140-REV-DOM,CC-PNQ-01,GLX-209921,Palashwood Interiors Pvt Ltd,Bulk despatch schedule B,,95409.86,INR
24-Mar-2026,DOC/2026/209943,SALES,4160-REV-DOM,CC-PNQ-01,GLX-209943,Bhoomi Tiles and Sanitary LLP,Tooling amortisation billing,,90959.64,INR
25-Mar-2026,DOC/2026/204391,SALES,4110-REV-DOM,CC-HYD-01,GLX-204391,Jashan Sports Goods Pvt Ltd,Bulk despatch schedule B,,22758.00,INR
25-Mar-2026,DOC/2026/204394,SALES,4160-REV-DOM,CC-MYS-01,GLX-204394,Barkat Stationers Private Limited,Trial batch supply,,47777.00,INR
25-Mar-2026,DOC/2026/204904,SALES,4140-REV-DOM,CC-BLR-02,GLX-204904,Kaveri Rubber Works Pvt Ltd,Contract manufacturing charges,,77661.72,INR
25-Mar-2026,DOC/2026/205169,SALES,4120-REV-DOM,CC-PNQ-01,GLX-205169,Kesari Handlooms Pvt Ltd,Annual maintenance billing,,1249.00,INR
25-Mar-2026,DOC/2026/205316,SALES,4130-REV-DOM,CC-HYD-01,GLX-205316,Utsav Bakers LLP,Scrap sale realisation,,52688.69,INR
25-Mar-2026,DOC/2026/205404,SALES,4120-REV-DOM,CC-PNQ-01,GLX-205404,Girnar Pipes and Fittings Pvt Ltd,Export documentation recovery,,19669.96,INR
25-Mar-2026,DOC/2026/205446,SALES,4150-REV-DOM,CC-HYD-01,GLX-205446,Tarangini Prints LLP,Design retainer billing,,94708.92,INR
25-Mar-2026,DOC/2026/205787,SALES,4160-REV-DOM,CC-MYS-01,GLX-205787,Nirvaan Agro Mills Pvt Ltd,Palletisation charges,,51107.00,INR
25-Mar-2026,DOC/2026/206019,SALES,4150-REV-DOM,CC-PNQ-01,GLX-206019,Sanchit Hardware Depot Pvt Ltd,Job work conversion charges,,12574.00,INR
25-Mar-2026,DOC/2026/206568,SALES,4150-REV-DOM,CC-HYD-01,GLX-206568,Tanmay Toolroom Private Limited,Design retainer billing,,18898.00,INR
25-Mar-2026,DOC/2026/206807,SALES,4110-REV-DOM,CC-MYS-01,GLX-206807,Ojas Lighting Private Limited,Palletisation charges,,55092.00,INR
25-Mar-2026,DOC/2026/206881,SALES,4140-REV-DOM,CC-BLR-02,GLX-206881,Devgiri Paints LLP,Freight recovery billing,,83601.50,INR
25-Mar-2026,DOC/2026/207129,SALES,4130-REV-DOM,CC-HYD-01,GLX-207129,Naaz Fabrics Private Limited,Packaging material supply,,4988.23,INR
25-Mar-2026,DOC/2026/207281,SALES,4160-REV-DOM,CC-BLR-01,GLX-207281,Prithvi Seeds and Feeds Pvt Ltd,Consignment despatch,,77135.00,INR
25-Mar-2026,DOC/2026/207834,SALES,4110-REV-DOM,CC-MYS-01,GLX-207834,Ekansh Glassworks Private Limited,Rework charges billed,,60882.00,INR
25-Mar-2026,DOC/2026/207846,SALES,4130-REV-DOM,CC-BLR-01,GLX-207846,Ranjeet Timber Depot Pvt Ltd,Warehouse handling recovery,,83660.00,INR
25-Mar-2026,DOC/2026/207930,SALES,4110-REV-DOM,CC-PNQ-01,GLX-207930,Vaayu Organics Private Limited,Testing and calibration charges,,32814.00,INR
25-Mar-2026,DOC/2026/208513,SALES,4150-REV-DOM,CC-PNQ-01,GLX-208513,Suvarna Weaves LLP,Labelling job billing,,33754.00,INR
25-Mar-2026,DOC/2026/208722,SALES,4130-REV-DOM,CC-BLR-01,GLX-208722,Sitara Packaging Solutions Pvt Ltd,Spare kit despatch,,77480.74,INR
25-Mar-2026,DOC/2026/209328,SALES,4110-REV-DOM,CC-HYD-01,GLX-209328,Neelkanth Ceramics Pvt Ltd,Mould development charges,,51468.00,INR
25-Mar-2026,DOC/2026/209355,SALES,4150-REV-DOM,CC-HYD-01,GLX-209355,Sohrab Auto Spares LLP,Bulk despatch schedule A,,15358.00,INR
25-Mar-2026,DOC/2026/209377,SALES,4150-REV-DOM,CC-BLR-02,GLX-209377,Yamini Home Needs Pvt Ltd,Secondary transport recovery,,73846.00,INR
25-Mar-2026,DOC/2026/209391,SALES,4160-REV-DOM,CC-HYD-01,GLX-209391,Madhuban Nurseries Pvt Ltd,Sample despatch billing,,91553.10,INR
25-Mar-2026,DOC/2026/209567,SALES,4120-REV-DOM,CC-BLR-01,GLX-209567,Bhavani Steel Trading Pvt Ltd,Tooling amortisation billing,,61675.00,INR
25-Mar-2026,DOC/2026/209711,SALES,4130-REV-DOM,CC-BLR-02,GLX-209711,Shubhankar Electricals LLP,Machinery hire charges,,4496.62,INR
25-Mar-2026,DOC/2026/209882,SALES,4140-REV-DOM,CC-PNQ-01,GLX-209882,Meghdoot Packaging LLP,Site erection charges,,26889.00,INR
26-Mar-2026,DOC/2026/204112,SALES,4120-REV-DOM,CC-HYD-01,GLX-204112,Kalanjali Crafts Pvt Ltd,Site erection charges,,12853.57,INR
26-Mar-2026,DOC/2026/204273,SALES,4120-REV-DOM,CC-BLR-02,GLX-204273,Marudhar Furnishings LLP,Rework charges billed,,41791.78,INR
26-Mar-2026,DOC/2026/204419,SALES,4150-REV-DOM,CC-BLR-02,GLX-204419,Madhuban Nurseries Pvt Ltd,Palletisation charges,,19786.00,INR
26-Mar-2026,DOC/2026/204441,SALES,4140-REV-DOM,CC-MYS-01,GLX-204441,Tarangini Prints LLP,Packaging material supply,,76857.00,INR
26-Mar-2026,DOC/2026/204728,SALES,4110-REV-DOM,CC-HYD-01,GLX-204728,Naaz Fabrics Private Limited,Design retainer billing,,81438.00,INR
26-Mar-2026,DOC/2026/204786,SALES,4120-REV-DOM,CC-MYS-01,GLX-204786,Vindhya Plastics Private Limited,Annual maintenance billing,,83587.00,INR
26-Mar-2026,DOC/2026/204816,SALES,4130-REV-DOM,CC-BLR-01,GLX-204816,Bhoomi Tiles and Sanitary LLP,Trial batch supply,,40610.05,INR
26-Mar-2026,DOC/2026/205050,SALES,4140-REV-DOM,CC-HYD-01,GLX-205050,Ekansh Glassworks Private Limited,Labelling job billing,,26133.00,INR
26-Mar-2026,DOC/2026/205564,SALES,4160-REV-DOM,CC-PNQ-01,GLX-205564,Neelkanth Ceramics Pvt Ltd,Machinery hire charges,,34589.00,INR
26-Mar-2026,DOC/2026/205853,SALES,4130-REV-DOM,CC-BLR-02,GLX-205853,Ranjeet Timber Depot Pvt Ltd,Spare kit despatch,,69506.02,INR
26-Mar-2026,DOC/2026/206024,SALES,4160-REV-DOM,CC-MYS-01,GLX-206024,Palashwood Interiors Pvt Ltd,Contract manufacturing charges,,12137.68,INR
26-Mar-2026,DOC/2026/206297,SALES,4160-REV-DOM,CC-BLR-02,GLX-206297,Utsav Bakers LLP,Testing and calibration charges,,76841.00,INR
26-Mar-2026,DOC/2026/206548,SALES,4120-REV-DOM,CC-BLR-01,GLX-206548,Chirag Battery House Pvt Ltd,Mould development charges,,74335.73,INR
26-Mar-2026,DOC/2026/206683,SALES,4120-REV-DOM,CC-PNQ-01,GLX-206683,Chandravat Metals Private Limited,Consignment despatch,,67999.00,INR
26-Mar-2026,DOC/2026/207457,SALES,4120-REV-DOM,CC-BLR-01,GLX-207457,Yamini Home Needs Pvt Ltd,Export documentation recovery,,87145.00,INR
26-Mar-2026,DOC/2026/207530,SALES,4140-REV-DOM,CC-HYD-01,GLX-207530,Rukmini Provisions Private Limited,Scrap sale realisation,,78483.00,INR
26-Mar-2026,DOC/2026/207606,SALES,4110-REV-DOM,CC-PNQ-01,GLX-207606,Prithvi Seeds and Feeds Pvt Ltd,Bulk despatch schedule A,,10554.74,INR
26-Mar-2026,DOC/2026/207661,SALES,4150-REV-DOM,CC-BLR-02,GLX-207661,Kesari Handlooms Pvt Ltd,Freight recovery billing,,41536.90,INR
26-Mar-2026,DOC/2026/207863,SALES,4140-REV-DOM,CC-BLR-01,GLX-207863,Vaayu Organics Private Limited,Scrap sale realisation,,34365.00,INR
26-Mar-2026,DOC/2026/208161,SALES,4120-REV-DOM,CC-MYS-01,GLX-208161,Meghdoot Packaging LLP,Job work conversion charges,,57127.00,INR
26-Mar-2026,DOC/2026/209378,SALES,4130-REV-DOM,CC-HYD-01,GLX-209378,Anokhi Kitchenware Pvt Ltd,Secondary transport recovery,,31208.08,INR
26-Mar-2026,DOC/2026/209406,SALES,4110-REV-DOM,CC-HYD-01,GLX-209406,Ojas Lighting Private Limited,Sample despatch billing,,92238.87,INR
26-Mar-2026,DOC/2026/209464,SALES,4140-REV-DOM,CC-HYD-01,GLX-209464,Ambar Cold Rooms Pvt Ltd,Warehouse handling recovery,,29643.00,INR
26-Mar-2026,DOC/2026/209547,SALES,4150-REV-DOM,CC-BLR-01,GLX-209547,Barkat Stationers Private Limited,Tooling amortisation billing,,6790.00,INR
26-Mar-2026,DOC/2026/209666,SALES,4110-REV-DOM,CC-MYS-01,GLX-209666,Kaveri Rubber Works Pvt Ltd,Bulk despatch schedule B,,42792.27,INR
27-Mar-2026,DOC/2026/204598,SALES,4150-REV-DOM,CC-MYS-01,GLX-204598,Girnar Pipes and Fittings Pvt Ltd,Secondary transport recovery,,5272.00,INR
27-Mar-2026,DOC/2026/204658,SALES,4160-REV-DOM,CC-BLR-02,GLX-204658,Chirag Battery House Pvt Ltd,Machinery hire charges,,48461.00,INR
27-Mar-2026,DOC/2026/204892,SALES,4160-REV-DOM,CC-PNQ-01,GLX-204892,Ambar Cold Rooms Pvt Ltd,Spare kit despatch,,5189.00,INR
27-Mar-2026,DOC/2026/204973,SALES,4150-REV-DOM,CC-HYD-01,GLX-204973,Yamini Home Needs Pvt Ltd,Secondary transport recovery,,33328.50,INR
27-Mar-2026,DOC/2026/205010,SALES,4110-REV-DOM,CC-BLR-01,GLX-205010,Anokhi Kitchenware Pvt Ltd,Export documentation recovery,,71760.00,INR
27-Mar-2026,DOC/2026/205171,SALES,4120-REV-DOM,CC-MYS-01,GLX-205171,Chandravat Metals Private Limited,Bulk despatch schedule A,,12697.62,INR
27-Mar-2026,DOC/2026/205240,SALES,4130-REV-DOM,CC-BLR-01,GLX-205240,Tanmay Toolroom Private Limited,Packaging material supply,,21500.41,INR
27-Mar-2026,DOC/2026/205306,SALES,4150-REV-DOM,CC-HYD-01,GLX-205306,Suvarna Weaves LLP,Rework charges billed,,14518.22,INR
27-Mar-2026,DOC/2026/205720,SALES,4130-REV-DOM,CC-MYS-01,GLX-205720,Kalanjali Crafts Pvt Ltd,Job work conversion charges,,11912.00,INR
27-Mar-2026,DOC/2026/205721,SALES,4130-REV-DOM,CC-PNQ-01,GLX-205721,Sitara Packaging Solutions Pvt Ltd,Warehouse handling recovery,,19424.00,INR
27-Mar-2026,DOC/2026/206016,SALES,4160-REV-DOM,CC-BLR-01,GLX-206016,Tarangini Prints LLP,Design retainer billing,,78995.00,INR
27-Mar-2026,DOC/2026/206050,SALES,4140-REV-DOM,CC-BLR-02,GLX-206050,Ojas Lighting Private Limited,Palletisation charges,,45561.00,INR
27-Mar-2026,DOC/2026/207236,SALES,4140-REV-DOM,CC-BLR-02,GLX-207236,Shubhankar Electricals LLP,Mould development charges,,37521.54,INR
27-Mar-2026,DOC/2026/207589,SALES,4110-REV-DOM,CC-MYS-01,GLX-207589,Kesari Handlooms Pvt Ltd,Annual maintenance billing,,37842.00,INR
27-Mar-2026,DOC/2026/207659,SALES,4120-REV-DOM,CC-BLR-01,GLX-207659,Sohrab Auto Spares LLP,Consignment despatch,,11125.00,INR
27-Mar-2026,DOC/2026/207780,SALES,4130-REV-DOM,CC-HYD-01,GLX-207780,Marudhar Furnishings LLP,Labelling job billing,,79958.38,INR
27-Mar-2026,DOC/2026/207936,SALES,4150-REV-DOM,CC-PNQ-01,GLX-207936,Utsav Bakers LLP,Scrap sale realisation,,45454.09,INR
27-Mar-2026,DOC/2026/208149,SALES,4150-REV-DOM,CC-PNQ-01,GLX-208149,Bhoomi Tiles and Sanitary LLP,Tooling amortisation billing,,80824.00,INR
27-Mar-2026,DOC/2026/208181,SALES,4120-REV-DOM,CC-BLR-02,GLX-208181,Sanchit Hardware Depot Pvt Ltd,Site erection charges,,25381.00,INR
27-Mar-2026,DOC/2026/208442,SALES,4150-REV-DOM,CC-PNQ-01,GLX-208442,Jashan Sports Goods Pvt Ltd,Contract manufacturing charges,,34654.00,INR
27-Mar-2026,DOC/2026/208550,SALES,4130-REV-DOM,CC-BLR-02,GLX-208550,Devgiri Paints LLP,Annual maintenance billing,,57536.08,INR
27-Mar-2026,DOC/2026/209030,SALES,4110-REV-DOM,CC-PNQ-01,GLX-209030,Palashwood Interiors Pvt Ltd,Bulk despatch schedule B,,80154.00,INR
27-Mar-2026,DOC/2026/209298,SALES,4110-REV-DOM,CC-BLR-02,GLX-209298,Nirvaan Agro Mills Pvt Ltd,Sample despatch billing,,44286.00,INR
27-Mar-2026,DOC/2026/209331,SALES,4150-REV-DOM,CC-MYS-01,GLX-209331,Vindhya Plastics Private Limited,Freight recovery billing,,23632.94,INR
27-Mar-2026,DOC/2026/209359,SALES,4120-REV-DOM,CC-BLR-01,GLX-209359,Rukmini Provisions Private Limited,Testing and calibration charges,,89575.00,INR
27-Mar-2026,DOC/2026/209390,SALES,4120-REV-DOM,CC-BLR-01,GLX-209390,Bhavani Steel Trading Pvt Ltd,Trial batch supply,,82585.00,INR
28-Mar-2026,DOC/2026/204062,SALES,4140-REV-DOM,CC-BLR-02,GLX-204062,Vaayu Organics Private Limited,Testing and calibration charges,,64971.00,INR
28-Mar-2026,DOC/2026/204090,SALES,4140-REV-DOM,CC-MYS-01,GLX-204090,Girnar Pipes and Fittings Pvt Ltd,Export documentation recovery,,25287.00,INR
28-Mar-2026,DOC/2026/204871,SALES,4140-REV-DOM,CC-BLR-02,GLX-204871,Anokhi Kitchenware Pvt Ltd,Secondary transport recovery,,68091.58,INR
28-Mar-2026,DOC/2026/204997,SALES,4150-REV-DOM,CC-BLR-02,GLX-204997,Sohrab Auto Spares LLP,Bulk despatch schedule A,,77716.31,INR
28-Mar-2026,DOC/2026/205012,SALES,4120-REV-DOM,CC-PNQ-01,GLX-205012,Ekansh Glassworks Private Limited,Rework charges billed,,64099.92,INR
28-Mar-2026,DOC/2026/205364,SALES,4160-REV-DOM,CC-HYD-01,GLX-205364,Bhavani Steel Trading Pvt Ltd,Tooling amortisation billing,,14993.06,INR
28-Mar-2026,DOC/2026/205973,SALES,4110-REV-DOM,CC-HYD-01,GLX-205973,Suvarna Weaves LLP,Labelling job billing,,34458.00,INR
28-Mar-2026,DOC/2026/206048,SALES,4150-REV-DOM,CC-BLR-02,GLX-206048,Vindhya Plastics Private Limited,Annual maintenance billing,,32446.93,INR
28-Mar-2026,DOC/2026/206222,SALES,4110-REV-DOM,CC-BLR-02,GLX-206222,Shubhankar Electricals LLP,Machinery hire charges,,13926.67,INR
28-Mar-2026,DOC/2026/206738,SALES,4150-REV-DOM,CC-MYS-01,GLX-206738,Sitara Packaging Solutions Pvt Ltd,Spare kit despatch,,10252.46,INR
28-Mar-2026,DOC/2026/207361,SALES,4150-REV-DOM,CC-HYD-01,GLX-207361,Sanchit Hardware Depot Pvt Ltd,Job work conversion charges,,65128.10,INR
28-Mar-2026,DOC/2026/207482,SALES,4120-REV-DOM,CC-HYD-01,GLX-207482,Jashan Sports Goods Pvt Ltd,Bulk despatch schedule B,,20923.03,INR
28-Mar-2026,DOC/2026/207515,SALES,4110-REV-DOM,CC-BLR-02,GLX-207515,Nirvaan Agro Mills Pvt Ltd,Palletisation charges,,12786.30,INR
28-Mar-2026,DOC/2026/208423,SALES,4150-REV-DOM,CC-HYD-01,GLX-208423,Naaz Fabrics Private Limited,Packaging material supply,,77038.48,INR
28-Mar-2026,DOC/2026/208639,SALES,4150-REV-DOM,CC-BLR-02,GLX-208639,Madhuban Nurseries Pvt Ltd,Sample despatch billing,,52396.00,INR
28-Mar-2026,DOC/2026/208682,SALES,4130-REV-DOM,CC-BLR-02,GLX-208682,Neelkanth Ceramics Pvt Ltd,Mould development charges,,71786.00,INR
28-Mar-2026,DOC/2026/208775,SALES,4160-REV-DOM,CC-BLR-02,GLX-208775,Barkat Stationers Private Limited,Trial batch supply,,93281.44,INR
28-Mar-2026,DOC/2026/209036,SALES,4120-REV-DOM,CC-HYD-01,GLX-209036,Chirag Battery House Pvt Ltd,Mould development charges,,15193.00,INR
28-Mar-2026,DOC/2026/209069,SALES,4150-REV-DOM,CC-PNQ-01,GLX-209069,Chandravat Metals Private Limited,Consignment despatch,,34174.51,INR
28-Mar-2026,DOC/2026/209540,SALES,4120-REV-DOM,CC-PNQ-01,GLX-209540,Meghdoot Packaging LLP,Site erection charges,,50929.00,INR
28-Mar-2026,DOC/2026/209570,SALES,4110-REV-DOM,CC-PNQ-01,GLX-209570,Rukmini Provisions Private Limited,Scrap sale realisation,,47334.11,INR
28-Mar-2026,DOC/2026/209585,SALES,4120-REV-DOM,CC-BLR-01,GLX-209585,Ranjeet Timber Depot Pvt Ltd,Warehouse handling recovery,,66085.08,INR
28-Mar-2026,DOC/2026/209610,SALES,4130-REV-DOM,CC-BLR-02,GLX-209610,Kaveri Rubber Works Pvt Ltd,Contract manufacturing charges,,4856.99,INR
28-Mar-2026,DOC/2026/209713,SALES,4130-REV-DOM,CC-MYS-01,GLX-209713,Prithvi Seeds and Feeds Pvt Ltd,Consignment despatch,,58412.99,INR
28-Mar-2026,DOC/2026/209815,SALES,4150-REV-DOM,CC-PNQ-01,GLX-209815,Devgiri Paints LLP,Freight recovery billing,,8824.00,INR
28-Mar-2026,DOC/2026/209850,SALES,4110-REV-DOM,CC-HYD-01,GLX-209850,Tanmay Toolroom Private Limited,Design retainer billing,,72618.00,INR
29-Mar-2026,DOC/2026/204157,SALES,4120-REV-DOM,CC-BLR-01,GLX-204157,Ambar Cold Rooms Pvt Ltd,Warehouse handling recovery,,30625.68,INR
29-Mar-2026,DOC/2026/204220,SALES,4150-REV-DOM,CC-PNQ-01,GLX-204220,Madhuban Nurseries Pvt Ltd,Palletisation charges,,26134.00,INR
29-Mar-2026,DOC/2026/204249,SALES,4110-REV-DOM,CC-HYD-01,GLX-204249,Utsav Bakers LLP,Testing and calibration charges,,89598.84,INR
29-Mar-2026,DOC/2026/204396,SALES,4120-REV-DOM,CC-MYS-01,GLX-204396,Shubhankar Electricals LLP,Mould development charges,,62827.00,INR
29-Mar-2026,DOC/2026/205318,SALES,4110-REV-DOM,CC-HYD-01,GLX-205318,Meghdoot Packaging LLP,Job work conversion charges,,64068.00,INR
29-Mar-2026,DOC/2026/205488,SALES,4150-REV-DOM,CC-BLR-01,GLX-205488,Ojas Lighting Private Limited,Sample despatch billing,,93520.00,INR
29-Mar-2026,DOC/2026/205680,SALES,4130-REV-DOM,CC-HYD-01,GLX-205680,Ranjeet Timber Depot Pvt Ltd,Spare kit despatch,,21968.81,INR
29-Mar-2026,DOC/2026/205821,SALES,4110-REV-DOM,CC-BLR-01,GLX-205821,Marudhar Furnishings LLP,Rework charges billed,,75600.65,INR
29-Mar-2026,DOC/2026/205845,SALES,4120-REV-DOM,CC-BLR-02,GLX-205845,Kaveri Rubber Works Pvt Ltd,Bulk despatch schedule B,,81061.00,INR
29-Mar-2026,DOC/2026/206008,SALES,4140-REV-DOM,CC-HYD-01,GLX-206008,Kesari Handlooms Pvt Ltd,Freight recovery billing,,12783.00,INR
29-Mar-2026,DOC/2026/206795,SALES,4130-REV-DOM,CC-PNQ-01,GLX-206795,Vaayu Organics Private Limited,Scrap sale realisation,,60794.51,INR
29-Mar-2026,DOC/2026/206958,SALES,4150-REV-DOM,CC-BLR-02,GLX-206958,Ekansh Glassworks Private Limited,Labelling job billing,,33526.00,INR
29-Mar-2026,DOC/2026/207184,SALES,4110-REV-DOM,CC-BLR-02,GLX-207184,Girnar Pipes and Fittings Pvt Ltd,Secondary transport recovery,,18366.00,INR
29-Mar-2026,DOC/2026/207529,SALES,4150-REV-DOM,CC-MYS-01,GLX-207529,Naaz Fabrics Private Limited,Design retainer billing,,81232.20,INR
29-Mar-2026,DOC/2026/207748,SALES,4150-REV-DOM,CC-PNQ-01,GLX-207748,Tarangini Prints LLP,Packaging material supply,,9124.00,INR
29-Mar-2026,DOC/2026/208021,SALES,4130-REV-DOM,CC-PNQ-01,GLX-208021,Neelkanth Ceramics Pvt Ltd,Machinery hire charges,,46904.09,INR
29-Mar-2026,DOC/2026/208050,SALES,4130-REV-DOM,CC-PNQ-01,GLX-208050,Sohrab Auto Spares LLP,Consignment despatch,,11264.00,INR
29-Mar-2026,DOC/2026/208238,SALES,4110-REV-DOM,CC-HYD-01,GLX-208238,Barkat Stationers Private Limited,Tooling amortisation billing,,39288.42,INR
29-Mar-2026,DOC/2026/208414,SALES,4160-REV-DOM,CC-MYS-01,GLX-208414,Yamini Home Needs Pvt Ltd,Export documentation recovery,,77387.00,INR
29-Mar-2026,DOC/2026/208860,SALES,4120-REV-DOM,CC-BLR-02,GLX-208860,Prithvi Seeds and Feeds Pvt Ltd,Bulk despatch schedule A,,6721.00,INR
29-Mar-2026,DOC/2026/209020,SALES,4160-REV-DOM,CC-BLR-01,GLX-209020,Kalanjali Crafts Pvt Ltd,Site erection charges,,46235.00,INR
29-Mar-2026,DOC/2026/209027,SALES,4130-REV-DOM,CC-BLR-02,GLX-209027,Palashwood Interiors Pvt Ltd,Contract manufacturing charges,,67106.79,INR
29-Mar-2026,DOC/2026/209035,SALES,4140-REV-DOM,CC-PNQ-01,GLX-209035,Devgiri Paints LLP,Annual maintenance billing,,11289.72,INR
29-Mar-2026,DOC/2026/209104,SALES,4110-REV-DOM,CC-PNQ-01,GLX-209104,Sitara Packaging Solutions Pvt Ltd,Warehouse handling recovery,,66504.00,INR
29-Mar-2026,DOC/2026/209504,SALES,4150-REV-DOM,CC-BLR-02,GLX-209504,Bhoomi Tiles and Sanitary LLP,Trial batch supply,,26326.69,INR
30-Mar-2026,DOC/2026/204296,SALES,4110-REV-DOM,CC-BLR-01,GLX-204296,Chandravat Metals Private Limited,Bulk despatch schedule A,,17760.09,INR
30-Mar-2026,DOC/2026/204471,SALES,4130-REV-DOM,CC-MYS-01,GLX-204471,Marudhar Furnishings LLP,Labelling job billing,,46442.08,INR
30-Mar-2026,DOC/2026/204880,SALES,4110-REV-DOM,CC-BLR-01,GLX-204880,Meghdoot Packaging LLP,Consignment despatch schedule 14,,33750.00,INR
30-Mar-2026,DOC/2026/204930,SALES,4150-REV-DOM,CC-BLR-02,GLX-204930,Chirag Battery House Pvt Ltd,Machinery hire charges,,38896.00,INR
30-Mar-2026,DOC/2026/204950,SALES,4110-REV-DOM,CC-BLR-02,GLX-204950,Kesari Handlooms Pvt Ltd,Annual maintenance billing,,21126.00,INR
30-Mar-2026,DOC/2026/204985,SALES,4160-REV-DOM,CC-HYD-01,GLX-204985,Ambar Cold Rooms Pvt Ltd,Spare kit despatch,,1703.35,INR
30-Mar-2026,DOC/2026/205068,SALES,4130-REV-DOM,CC-HYD-01,GLX-205068,Tarangini Prints LLP,Design retainer billing,,69458.66,INR
30-Mar-2026,DOC/2026/205153,SALES,4130-REV-DOM,CC-BLR-02,GLX-205153,Tanmay Toolroom Private Limited,Packaging material supply,,38486.00,INR
30-Mar-2026,DOC/2026/205181,SALES,4130-REV-DOM,CC-BLR-01,GLX-205181,Neelkanth Ceramics Pvt Ltd,Mould development charges,,63860.00,INR
30-Mar-2026,DOC/2026/205211,SALES,4120-REV-DOM,CC-HYD-01,GLX-205211,Anokhi Kitchenware Pvt Ltd,Export documentation recovery,,90553.00,INR
30-Mar-2026,DOC/2026/205746,SALES,4120-REV-DOM,CC-BLR-02,GLX-205746,Vindhya Plastics Private Limited,Freight recovery billing,,61891.00,INR
30-Mar-2026,DOC/2026/206067,SALES,4120-REV-DOM,CC-BLR-01,GLX-206067,Ojas Lighting Private Limited,Palletisation charges,,60025.81,INR
30-Mar-2026,DOC/2026/206246,SALES,4120-REV-DOM,CC-HYD-01,GLX-206246,Suvarna Weaves LLP,Rework charges billed,,17923.00,INR
30-Mar-2026,DOC/2026/206503,SALES,4130-REV-DOM,CC-HYD-01,GLX-206503,Yamini Home Needs Pvt Ltd,Secondary transport recovery,,5048.00,INR
30-Mar-2026,DOC/2026/206768,SALES,4130-REV-DOM,CC-HYD-01,GLX-206768,Nirvaan Agro Mills Pvt Ltd,Sample despatch billing,,22778.00,INR
30-Mar-2026,DOC/2026/207294,SALES,4110-REV-DOM,CC-BLR-01,GLX-207294,Bhoomi Tiles and Sanitary LLP,Tooling amortisation billing,,76380.06,INR
30-Mar-2026,DOC/2026/207349,SALES,4160-REV-DOM,CC-PNQ-01,GLX-207349,Prithvi Seeds and Feeds Pvt Ltd,Consignment despatch,,66959.49,INR
30-Mar-2026,DOC/2026/207767,SALES,4120-REV-DOM,CC-MYS-01,GLX-207767,Sanchit Hardware Depot Pvt Ltd,Site erection charges,,28447.93,INR
30-Mar-2026,DOC/2026/207836,SALES,4140-REV-DOM,CC-BLR-02,GLX-207836,Ranjeet Timber Depot Pvt Ltd,Warehouse handling recovery,,11781.00,INR
30-Mar-2026,DOC/2026/207892,SALES,4110-REV-DOM,CC-BLR-01,GLX-207892,Meghdoot Packaging LLP,Site erection charges,,79530.78,INR
30-Mar-2026,DOC/2026/208088,SALES,4140-REV-DOM,CC-MYS-01,GLX-208088,Utsav Bakers LLP,Scrap sale realisation,,37137.00,INR
30-Mar-2026,DOC/2026/208319,SALES,4140-REV-DOM,CC-PNQ-01,GLX-208319,Kalanjali Crafts Pvt Ltd,Job work conversion charges,,68319.00,INR
30-Mar-2026,DOC/2026/208347,SALES,4110-REV-DOM,CC-HYD-01,GLX-208347,Bhavani Steel Trading Pvt Ltd,Trial batch supply,,54918.00,INR
30-Mar-2026,DOC/2026/208950,SALES,4140-REV-DOM,CC-PNQ-01,GLX-208950,Rukmini Provisions Private Limited,Testing and calibration charges,,9729.00,INR
30-Mar-2026,DOC/2026/209070,SALES,4160-REV-DOM,CC-BLR-02,GLX-209070,Palashwood Interiors Pvt Ltd,Bulk despatch schedule B,,33491.00,INR
30-Mar-2026,DOC/2026/209176,SALES,4120-REV-DOM,CC-HYD-01,GLX-209176,Jashan Sports Goods Pvt Ltd,Contract manufacturing charges,,71503.73,INR
30-Mar-2026,DOC/2026/209755,SALES,4130-REV-DOM,CC-BLR-02,GLX-209755,Ekansh Glassworks Private Limited,Rework charges billed,,95126.55,INR
31-Mar-2026,DOC/2026/204567,SALES,4140-REV-DOM,CC-BLR-01,GLX-204567,Tanmay Toolroom Private Limited,Design retainer billing,,83175.15,INR
31-Mar-2026,DOC/2026/204708,SALES,4160-REV-DOM,CC-BLR-02,GLX-204708,Nirvaan Agro Mills Pvt Ltd,Palletisation charges,,51161.00,INR
31-Mar-2026,DOC/2026/204768,SALES,4120-REV-DOM,CC-PNQ-01,GLX-204768,Vindhya Plastics Private Limited,Annual maintenance billing,,24169.35,INR
31-Mar-2026,DOC/2026/205096,SALES,4120-REV-DOM,CC-PNQ-01,GLX-205096,Kalanjali Crafts Pvt Ltd,Site erection charges,,44959.00,INR
31-Mar-2026,DOC/2026/205528,SALES,4150-REV-DOM,CC-BLR-01,GLX-205528,Devgiri Paints LLP,Freight recovery billing,,11170.00,INR
31-Mar-2026,DOC/2026/205707,SALES,4130-REV-DOM,CC-PNQ-01,GLX-205707,Bhoomi Tiles and Sanitary LLP,Trial batch supply,,71744.00,INR
31-Mar-2026,DOC/2026/205775,SALES,4160-REV-DOM,CC-HYD-01,GLX-205775,Jashan Sports Goods Pvt Ltd,Bulk despatch schedule B,,56993.00,INR
31-Mar-2026,DOC/2026/206330,SALES,4120-REV-DOM,CC-BLR-01,GLX-206330,Vaayu Organics Private Limited,Testing and calibration charges,,55105.00,INR
31-Mar-2026,DOC/2026/206471,SALES,4120-REV-DOM,CC-MYS-01,GLX-206471,Shubhankar Electricals LLP,Machinery hire charges,,61117.56,INR
31-Mar-2026,DOC/2026/206665,SALES,4150-REV-DOM,CC-BLR-02,GLX-206665,Rukmini Provisions Private Limited,Scrap sale realisation,,7696.74,INR
31-Mar-2026,DOC/2026/206717,SALES,4160-REV-DOM,CC-MYS-01,GLX-206717,Chandravat Metals Private Limited,Consignment despatch,,75947.00,INR
31-Mar-2026,DOC/2026/206745,SALES,4160-REV-DOM,CC-HYD-01,GLX-206745,Naaz Fabrics Private Limited,Packaging material supply,,64793.00,INR
31-Mar-2026,DOC/2026/207005,SALES,4110-REV-DOM,CC-HYD-01,GLX-207005,Sitara Packaging Solutions Pvt Ltd,Spare kit despatch,,48498.00,INR
31-Mar-2026,DOC/2026/207270,SALES,4160-REV-DOM,CC-MYS-01,GLX-207270,Suvarna Weaves LLP,Labelling job billing,,15557.00,INR
31-Mar-2026,DOC/2026/207452,SALES,4120-REV-DOM,CC-MYS-01,GLX-207452,Madhuban Nurseries Pvt Ltd,Sample despatch billing,,19207.00,INR
31-Mar-2026,DOC/2026/207504,SALES,4110-REV-DOM,CC-MYS-01,GLX-207504,Ambar Cold Rooms Pvt Ltd,Warehouse handling recovery,,26082.41,INR
31-Mar-2026,DOC/2026/208230,SALES,4130-REV-DOM,CC-MYS-01,GLX-208230,Bhavani Steel Trading Pvt Ltd,Tooling amortisation billing,,82352.89,INR
31-Mar-2026,DOC/2026/208246,SALES,4110-REV-DOM,CC-HYD-01,GLX-208246,Chirag Battery House Pvt Ltd,Mould development charges,,87168.00,INR
31-Mar-2026,DOC/2026/208709,SALES,4140-REV-DOM,CC-BLR-02,GLX-208709,Marudhar Furnishings LLP,Rework charges billed,,73461.00,INR
31-Mar-2026,DOC/2026/208715,SALES,4150-REV-DOM,CC-PNQ-01,GLX-208715,Barkat Stationers Private Limited,Trial batch supply,,89524.00,INR
31-Mar-2026,DOC/2026/209310,SALES,4150-REV-DOM,CC-HYD-01,GLX-209310,Sohrab Auto Spares LLP,Bulk despatch schedule A,,94438.00,INR
31-Mar-2026,DOC/2026/209364,SALES,4110-REV-DOM,CC-BLR-02,GLX-209364,Anokhi Kitchenware Pvt Ltd,Secondary transport recovery,,16176.00,INR
31-Mar-2026,DOC/2026/209432,SALES,4150-REV-DOM,CC-BLR-02,GLX-209432,Sanchit Hardware Depot Pvt Ltd,Job work conversion charges,,95056.00,INR
31-Mar-2026,DOC/2026/209558,SALES,4160-REV-DOM,CC-MYS-01,GLX-209558,Girnar Pipes and Fittings Pvt Ltd,Export documentation recovery,,34907.00,INR
31-Mar-2026,DOC/2026/209642,SALES,4120-REV-DOM,CC-MYS-01,GLX-209642,Kaveri Rubber Works Pvt Ltd,Contract manufacturing charges,,83107.07,INR
01-Apr-2026,DOC/2026/204004,SALES,4110-REV-DOM,CC-MYS-01,GLX-204004,Kaveri Rubber Works Pvt Ltd,Bulk despatch schedule B,,93672.00,INR
01-Apr-2026,DOC/2026/204100,SALES,4130-REV-DOM,CC-HYD-01,GLX-204100,Kesari Handlooms Pvt Ltd,Freight recovery billing,,79538.38,INR
01-Apr-2026,DOC/2026/204364,SALES,4130-REV-DOM,CC-MYS-01,GLX-204364,Ekansh Glassworks Private Limited,Labelling job billing,,28262.91,INR
01-Apr-2026,DOC/2026/204655,SALES,4160-REV-DOM,CC-PNQ-01,GLX-204655,Vaayu Organics Private Limited,Scrap sale realisation,,94019.00,INR
01-Apr-2026,DOC/2026/204760,SALES,4160-REV-DOM,CC-MYS-01,GLX-204760,Prithvi Seeds and Feeds Pvt Ltd,Bulk despatch schedule A,,35537.00,INR
01-Apr-2026,DOC/2026/204996,SALES,4160-REV-DOM,CC-PNQ-01,GLX-204996,Girnar Pipes and Fittings Pvt Ltd,Secondary transport recovery,,51119.30,INR
01-Apr-2026,DOC/2026/205222,SALES,4160-REV-DOM,CC-BLR-01,GLX-205222,Bhavani Steel Trading Pvt Ltd,Trial batch supply,,74615.34,INR
01-Apr-2026,DOC/2026/205551,SALES,4130-REV-DOM,CC-MYS-01,GLX-205551,Tarangini Prints LLP,Packaging material supply,,58352.00,INR
01-Apr-2026,DOC/2026/205737,SALES,4140-REV-DOM,CC-HYD-01,GLX-205737,Sitara Packaging Solutions Pvt Ltd,Warehouse handling recovery,,84453.23,INR
01-Apr-2026,DOC/2026/205763,SALES,4110-REV-DOM,CC-BLR-02,GLX-205763,Tanmay Toolroom Private Limited,Packaging material supply,,51396.41,INR
01-Apr-2026,DOC/2026/206705,SALES,4130-REV-DOM,CC-PNQ-01,GLX-206705,Naaz Fabrics Private Limited,Design retainer billing,,76154.00,INR
01-Apr-2026,DOC/2026/207209,SALES,4120-REV-DOM,CC-BLR-01,GLX-207209,Girnar Pipes and Fittings Pvt Ltd,Freight recovery billing April cycle,,36415.00,INR
01-Apr-2026,DOC/2026/207286,SALES,4160-REV-DOM,CC-HYD-01,GLX-207286,Sanchit Hardware Depot Pvt Ltd,Site erection charges,,44213.73,INR
01-Apr-2026,DOC/2026/207407,SALES,4130-REV-DOM,CC-HYD-01,GLX-207407,Utsav Bakers LLP,Testing and calibration charges,,11888.00,INR
01-Apr-2026,DOC/2026/207636,SALES,4150-REV-DOM,CC-PNQ-01,GLX-207636,Sohrab Auto Spares LLP,Consignment despatch,,74194.00,INR
01-Apr-2026,DOC/2026/207763,SALES,4140-REV-DOM,CC-BLR-01,GLX-207763,Shubhankar Electricals LLP,Mould development charges,,19425.00,INR
01-Apr-2026,DOC/2026/207787,SALES,4140-REV-DOM,CC-MYS-01,GLX-207787,Suvarna Weaves LLP,Rework charges billed,,72567.01,INR
01-Apr-2026,DOC/2026/207871,SALES,4150-REV-DOM,CC-PNQ-01,GLX-207871,Barkat Stationers Private Limited,Tooling amortisation billing,,78724.52,INR
01-Apr-2026,DOC/2026/208164,SALES,4140-REV-DOM,CC-BLR-01,GLX-208164,Meghdoot Packaging LLP,Job work conversion charges,,67245.38,INR
01-Apr-2026,DOC/2026/208270,SALES,4140-REV-DOM,CC-MYS-01,GLX-208270,Madhuban Nurseries Pvt Ltd,Palletisation charges,,94617.00,INR
01-Apr-2026,DOC/2026/208587,SALES,4140-REV-DOM,CC-BLR-02,GLX-208587,Neelkanth Ceramics Pvt Ltd,Machinery hire charges,,67281.00,INR
01-Apr-2026,DOC/2026/208815,SALES,4140-REV-DOM,CC-BLR-02,GLX-208815,Ojas Lighting Private Limited,Sample despatch billing,,73701.85,INR
01-Apr-2026,DOC/2026/208929,SALES,4120-REV-DOM,CC-BLR-02,GLX-208929,Jashan Sports Goods Pvt Ltd,Contract manufacturing charges,,54931.00,INR
01-Apr-2026,DOC/2026/209047,SALES,4150-REV-DOM,CC-PNQ-01,GLX-209047,Devgiri Paints LLP,Annual maintenance billing,,22024.00,INR
01-Apr-2026,DOC/2026/209150,SALES,4160-REV-DOM,CC-MYS-01,GLX-209150,Ranjeet Timber Depot Pvt Ltd,Spare kit despatch,,7157.92,INR
01-Apr-2026,DOC/2026/209255,SALES,4150-REV-DOM,CC-BLR-01,GLX-209255,Yamini Home Needs Pvt Ltd,Export documentation recovery,,48580.06,INR
01-Apr-2026,DOC/2026/209624,SALES,4120-REV-DOM,CC-PNQ-01,GLX-209624,Palashwood Interiors Pvt Ltd,Contract manufacturing charges,,34939.19,INR
02-Apr-2026,DOC/2026/204352,SALES,4150-REV-DOM,CC-HYD-01,GLX-204352,Marudhar Furnishings LLP,Labelling job billing,,52288.03,INR
02-Apr-2026,DOC/2026/204413,SALES,4130-REV-DOM,CC-BLR-01,GLX-204413,Rukmini Provisions Private Limited,Testing and calibration charges,,23540.86,INR
02-Apr-2026,DOC/2026/204828,SALES,4160-REV-DOM,CC-MYS-01,GLX-204828,Ekansh Glassworks Private Limited,Rework charges billed,,13967.00,INR
02-Apr-2026,DOC/2026/205212,SALES,4120-REV-DOM,CC-PNQ-01,GLX-205212,Utsav Bakers LLP,Scrap sale realisation,,12949.08,INR
02-Apr-2026,DOC/2026/205243,SALES,4150-REV-DOM,CC-BLR-02,GLX-205243,Kesari Handlooms Pvt Ltd,Annual maintenance billing,,85426.00,INR
02-Apr-2026,DOC/2026/205667,SALES,4150-REV-DOM,CC-BLR-02,GLX-205667,Tarangini Prints LLP,Design retainer billing,,2686.00,INR
02-Apr-2026,DOC/2026/205728,SALES,4140-REV-DOM,CC-MYS-01,GLX-205728,Nirvaan Agro Mills Pvt Ltd,Sample despatch billing,,79587.00,INR
02-Apr-2026,DOC/2026/205933,SALES,4160-REV-DOM,CC-BLR-01,GLX-205933,Chirag Battery House Pvt Ltd,Machinery hire charges,,68375.00,INR
02-Apr-2026,DOC/2026/206041,SALES,4130-REV-DOM,CC-BLR-02,GLX-206041,Meghdoot Packaging LLP,Site erection charges,,92606.00,INR
02-Apr-2026,DOC/2026/206320,SALES,4150-REV-DOM,CC-MYS-01,GLX-206320,Neelkanth Ceramics Pvt Ltd,Mould development charges,,20332.00,INR
02-Apr-2026,DOC/2026/206851,SALES,4120-REV-DOM,CC-PNQ-01,GLX-206851,Vindhya Plastics Private Limited,Freight recovery billing,,85789.76,INR
02-Apr-2026,DOC/2026/206918,SALES,4160-REV-DOM,CC-MYS-01,GLX-206918,Bhoomi Tiles and Sanitary LLP,Tooling amortisation billing,,26117.00,INR
02-Apr-2026,DOC/2026/207109,SALES,4140-REV-DOM,CC-HYD-01,GLX-207109,Chandravat Metals Private Limited,Bulk despatch schedule A,,28293.00,INR
02-Apr-2026,DOC/2026/207164,SALES,4150-REV-DOM,CC-BLR-02,GLX-207164,Kaveri Rubber Works Pvt Ltd,Contract manufacturing charges,,3196.82,INR
02-Apr-2026,DOC/2026/207496,SALES,4130-REV-DOM,CC-BLR-01,GLX-207496,Naaz Fabrics Private Limited,Packaging material supply,,41300.00,INR
02-Apr-2026,DOC/2026/207736,SALES,4110-REV-DOM,CC-BLR-01,GLX-207736,Anokhi Kitchenware Pvt Ltd,Export documentation recovery,,29670.00,INR
02-Apr-2026,DOC/2026/207852,SALES,4150-REV-DOM,CC-BLR-01,GLX-207852,Ranjeet Timber Depot Pvt Ltd,Warehouse handling recovery,,71170.35,INR
02-Apr-2026,DOC/2026/208803,SALES,4130-REV-DOM,CC-PNQ-01,GLX-208803,Barkat Stationers Private Limited,Trial batch supply,,25724.00,INR
02-Apr-2026,DOC/2026/208845,SALES,4130-REV-DOM,CC-BLR-01,GLX-208845,Yamini Home Needs Pvt Ltd,Secondary transport recovery,,80810.00,INR
02-Apr-2026,DOC/2026/209056,SALES,4120-REV-DOM,CC-BLR-02,GLX-209056,Prithvi Seeds and Feeds Pvt Ltd,Consignment despatch,,40471.08,INR
02-Apr-2026,DOC/2026/209240,SALES,4110-REV-DOM,CC-PNQ-01,GLX-209240,Palashwood Interiors Pvt Ltd,Bulk despatch schedule B,,19494.00,INR
02-Apr-2026,DOC/2026/209285,SALES,4160-REV-DOM,CC-BLR-01,GLX-209285,Madhuban Nurseries Pvt Ltd,Sample despatch billing,,14915.83,INR
02-Apr-2026,DOC/2026/209910,SALES,4150-REV-DOM,CC-BLR-01,GLX-209910,Ojas Lighting Private Limited,Palletisation charges,,43990.69,INR
02-Apr-2026,DOC/2026/209953,SALES,4130-REV-DOM,CC-MYS-01,GLX-209953,Ambar Cold Rooms Pvt Ltd,Spare kit despatch,,20012.00,INR
03-Apr-2026,DOC/2026/204054,SALES,4140-REV-DOM,CC-MYS-01,GLX-204054,Sanchit Hardware Depot Pvt Ltd,Job work conversion charges,,16137.32,INR
03-Apr-2026,DOC/2026/204152,SALES,4110-REV-DOM,CC-BLR-02,GLX-204152,Chandravat Metals Private Limited,Consignment despatch,,41736.70,INR
03-Apr-2026,DOC/2026/204298,SALES,4130-REV-DOM,CC-MYS-01,GLX-204298,Devgiri Paints LLP,Freight recovery billing,,36212.07,INR
03-Apr-2026,DOC/2026/204497,SALES,4160-REV-DOM,CC-HYD-01,GLX-204497,Bhoomi Tiles and Sanitary LLP,Trial batch supply,,22103.60,INR
03-Apr-2026,DOC/2026/204713,SALES,4110-REV-DOM,CC-MYS-01,GLX-204713,Girnar Pipes and Fittings Pvt Ltd,Export documentation recovery,,95472.82,INR
03-Apr-2026,DOC/2026/204821,SALES,4150-REV-DOM,CC-BLR-01,GLX-204821,Vaayu Organics Private Limited,Testing and calibration charges,,75850.00,INR
03-Apr-2026,DOC/2026/205355,SALES,4130-REV-DOM,CC-BLR-02,GLX-205355,Yamini Home Needs Pvt Ltd,Export documentation recovery,,37166.00,INR
03-Apr-2026,DOC/2026/205386,SALES,4130-REV-DOM,CC-BLR-01,GLX-205386,Jashan Sports Goods Pvt Ltd,Bulk despatch schedule B,,81620.00,INR
03-Apr-2026,DOC/2026/205745,SALES,4130-REV-DOM,CC-HYD-01,GLX-205745,Kalanjali Crafts Pvt Ltd,Site erection charges,,94028.00,INR
03-Apr-2026,DOC/2026/205885,SALES,4110-REV-DOM,CC-MYS-01,GLX-205885,Palashwood Interiors Pvt Ltd,Contract manufacturing charges,,51102.00,INR
03-Apr-2026,DOC/2026/206304,SALES,4140-REV-DOM,CC-PNQ-01,GLX-206304,Bhavani Steel Trading Pvt Ltd,Tooling amortisation billing,,34719.69,INR
03-Apr-2026,DOC/2026/206342,SALES,4160-REV-DOM,CC-PNQ-01,GLX-206342,Tanmay Toolroom Private Limited,Design retainer billing,,87929.00,INR
03-Apr-2026,DOC/2026/206520,SALES,4120-REV-DOM,CC-BLR-01,GLX-206520,Tarangini Prints LLP,Packaging material supply,,76945.00,INR
03-Apr-2026,DOC/2026/206587,SALES,4150-REV-DOM,CC-MYS-01,GLX-206587,Suvarna Weaves LLP,Labelling job billing,,84892.16,INR
03-Apr-2026,DOC/2026/207140,SALES,4120-REV-DOM,CC-PNQ-01,GLX-207140,Ambar Cold Rooms Pvt Ltd,Warehouse handling recovery,,63949.65,INR
03-Apr-2026,DOC/2026/207861,SALES,4140-REV-DOM,CC-MYS-01,GLX-207861,Vindhya Plastics Private Limited,Annual maintenance billing,,32037.00,INR
03-Apr-2026,DOC/2026/207951,SALES,4110-REV-DOM,CC-BLR-02,GLX-207951,Anokhi Kitchenware Pvt Ltd,Secondary transport recovery,,70506.00,INR
03-Apr-2026,DOC/2026/208329,SALES,4140-REV-DOM,CC-MYS-01,GLX-208329,Ojas Lighting Private Limited,Sample despatch billing,,59427.29,INR
03-Apr-2026,DOC/2026/208339,SALES,4150-REV-DOM,CC-BLR-02,GLX-208339,Utsav Bakers LLP,Testing and calibration charges,,56026.59,INR
03-Apr-2026,DOC/2026/208453,SALES,4120-REV-DOM,CC-BLR-01,GLX-208453,Chirag Battery House Pvt Ltd,Mould development charges,,59365.93,INR
03-Apr-2026,DOC/2026/208508,SALES,4160-REV-DOM,CC-BLR-02,GLX-208508,Sohrab Auto Spares LLP,Bulk despatch schedule A,,27251.00,INR
03-Apr-2026,DOC/2026/208514,SALES,4110-REV-DOM,CC-HYD-01,GLX-208514,Rukmini Provisions Private Limited,Scrap sale realisation,,67218.00,INR
03-Apr-2026,DOC/2026/208874,SALES,4130-REV-DOM,CC-HYD-01,GLX-208874,Shubhankar Electricals LLP,Machinery hire charges,,73358.00,INR
03-Apr-2026,DOC/2026/208925,SALES,4140-REV-DOM,CC-BLR-01,GLX-208925,Nirvaan Agro Mills Pvt Ltd,Palletisation charges,,27465.99,INR
03-Apr-2026,DOC/2026/209502,SALES,4140-REV-DOM,CC-BLR-01,GLX-209502,Marudhar Furnishings LLP,Rework charges billed,,14055.00,INR
03-Apr-2026,DOC/2026/209593,SALES,4160-REV-DOM,CC-BLR-02,GLX-209593,Sitara Packaging Solutions Pvt Ltd,Spare kit despatch,,37181.80,INR
04-Apr-2026,DOC/2026/204143,SALES,4110-REV-DOM,CC-PNQ-01,GLX-204143,Tanmay Toolroom Private Limited,Packaging material supply,,21744.00,INR
04-Apr-2026,DOC/2026/204233,SALES,4140-REV-DOM,CC-BLR-01,GLX-204233,Naaz Fabrics Private Limited,Design retainer billing,,20925.00,INR
04-Apr-2026,DOC/2026/204241,SALES,4150-REV-DOM,CC-HYD-01,GLX-204241,Anokhi Kitchenware Pvt Ltd,Export documentation recovery,,5218.00,INR
04-Apr-2026,DOC/2026/204369,SALES,4110-REV-DOM,CC-BLR-01,GLX-204369,Vindhya Plastics Private Limited,Freight recovery billing,,16470.66,INR
04-Apr-2026,DOC/2026/204410,SALES,4130-REV-DOM,CC-PNQ-01,GLX-204410,Vaayu Organics Private Limited,Scrap sale realisation,,51614.38,INR
04-Apr-2026,DOC/2026/204717,SALES,4160-REV-DOM,CC-BLR-02,GLX-204717,Prithvi Seeds and Feeds Pvt Ltd,Bulk despatch schedule A,,35681.00,INR
04-Apr-2026,DOC/2026/205445,SALES,4130-REV-DOM,CC-HYD-01,GLX-205445,Nirvaan Agro Mills Pvt Ltd,Sample despatch billing,,72218.91,INR
04-Apr-2026,DOC/2026/205484,SALES,4140-REV-DOM,CC-PNQ-01,GLX-205484,Barkat Stationers Private Limited,Tooling amortisation billing,,74289.97,INR
04-Apr-2026,DOC/2026/205758,SALES,4120-REV-DOM,CC-HYD-01,GLX-205758,Suvarna Weaves LLP,Rework charges billed,,93823.00,INR
04-Apr-2026,DOC/2026/205817,SALES,4120-REV-DOM,CC-BLR-01,GLX-205817,Jashan Sports Goods Pvt Ltd,Contract manufacturing charges,,31615.00,INR
04-Apr-2026,DOC/2026/206001,SALES,4110-REV-DOM,CC-HYD-01,GLX-206001,Bhavani Steel Trading Pvt Ltd,Trial batch supply,,48618.00,INR
04-Apr-2026,DOC/2026/206161,SALES,4160-REV-DOM,CC-PNQ-01,GLX-206161,Madhuban Nurseries Pvt Ltd,Palletisation charges,,7019.68,INR
04-Apr-2026,DOC/2026/206294,SALES,4160-REV-DOM,CC-BLR-01,GLX-206294,Girnar Pipes and Fittings Pvt Ltd,Secondary transport recovery,,58385.00,INR
04-Apr-2026,DOC/2026/206351,SALES,4160-REV-DOM,CC-BLR-02,GLX-206351,Kesari Handlooms Pvt Ltd,Freight recovery billing,,83741.00,INR
04-Apr-2026,DOC/2026/206540,SALES,4110-REV-DOM,CC-HYD-01,GLX-206540,Ekansh Glassworks Private Limited,Labelling job billing,,60888.00,INR
04-Apr-2026,DOC/2026/206635,SALES,4140-REV-DOM,CC-HYD-01,GLX-206635,Neelkanth Ceramics Pvt Ltd,Machinery hire charges,,19803.18,INR
04-Apr-2026,DOC/2026/206782,SALES,4160-REV-DOM,CC-PNQ-01,GLX-206782,Kaveri Rubber Works Pvt Ltd,Bulk despatch schedule B,,47969.00,INR
04-Apr-2026,DOC/2026/206801,SALES,4160-REV-DOM,CC-BLR-02,GLX-206801,Shubhankar Electricals LLP,Mould development charges,,34061.00,INR
04-Apr-2026,DOC/2026/207196,SALES,4160-REV-DOM,CC-BLR-02,GLX-207196,Ranjeet Timber Depot Pvt Ltd,Spare kit despatch,,57761.00,INR
04-Apr-2026,DOC/2026/207229,SALES,4150-REV-DOM,CC-MYS-01,GLX-207229,Devgiri Paints LLP,Annual maintenance billing,,41212.00,INR
04-Apr-2026,DOC/2026/207391,SALES,4130-REV-DOM,CC-BLR-01,GLX-207391,Meghdoot Packaging LLP,Job work conversion charges,,54980.83,INR
04-Apr-2026,DOC/2026/208045,SALES,4160-REV-DOM,CC-HYD-01,GLX-208045,Rukmini Provisions Private Limited,Testing and calibration charges,,19523.14,INR
04-Apr-2026,DOC/2026/208559,SALES,4120-REV-DOM,CC-MYS-01,GLX-208559,Sitara Packaging Solutions Pvt Ltd,Warehouse handling recovery,,47857.00,INR
04-Apr-2026,DOC/2026/208867,SALES,4150-REV-DOM,CC-BLR-02,GLX-208867,Sanchit Hardware Depot Pvt Ltd,Site erection charges,,66196.13,INR
04-Apr-2026,DOC/2026/209586,SALES,4110-REV-DOM,CC-MYS-01,GLX-209586,Sohrab Auto Spares LLP,Consignment despatch,,3072.66,INR
05-Apr-2026,DOC/2026/204095,SALES,4110-REV-DOM,CC-BLR-01,GLX-204095,Tarangini Prints LLP,Design retainer billing,,87330.45,INR
05-Apr-2026,DOC/2026/204219,SALES,4140-REV-DOM,CC-HYD-01,GLX-204219,Naaz Fabrics Private Limited,Packaging material supply,,8793.00,INR
05-Apr-2026,DOC/2026/204237,SALES,4150-REV-DOM,CC-MYS-01,GLX-204237,Ambar Cold Rooms Pvt Ltd,Spare kit despatch,,90112.56,INR
05-Apr-2026,DOC/2026/204407,SALES,4160-REV-DOM,CC-BLR-01,GLX-204407,Yamini Home Needs Pvt Ltd,Secondary transport recovery,,1655.00,INR
05-Apr-2026,DOC/2026/204597,SALES,4120-REV-DOM,CC-HYD-01,GLX-204597,Neelkanth Ceramics Pvt Ltd,Mould development charges,,87643.00,INR
05-Apr-2026,DOC/2026/204935,SALES,4130-REV-DOM,CC-HYD-01,GLX-204935,Kesari Handlooms Pvt Ltd,Annual maintenance billing,,95378.00,INR
05-Apr-2026,DOC/2026/204946,SALES,4150-REV-DOM,CC-BLR-02,GLX-204946,Sohrab Auto Spares LLP,Bulk despatch schedule A,,5926.22,INR
05-Apr-2026,DOC/2026/205451,SALES,4110-REV-DOM,CC-BLR-02,GLX-205451,Meghdoot Packaging LLP,Site erection charges,,50136.01,INR
05-Apr-2026,DOC/2026/206038,SALES,4120-REV-DOM,CC-BLR-02,GLX-206038,Girnar Pipes and Fittings Pvt Ltd,Export documentation recovery,,87901.00,INR
05-Apr-2026,DOC/2026/206496,SALES,4140-REV-DOM,CC-HYD-01,GLX-206496,Utsav Bakers LLP,Scrap sale realisation,,17343.48,INR
05-Apr-2026,DOC/2026/206932,SALES,4110-REV-DOM,CC-BLR-01,GLX-206932,Devgiri Paints LLP,Freight recovery billing,,70350.57,INR
05-Apr-2026,DOC/2026/207092,SALES,4130-REV-DOM,CC-BLR-02,GLX-207092,Ojas Lighting Private Limited,Palletisation charges,,85286.00,INR
05-Apr-2026,DOC/2026/207728,SALES,4150-REV-DOM,CC-HYD-01,GLX-207728,Ranjeet Timber Depot Pvt Ltd,Warehouse handling recovery,,52828.00,INR
05-Apr-2026,DOC/2026/207862,SALES,4140-REV-DOM,CC-MYS-01,GLX-207862,Shubhankar Electricals LLP,Machinery hire charges,,70137.00,INR
05-Apr-2026,DOC/2026/207889,SALES,4120-REV-DOM,CC-BLR-01,GLX-207889,Marudhar Furnishings LLP,Labelling job billing,,35425.00,INR
05-Apr-2026,DOC/2026/208140,SALES,4120-REV-DOM,CC-BLR-01,GLX-208140,Kalanjali Crafts Pvt Ltd,Job work conversion charges,,50665.53,INR
05-Apr-2026,DOC/2026/208281,SALES,4140-REV-DOM,CC-HYD-01,GLX-208281,Kaveri Rubber Works Pvt Ltd,Contract manufacturing charges,,3213.66,INR
05-Apr-2026,DOC/2026/208381,SALES,4150-REV-DOM,CC-MYS-01,GLX-208381,Barkat Stationers Private Limited,Trial batch supply,,49342.76,INR
05-Apr-2026,DOC/2026/208402,SALES,4160-REV-DOM,CC-MYS-01,GLX-208402,Madhuban Nurseries Pvt Ltd,Sample despatch billing,,29627.00,INR
05-Apr-2026,DOC/2026/208567,SALES,4140-REV-DOM,CC-MYS-01,GLX-208567,Bhoomi Tiles and Sanitary LLP,Tooling amortisation billing,,67497.00,INR
05-Apr-2026,DOC/2026/208592,SALES,4110-REV-DOM,CC-BLR-02,GLX-208592,Chandravat Metals Private Limited,Bulk despatch schedule A,,85896.00,INR
05-Apr-2026,DOC/2026/208936,SALES,4150-REV-DOM,CC-PNQ-01,GLX-208936,Prithvi Seeds and Feeds Pvt Ltd,Consignment despatch,,7774.00,INR
05-Apr-2026,DOC/2026/209159,SALES,4110-REV-DOM,CC-HYD-01,GLX-209159,Vaayu Organics Private Limited,Testing and calibration charges,,83568.00,INR
05-Apr-2026,DOC/2026/209498,SALES,4110-REV-DOM,CC-BLR-01,GLX-209498,Palashwood Interiors Pvt Ltd,Bulk despatch schedule B,,36720.24,INR
05-Apr-2026,DOC/2026/209663,SALES,4120-REV-DOM,CC-MYS-01,GLX-209663,Chirag Battery House Pvt Ltd,Machinery hire charges,,49507.00,INR
05-Apr-2026,DOC/2026/209856,SALES,4140-REV-DOM,CC-BLR-01,GLX-209856,Ekansh Glassworks Private Limited,Rework charges billed,,92895.00,INR
06-Apr-2026,DOC/2026/204322,SALES,4130-REV-DOM,CC-BLR-02,GLX-204322,Sanchit Hardware Depot Pvt Ltd,Job work conversion charges,,26756.92,INR
06-Apr-2026,DOC/2026/204420,SALES,4130-REV-DOM,CC-BLR-02,GLX-204420,Rukmini Provisions Private Limited,Scrap sale realisation,,23186.02,INR
06-Apr-2026,DOC/2026/204644,SALES,4130-REV-DOM,CC-BLR-02,GLX-204644,Neelkanth Ceramics Pvt Ltd,Machinery hire charges,,72026.85,INR
06-Apr-2026,DOC/2026/204687,SALES,4120-REV-DOM,CC-MYS-01,GLX-204687,Chandravat Metals Private Limited,Consignment despatch,,68647.14,INR
06-Apr-2026,DOC/2026/204707,SALES,4110-REV-DOM,CC-HYD-01,GLX-204707,Palashwood Interiors Pvt Ltd,Contract manufacturing charges,,50268.00,INR
06-Apr-2026,DOC/2026/205163,SALES,4110-REV-DOM,CC-PNQ-01,GLX-205163,Tarangini Prints LLP,Packaging material supply,,3654.00,INR
06-Apr-2026,DOC/2026/205877,SALES,4120-REV-DOM,CC-BLR-01,GLX-205877,Bhavani Steel Trading Pvt Ltd,Tooling amortisation billing,,34765.00,INR
06-Apr-2026,DOC/2026/205916,SALES,4140-REV-DOM,CC-HYD-01,GLX-205916,Bhoomi Tiles and Sanitary LLP,Trial batch supply,,1653.91,INR
06-Apr-2026,DOC/2026/206025,SALES,4110-REV-DOM,CC-MYS-01,GLX-206025,Ambar Cold Rooms Pvt Ltd,Warehouse handling recovery,,37692.13,INR
06-Apr-2026,DOC/2026/206107,SALES,4120-REV-DOM,CC-BLR-02,GLX-206107,Tanmay Toolroom Private Limited,Design retainer billing,,27931.00,INR
06-Apr-2026,DOC/2026/206549,SALES,4120-REV-DOM,CC-BLR-01,GLX-206549,Yamini Home Needs Pvt Ltd,Export documentation recovery,,865.00,INR
06-Apr-2026,DOC/2026/206619,SALES,4110-REV-DOM,CC-MYS-01,GLX-206619,Ojas Lighting Private Limited,Sample despatch billing,,12072.00,INR
06-Apr-2026,DOC/2026/206930,SALES,4140-REV-DOM,CC-BLR-02,GLX-206930,Nirvaan Agro Mills Pvt Ltd,Palletisation charges,,41061.55,INR
06-Apr-2026,DOC/2026/207127,SALES,4110-REV-DOM,CC-BLR-01,GLX-207127,Vindhya Plastics Private Limited,Annual maintenance billing,,77520.00,INR
06-Apr-2026,DOC/2026/207135,SALES,4120-REV-DOM,CC-MYS-01,GLX-207135,Kesari Handlooms Pvt Ltd,Freight recovery billing,,57577.78,INR
06-Apr-2026,DOC/2026/207745,SALES,4130-REV-DOM,CC-MYS-01,GLX-207745,Utsav Bakers LLP,Testing and calibration charges,,30002.28,INR
06-Apr-2026,DOC/2026/208139,SALES,4140-REV-DOM,CC-BLR-02,GLX-208139,Prithvi Seeds and Feeds Pvt Ltd,Bulk despatch schedule A,,46191.98,INR
06-Apr-2026,DOC/2026/208405,SALES,4140-REV-DOM,CC-BLR-01,GLX-208405,Suvarna Weaves LLP,Labelling job billing,,29055.00,INR
06-Apr-2026,DOC/2026/208721,SALES,4120-REV-DOM,CC-HYD-01,GLX-208721,Kalanjali Crafts Pvt Ltd,Site erection charges,,55183.00,INR
06-Apr-2026,DOC/2026/208783,SALES,4120-REV-DOM,CC-BLR-01,GLX-208783,Jashan Sports Goods Pvt Ltd,Bulk despatch schedule B,,60025.57,INR
06-Apr-2026,DOC/2026/208786,SALES,4160-REV-DOM,CC-BLR-02,GLX-208786,Anokhi Kitchenware Pvt Ltd,Secondary transport recovery,,83261.00,INR
06-Apr-2026,DOC/2026/209162,SALES,4140-REV-DOM,CC-MYS-01,GLX-209162,Ranjeet Timber Depot Pvt Ltd,Spare kit despatch,,78147.09,INR
06-Apr-2026,DOC/2026/209487,SALES,4140-REV-DOM,CC-MYS-01,GLX-209487,Marudhar Furnishings LLP,Rework charges billed,,15207.10,INR
06-Apr-2026,DOC/2026/209544,SALES,4120-REV-DOM,CC-BLR-01,GLX-209544,Sitara Packaging Solutions Pvt Ltd,Spare kit despatch,,49045.69,INR
06-Apr-2026,DOC/2026/209912,SALES,4130-REV-DOM,CC-BLR-01,GLX-209912,Chirag Battery House Pvt Ltd,Mould development charges,,48080.37,INR
07-Apr-2026,DOC/2026/204042,SALES,4130-REV-DOM,CC-HYD-01,GLX-204042,Jashan Sports Goods Pvt Ltd,Contract manufacturing charges,,26828.53,INR
07-Apr-2026,DOC/2026/204137,SALES,4120-REV-DOM,CC-PNQ-01,GLX-204137,Meghdoot Packaging LLP,Job work conversion charges,,70759.00,INR
07-Apr-2026,DOC/2026/204272,SALES,4160-REV-DOM,CC-MYS-01,GLX-204272,Naaz Fabrics Private Limited,Design retainer billing,,40427.97,INR
07-Apr-2026,DOC/2026/204334,SALES,4120-REV-DOM,CC-PNQ-01,GLX-204334,Kalanjali Crafts Pvt Ltd,Job work conversion charges,,24439.00,INR
07-Apr-2026,DOC/2026/204478,SALES,4130-REV-DOM,CC-BLR-01,GLX-204478,Rukmini Provisions Private Limited,Testing and calibration charges,,54020.31,INR
07-Apr-2026,DOC/2026/204755,SALES,4110-REV-DOM,CC-BLR-02,GLX-204755,Sitara Packaging Solutions Pvt Ltd,Warehouse handling recovery,,54906.41,INR
07-Apr-2026,DOC/2026/205246,SALES,4140-REV-DOM,CC-MYS-01,GLX-205246,Madhuban Nurseries Pvt Ltd,Palletisation charges,,18027.00,INR
07-Apr-2026,DOC/2026/205471,SALES,4140-REV-DOM,CC-MYS-01,GLX-205471,Barkat Stationers Private Limited,Tooling amortisation billing,,94917.00,INR
07-Apr-2026,DOC/2026/205517,SALES,4130-REV-DOM,CC-PNQ-01,GLX-205517,Vaayu Organics Private Limited,Scrap sale realisation,,37544.00,INR
07-Apr-2026,DOC/2026/205631,SALES,4150-REV-DOM,CC-BLR-02,GLX-205631,Sanchit Hardware Depot Pvt Ltd,Site erection charges,,60646.00,INR
07-Apr-2026,DOC/2026/205784,SALES,4140-REV-DOM,CC-HYD-01,GLX-205784,Chirag Battery House Pvt Ltd,Machinery hire charges,,93573.00,INR
07-Apr-2026,DOC/2026/206000,SALES,4130-REV-DOM,CC-HYD-01,GLX-206000,Anokhi Kitchenware Pvt Ltd,Export documentation recovery,,49658.25,INR
07-Apr-2026,DOC/2026/206100,SALES,4160-REV-DOM,CC-BLR-02,GLX-206100,Tanmay Toolroom Private Limited,Packaging material supply,,92531.22,INR
07-Apr-2026,DOC/2026/206204,SALES,4150-REV-DOM,CC-HYD-01,GLX-206204,Girnar Pipes and Fittings Pvt Ltd,Secondary transport recovery,,37438.84,INR
07-Apr-2026,DOC/2026/206345,SALES,4120-REV-DOM,CC-HYD-01,GLX-206345,Sohrab Auto Spares LLP,Consignment despatch,,77113.00,INR
07-Apr-2026,DOC/2026/206425,SALES,4160-REV-DOM,CC-BLR-02,GLX-206425,Kaveri Rubber Works Pvt Ltd,Bulk despatch schedule B,,94301.00,INR
07-Apr-2026,DOC/2026/206487,SALES,4140-REV-DOM,CC-BLR-02,GLX-206487,Shubhankar Electricals LLP,Mould development charges,,1251.00,INR
07-Apr-2026,DOC/2026/207299,SALES,4130-REV-DOM,CC-HYD-01,GLX-207299,Suvarna Weaves LLP,Rework charges billed,,14918.00,INR
07-Apr-2026,DOC/2026/207602,SALES,4150-REV-DOM,CC-PNQ-01,GLX-207602,Devgiri Paints LLP,Annual maintenance billing,,54574.64,INR
07-Apr-2026,DOC/2026/207872,SALES,4160-REV-DOM,CC-BLR-02,GLX-207872,Ekansh Glassworks Private Limited,Labelling job billing,,32801.00,INR
07-Apr-2026,DOC/2026/207963,SALES,4150-REV-DOM,CC-BLR-01,GLX-207963,Bhavani Steel Trading Pvt Ltd,Trial batch supply,,85240.00,INR
07-Apr-2026,DOC/2026/207969,SALES,4110-REV-DOM,CC-PNQ-01,GLX-207969,Marudhar Furnishings LLP,Labelling job billing,,51744.84,INR
07-Apr-2026,DOC/2026/208637,SALES,4140-REV-DOM,CC-PNQ-01,GLX-208637,Nirvaan Agro Mills Pvt Ltd,Sample despatch billing,,42639.00,INR
07-Apr-2026,DOC/2026/209468,SALES,4120-REV-DOM,CC-BLR-01,GLX-209468,Ambar Cold Rooms Pvt Ltd,Spare kit despatch,,36745.55,INR
07-Apr-2026,DOC/2026/209469,SALES,4160-REV-DOM,CC-BLR-02,GLX-209469,Vindhya Plastics Private Limited,Freight recovery billing,,13841.68,INR
08-Apr-2026,DOC/2026/204010,SALES,4160-REV-DOM,CC-MYS-01,GLX-204010,Barkat Stationers Private Limited,Trial batch supply,,63467.39,INR
08-Apr-2026,DOC/2026/204260,SALES,4120-REV-DOM,CC-PNQ-01,GLX-204260,Devgiri Paints LLP,Freight recovery billing,,48169.00,INR
08-Apr-2026,DOC/2026/204691,SALES,4110-REV-DOM,CC-HYD-01,GLX-204691,Palashwood Interiors Pvt Ltd,Bulk despatch schedule B,,30588.00,INR
08-Apr-2026,DOC/2026/204872,SALES,4160-REV-DOM,CC-MYS-01,GLX-204872,Ekansh Glassworks Private Limited,Rework charges billed,,9047.00,INR
08-Apr-2026,DOC/2026/205288,SALES,4120-REV-DOM,CC-BLR-01,GLX-205288,Naaz Fabrics Private Limited,Packaging material supply,,35275.82,INR
08-Apr-2026,DOC/2026/205424,SALES,4130-REV-DOM,CC-MYS-01,GLX-205424,Sitara Packaging Solutions Pvt Ltd,Spare kit despatch,,1712.00,INR
08-Apr-2026,DOC/2026/205579,SALES,4150-REV-DOM,CC-BLR-02,GLX-205579,Shubhankar Electricals LLP,Machinery hire charges,,56656.55,INR
08-Apr-2026,DOC/2026/205639,SALES,4130-REV-DOM,CC-BLR-01,GLX-205639,Vaayu Organics Private Limited,Testing and calibration charges,,4790.00,INR
08-Apr-2026,DOC/2026/206478,SALES,4130-REV-DOM,CC-MYS-01,GLX-206478,Neelkanth Ceramics Pvt Ltd,Mould development charges,,37952.00,INR
08-Apr-2026,DOC/2026/206676,SALES,4160-REV-DOM,CC-HYD-01,GLX-206676,Sohrab Auto Spares LLP,Bulk despatch schedule A,,80033.00,INR
08-Apr-2026,DOC/2026/207040,SALES,4140-REV-DOM,CC-BLR-01,GLX-207040,Tarangini Prints LLP,Design retainer billing,,90285.16,INR
08-Apr-2026,DOC/2026/207087,SALES,4130-REV-DOM,CC-BLR-01,GLX-207087,Girnar Pipes and Fittings Pvt Ltd,Export documentation recovery,,24500.15,INR
08-Apr-2026,DOC/2026/207204,SALES,4150-REV-DOM,CC-MYS-01,GLX-207204,Sanchit Hardware Depot Pvt Ltd,Job work conversion charges,,51862.74,INR
08-Apr-2026,DOC/2026/208258,SALES,4140-REV-DOM,CC-PNQ-01,GLX-208258,Utsav Bakers LLP,Scrap sale realisation,,79479.73,INR
08-Apr-2026,DOC/2026/208315,SALES,4110-REV-DOM,CC-HYD-01,GLX-208315,Kaveri Rubber Works Pvt Ltd,Contract manufacturing charges,,39378.73,INR
08-Apr-2026,DOC/2026/208693,SALES,4110-REV-DOM,CC-BLR-01,GLX-208693,Madhuban Nurseries Pvt Ltd,Sample despatch billing,,90390.00,INR
08-Apr-2026,DOC/2026/208780,SALES,4120-REV-DOM,CC-HYD-01,GLX-208780,Bhoomi Tiles and Sanitary LLP,Tooling amortisation billing,,43993.00,INR
08-Apr-2026,DOC/2026/208868,SALES,4120-REV-DOM,CC-BLR-01,GLX-208868,Ranjeet Timber Depot Pvt Ltd,Warehouse handling recovery,,10855.33,INR
08-Apr-2026,DOC/2026/209278,SALES,4110-REV-DOM,CC-PNQ-01,GLX-209278,Meghdoot Packaging LLP,Site erection charges,,51354.85,INR
08-Apr-2026,DOC/2026/209421,SALES,4120-REV-DOM,CC-MYS-01,GLX-209421,Prithvi Seeds and Feeds Pvt Ltd,Consignment despatch,,39967.33,INR
08-Apr-2026,DOC/2026/209448,SALES,4140-REV-DOM,CC-PNQ-01,GLX-209448,Yamini Home Needs Pvt Ltd,Secondary transport recovery,,20169.00,INR
08-Apr-2026,DOC/2026/209688,SALES,4140-REV-DOM,CC-HYD-01,GLX-209688,Ojas Lighting Private Limited,Palletisation charges,,49353.63,INR
08-Apr-2026,DOC/2026/209855,SALES,4110-REV-DOM,CC-MYS-01,GLX-209855,Bhavani Steel Trading Pvt Ltd,Tooling amortisation billing,,46722.19,INR
08-Apr-2026,DOC/2026/209914,SALES,4130-REV-DOM,CC-BLR-01,GLX-209914,Kesari Handlooms Pvt Ltd,Annual maintenance billing,,48680.00,INR
08-Apr-2026,DOC/2026/209960,SALES,4110-REV-DOM,CC-HYD-01,GLX-209960,Suvarna Weaves LLP,Labelling job billing,,37818.85,INR
09-Apr-2026,DOC/2026/204323,SALES,4130-REV-DOM,CC-BLR-01,GLX-204323,Utsav Bakers LLP,Testing and calibration charges,,63380.36,INR
09-Apr-2026,DOC/2026/204406,SALES,4140-REV-DOM,CC-PNQ-01,GLX-204406,Palashwood Interiors Pvt Ltd,Contract manufacturing charges,,77709.06,INR
09-Apr-2026,DOC/2026/204853,SALES,4120-REV-DOM,CC-HYD-01,GLX-204853,Kalanjali Crafts Pvt Ltd,Site erection charges,,90283.00,INR
09-Apr-2026,DOC/2026/204870,SALES,4130-REV-DOM,CC-BLR-02,GLX-204870,Prithvi Seeds and Feeds Pvt Ltd,Bulk despatch schedule A,,63026.77,INR
09-Apr-2026,DOC/2026/205056,SALES,4120-REV-DOM,CC-HYD-01,GLX-205056,Rukmini Provisions Private Limited,Scrap sale realisation,,20893.21,INR
09-Apr-2026,DOC/2026/205255,SALES,4110-REV-DOM,CC-MYS-01,GLX-205255,Meghdoot Packaging LLP,Job work conversion charges,,78432.00,INR
09-Apr-2026,DOC/2026/205346,SALES,4130-REV-DOM,CC-BLR-02,GLX-205346,Yamini Home Needs Pvt Ltd,Export documentation recovery,,41966.00,INR
09-Apr-2026,DOC/2026/205932,SALES,4160-REV-DOM,CC-BLR-01,GLX-205932,Ekansh Glassworks Private Limited,Labelling job billing,,34775.00,INR
09-Apr-2026,DOC/2026/205936,SALES,4140-REV-DOM,CC-PNQ-01,GLX-205936,Anokhi Kitchenware Pvt Ltd,Secondary transport recovery,,54609.00,INR
09-Apr-2026,DOC/2026/206028,SALES,4130-REV-DOM,CC-HYD-01,GLX-206028,Bhoomi Tiles and Sanitary LLP,Trial batch supply,,19538.43,INR
09-Apr-2026,DOC/2026/206178,SALES,4160-REV-DOM,CC-BLR-01,GLX-206178,Naaz Fabrics Private Limited,Design retainer billing,,13865.08,INR
09-Apr-2026,DOC/2026/206225,SALES,4150-REV-DOM,CC-BLR-02,GLX-206225,Vindhya Plastics Private Limited,Annual maintenance billing,,6106.00,INR
09-Apr-2026,DOC/2026/206663,SALES,4120-REV-DOM,CC-PNQ-01,GLX-206663,Tanmay Toolroom Private Limited,Design retainer billing,,52339.15,INR
09-Apr-2026,DOC/2026/206833,SALES,4160-REV-DOM,CC-BLR-01,GLX-206833,Jashan Sports Goods Pvt Ltd,Bulk despatch schedule B,,77675.90,INR
09-Apr-2026,DOC/2026/206969,SALES,4120-REV-DOM,CC-HYD-01,GLX-206969,Neelkanth Ceramics Pvt Ltd,Machinery hire charges,,25003.47,INR
09-Apr-2026,DOC/2026/207591,SALES,4150-REV-DOM,CC-HYD-01,GLX-207591,Ranjeet Timber Depot Pvt Ltd,Spare kit despatch,,77368.00,INR
09-Apr-2026,DOC/2026/207632,SALES,4110-REV-DOM,CC-MYS-01,GLX-207632,Chirag Battery House Pvt Ltd,Mould development charges,,14682.74,INR
09-Apr-2026,DOC/2026/207869,SALES,4150-REV-DOM,CC-BLR-01,GLX-207869,Kesari Handlooms Pvt Ltd,Freight recovery billing,,59410.38,INR
09-Apr-2026,DOC/2026/208805,SALES,4160-REV-DOM,CC-PNQ-01,GLX-208805,Barkat Stationers Private Limited,Tooling amortisation billing,,29519.00,INR
09-Apr-2026,DOC/2026/209292,SALES,4110-REV-DOM,CC-PNQ-01,GLX-209292,Marudhar Furnishings LLP,Rework charges billed,,69834.00,INR
09-Apr-2026,DOC/2026/209381,SALES,4150-REV-DOM,CC-HYD-01,GLX-209381,Tarangini Prints LLP,Packaging material supply,,59878.45,INR
09-Apr-2026,DOC/2026/209461,SALES,4120-REV-DOM,CC-MYS-01,GLX-209461,Nirvaan Agro Mills Pvt Ltd,Palletisation charges,,51997.00,INR
09-Apr-2026,DOC/2026/209692,SALES,4110-REV-DOM,CC-PNQ-01,GLX-209692,Kaveri Rubber Works Pvt Ltd,Bulk despatch schedule B,,72624.86,INR
09-Apr-2026,DOC/2026/209751,SALES,4110-REV-DOM,CC-HYD-01,GLX-209751,Ambar Cold Rooms Pvt Ltd,Warehouse handling recovery,,47748.98,INR
09-Apr-2026,DOC/2026/209764,SALES,4150-REV-DOM,CC-HYD-01,GLX-209764,Ojas Lighting Private Limited,Sample despatch billing,,13588.00,INR
09-Apr-2026,DOC/2026/209982,SALES,4130-REV-DOM,CC-PNQ-01,GLX-209982,Chandravat Metals Private Limited,Consignment despatch,,73754.67,INR
10-Apr-2026,DOC/2026/204346,SALES,4140-REV-DOM,CC-BLR-02,GLX-204346,Palashwood Interiors Pvt Ltd,Bulk despatch schedule B,,35001.95,INR
10-Apr-2026,DOC/2026/204458,SALES,4120-REV-DOM,CC-HYD-01,GLX-204458,Bhoomi Tiles and Sanitary LLP,Tooling amortisation billing,,59293.29,INR
10-Apr-2026,DOC/2026/204466,SALES,4160-REV-DOM,CC-BLR-01,GLX-204466,Devgiri Paints LLP,Annual maintenance billing,,59765.89,INR
10-Apr-2026,DOC/2026/204617,SALES,4120-REV-DOM,CC-BLR-01,GLX-204617,Vindhya Plastics Private Limited,Freight recovery billing,,38845.00,INR
10-Apr-2026,DOC/2026/204629,SALES,4140-REV-DOM,CC-BLR-02,GLX-204629,Shubhankar Electricals LLP,Mould development charges,,26181.00,INR
10-Apr-2026,DOC/2026/204902,SALES,4110-REV-DOM,CC-MYS-01,GLX-204902,Anokhi Kitchenware Pvt Ltd,Export documentation recovery,,57522.00,INR
10-Apr-2026,DOC/2026/205134,SALES,4150-REV-DOM,CC-BLR-02,GLX-205134,Jashan Sports Goods Pvt Ltd,Contract manufacturing charges,,20296.00,INR
10-Apr-2026,DOC/2026/205264,SALES,4160-REV-DOM,CC-HYD-01,GLX-205264,Rukmini Provisions Private Limited,Testing and calibration charges,,2633.00,INR
10-Apr-2026,DOC/2026/205273,SALES,4150-REV-DOM,CC-BLR-02,GLX-205273,Marudhar Furnishings LLP,Labelling job billing,,32956.40,INR
10-Apr-2026,DOC/2026/205375,SALES,4130-REV-DOM,CC-HYD-01,GLX-205375,Tarangini Prints LLP,Design retainer billing,,41768.03,INR
10-Apr-2026,DOC/2026/205543,SALES,4110-REV-DOM,CC-PNQ-01,GLX-205543,Sohrab Auto Spares LLP,Consignment despatch,,34554.10,INR
10-Apr-2026,DOC/2026/206097,SALES,4140-REV-DOM,CC-PNQ-01,GLX-206097,Nirvaan Agro Mills Pvt Ltd,Sample despatch billing,,38319.00,INR
10-Apr-2026,DOC/2026/206171,SALES,4130-REV-DOM,CC-PNQ-01,GLX-206171,Ojas Lighting Private Limited,Palletisation charges,,71264.00,INR
10-Apr-2026,DOC/2026/206337,SALES,4150-REV-DOM,CC-PNQ-01,GLX-206337,Chirag Battery House Pvt Ltd,Machinery hire charges,,65254.97,INR
10-Apr-2026,DOC/2026/206431,SALES,4140-REV-DOM,CC-PNQ-01,GLX-206431,Kalanjali Crafts Pvt Ltd,Job work conversion charges,,27669.13,INR
10-Apr-2026,DOC/2026/206456,SALES,4160-REV-DOM,CC-BLR-02,GLX-206456,Girnar Pipes and Fittings Pvt Ltd,Secondary transport recovery,,41201.34,INR
10-Apr-2026,DOC/2026/207143,SALES,4110-REV-DOM,CC-BLR-01,GLX-207143,Suvarna Weaves LLP,Rework charges billed,,68850.66,INR
10-Apr-2026,DOC/2026/207194,SALES,4150-REV-DOM,CC-MYS-01,GLX-207194,Chandravat Metals Private Limited,Bulk despatch schedule A,,52582.00,INR
10-Apr-2026,DOC/2026/207598,SALES,4130-REV-DOM,CC-MYS-01,GLX-207598,Ambar Cold Rooms Pvt Ltd,Spare kit despatch,,61292.30,INR
10-Apr-2026,DOC/2026/207666,SALES,4160-REV-DOM,CC-HYD-01,GLX-207666,Madhuban Nurseries Pvt Ltd,Palletisation charges,,69173.82,INR
10-Apr-2026,DOC/2026/208027,SALES,4160-REV-DOM,CC-MYS-01,GLX-208027,Tanmay Toolroom Private Limited,Packaging material supply,,15197.57,INR
10-Apr-2026,DOC/2026/208070,SALES,4110-REV-DOM,CC-BLR-01,GLX-208070,Sitara Packaging Solutions Pvt Ltd,Warehouse handling recovery,,41520.00,INR
10-Apr-2026,DOC/2026/208233,SALES,4160-REV-DOM,CC-HYD-01,GLX-208233,Sanchit Hardware Depot Pvt Ltd,Site erection charges,,77393.00,INR
10-Apr-2026,DOC/2026/208619,SALES,4160-REV-DOM,CC-MYS-01,GLX-208619,Bhavani Steel Trading Pvt Ltd,Trial batch supply,,33227.00,INR
10-Apr-2026,DOC/2026/209925,SALES,4110-REV-DOM,CC-MYS-01,GLX-209925,Vaayu Organics Private Limited,Scrap sale realisation,,25032.69,INR
