id,entity,order_id,amount,currency,status,method,captured,description,card_id,bank,vpa,fee,tax,created_at,notes
pay_8S249JU2KD102W,payment,WB-104254,1191183,INR,captured,netbanking,TRUE,Payment for WB-104254 Rubber foot mat,,,,23824,4288,1772395740,
pay_X3Z9WK61446SXH,payment,WB-104726,713387,INR,captured,wallet,TRUE,Payment for WB-104726 Copper water bottle,,,,14268,2568,1772372100,
pay_3ABTX4A3E7SNSQ,payment,WB-104831,3167900,INR,captured,emi,TRUE,Payment for WB-104831 Steel tiffin carrier,,,,63358,11404,1772357040,
pay_A2ZZMYU6W04Q6C,payment,WB-105613,1783908,INR,captured,emi,TRUE,Payment for WB-105613 Rubber foot mat,,,,35678,6422,1772370180,
pay_VKQ46FTV69C7A8,payment,WB-105634,695391,INR,captured,wallet,TRUE,Payment for WB-105634 Trolley bag 24 inch,,,,13908,2503,1772382660,
pay_DQSWVTGL27EKW9,payment,WB-105713,4494400,INR,captured,emi,TRUE,Payment for WB-105713 Rubber foot mat,,,,89888,16180,1772352180,
pay_KVS46Z7PMYWRAX,payment,WB-105723,8232041,INR,captured,card,TRUE,Payment for WB-105723 Steel tiffin carrier,,,,164641,29635,1772398380,
pay_5GT5HG1AYHZVP1,payment,WB-105728,8919259,INR,captured,upi,TRUE,Payment for WB-105728 Trolley bag 24 inch,,,,178385,32109,1772391360,
pay_XEMEJJZ3XMXK8T,payment,WB-105758,7076000,INR,captured,card,TRUE,Payment for WB-105758 Steel tiffin carrier,,,,141520,25474,1772365620,
pay_R00BWLJY3S90QP,payment,WB-106120,4558500,INR,captured,card,TRUE,Payment for WB-106120 Steel tiffin carrier,,,,91170,16411,1772370780,
pay_85GG53RNCRZ4X1,payment,WB-106142,3427181,INR,captured,netbanking,TRUE,Payment for WB-106142 Rubber foot mat,,,,68544,12338,1772369340,
pay_932ZQZ9KPJ012W,payment,WB-106169,7772943,INR,captured,emi,TRUE,Payment for WB-106169 Rubber foot mat,,,,155459,27983,1772396280,
pay_5LWZ2MKCYCEYG5,payment,WB-106266,5361751,INR,captured,upi,TRUE,Payment for WB-106266 Coir door mat,,,,107235,19302,1772366520,
pay_A877MSJ9DBR2QP,payment,WB-106608,2466700,INR,captured,upi,TRUE,Payment for WB-106608 Copper water bottle,,,,49334,8880,1772378760,
pay_R1NFUE87YZ9H28,payment,WB-106764,4759900,INR,captured,emi,TRUE,Payment for WB-106764 Coir door mat,,,,95198,17136,1772378760,
pay_YGP6FL0PKFVM0J,payment,WB-106851,1880600,INR,captured,netbanking,TRUE,Payment for WB-106851 Coir door mat,,,,37612,6770,1772395260,
pay_414PCJCLS826E9,payment,WB-106887,2249600,INR,captured,netbanking,TRUE,Payment for WB-106887 Copper water bottle,,,,44992,8099,1772391960,
pay_62U32NY6MYH9BX,payment,WB-106987,7200675,INR,captured,netbanking,TRUE,Payment for WB-106987 Rubber foot mat,,,,144014,25923,1772365080,
pay_G0L9NB3PL4RQCA,payment,WB-107004,1193600,INR,captured,netbanking,TRUE,Payment for WB-107004 Steel tiffin carrier,,,,23872,4297,1772374500,
pay_CR4ZFTXA2D4RSA,payment,WB-107070,1267000,INR,captured,card,TRUE,Payment for WB-107070 Mixer jar spare,,,,25340,4561,1772356860,
pay_9YU19TQX2N0C7L,payment,WB-107168,3455800,INR,captured,wallet,TRUE,Payment for WB-107168 Copper water bottle,,,,69116,12441,1772389800,
pay_85D94PHSQB6BZA,payment,WB-107190,481532,INR,captured,card,TRUE,Payment for WB-107190 Copper water bottle,,,,9631,1734,1772378400,
pay_4R4XY26WZNX59X,payment,WB-107341,1242100,INR,captured,netbanking,TRUE,Payment for WB-107341 Trolley bag 24 inch,,,,24842,4472,1772371560,
pay_2QNNX59L4X56U6,payment,WB-107465,5467900,INR,captured,emi,TRUE,Payment for WB-107465 Mixer jar spare,,,,109358,19684,1772388420,
pay_J6H46Y486HR51V,payment,WB-107468,7601100,INR,captured,netbanking,TRUE,Payment for WB-107468 Coir door mat,,,,152022,27364,1772377200,
pay_NUBBS4ZNX2EG1J,payment,WB-107552,3531900,INR,captured,emi,TRUE,Payment for WB-107552 Mixer jar spare,,,,70638,12715,1772355840,
pay_74A1HLF9ACD5SE,payment,WB-107636,4634394,INR,captured,wallet,TRUE,Payment for WB-107636 Mixer jar spare,,,,92688,16684,1772371860,
pay_D816DT38ZEC9BR,payment,WB-107844,1971300,INR,captured,wallet,TRUE,Payment for WB-107844 Coir door mat,,,,39426,7097,1772381880,
pay_82BG8XG8R7W403,payment,WB-108049,474000,INR,captured,card,TRUE,Payment for WB-108049 Trolley bag 24 inch,,,,9480,1706,1772390460,
pay_GM93X2CG37DYYZ,payment,WB-108089,5072023,INR,captured,card,TRUE,Payment for WB-108089 Steel tiffin carrier,,,,101440,18259,1772375700,
pay_CV30W1XM0MDV9Y,payment,WB-108313,5305025,INR,captured,card,TRUE,Payment for WB-108313 Coir door mat,,,,106100,19098,1772396280,
pay_ANP3G2918WZMT6,payment,WB-108565,3747000,INR,captured,card,TRUE,Payment for WB-108565 Coir door mat,,,,74940,13489,1772391000,
pay_YQX3VN2X7E6Z9D,payment,WB-108766,8931884,INR,captured,wallet,TRUE,Payment for WB-108766 Trolley bag 24 inch,,,,178638,32155,1772377680,
pay_6UYQAAYC53YR8M,payment,WB-108938,8924003,INR,captured,card,TRUE,Payment for WB-108938 Copper water bottle,,,,178480,32126,1772395260,
pay_60TJ9TKC5WJBHL,payment,WB-109154,429813,INR,captured,wallet,TRUE,Payment for WB-109154 Steel tiffin carrier,,,,8596,1547,1772359320,
pay_9SNS8FRGF7981R,payment,WB-109422,5116623,INR,captured,netbanking,TRUE,Payment for WB-109422 Trolley bag 24 inch,,,,102332,18420,1772383560,
pay_7E9HC7S0ULGAN9,payment,WB-109468,1165442,INR,captured,emi,TRUE,Payment for WB-109468 Mixer jar spare,,,,23309,4196,1772352540,
pay_5NH7FZ33UUQ4C5,payment,WB-109596,3239811,INR,captured,wallet,TRUE,Payment for WB-109596 Copper water bottle,,,,64796,11663,1772368560,
pay_ZZHRPH5RDT3ESJ,payment,WB-109691,5509300,INR,captured,wallet,TRUE,Payment for WB-109691 Mixer jar spare,,,,110186,19833,1772385120,
pay_HRVN7YKK5Q5QEB,payment,WB-104030,4214278,INR,captured,upi,TRUE,Payment for WB-104030 Coir door mat,,,,84286,15171,1772474100,
pay_S4Q40C4502E54C,payment,WB-104084,8313400,INR,captured,emi,TRUE,Payment for WB-104084 Mixer jar spare,,,,166268,29928,1772439120,
pay_6PUC5J0JMASZ37,payment,WB-104182,8942078,INR,captured,card,TRUE,Payment for WB-104182 Copper water bottle,,,,178842,32192,1772464320,
pay_YS22MWR96F9YRM,payment,WB-104267,5436500,INR,captured,card,TRUE,Payment for WB-104267 Steel tiffin carrier,,,,108730,19571,1772473920,
pay_RG7ANVVWPAZVFF,payment,WB-104677,815685,INR,captured,netbanking,TRUE,Payment for WB-104677 Steel tiffin carrier,,,,16314,2937,1772466300,
pay_CXCF079HHSXW0B,payment,WB-105141,8440683,INR,captured,netbanking,TRUE,Payment for WB-105141 Mixer jar spare,,,,168814,30387,1772472180,
pay_BVCCAV4QXYW54N,payment,WB-105507,8057916,INR,captured,emi,TRUE,Payment for WB-105507 Mixer jar spare,,,,161158,29008,1772462340,
pay_WCJL4U4NSH7ZP0,payment,WB-105520,31200,INR,captured,upi,TRUE,Payment for WB-105520 Trolley bag 24 inch,,,,624,112,1772478000,
pay_6A0MKSWFWAEM5L,payment,WB-105591,3205700,INR,captured,upi,TRUE,Payment for WB-105591 Trolley bag 24 inch,,,,64114,11541,1772463120,
pay_4Z04TG56NR5KQA,payment,WB-105712,8356600,INR,captured,netbanking,TRUE,Payment for WB-105712 Rubber foot mat,,,,167132,30084,1772476500,
pay_FRXYCVVS293RGE,payment,WB-105776,754418,INR,captured,emi,TRUE,Payment for WB-105776 Copper water bottle,,,,15088,2716,1772453520,
pay_9FK26R4K4SK1C2,payment,WB-105811,2635610,INR,captured,netbanking,TRUE,Payment for WB-105811 Steel tiffin carrier,,,,52712,9488,1772474340,
pay_UG6S35YTU8GYEW,payment,WB-106144,1775768,INR,captured,upi,TRUE,Payment for WB-106144 Rubber foot mat,,,,35515,6393,1772483820,
pay_E5BJTX8NJT15KV,payment,WB-106195,8274772,INR,captured,upi,TRUE,Payment for WB-106195 Coir door mat,,,,165495,29789,1772466000,
pay_A608QQB7USWLLR,payment,WB-106384,592400,INR,captured,emi,TRUE,Payment for WB-106384 Rubber foot mat,,,,11848,2133,1772479740,
pay_4GFCBZPF9GL1N0,payment,WB-106606,746712,INR,captured,upi,TRUE,Payment for WB-106606 Coir door mat,,,,14934,2688,1772468340,
pay_QM7DFUKQZPUGFR,payment,WB-106647,6021802,INR,captured,wallet,TRUE,Payment for WB-106647 Coir door mat,,,,120436,21678,1772468100,
pay_7XDVDNJ1UJGPGT,payment,WB-106654,1495900,INR,captured,emi,TRUE,Payment for WB-106654 Copper water bottle,,,,29918,5385,1772462940,
pay_SJT96AR8G94JFX,payment,WB-106777,2927100,INR,captured,netbanking,TRUE,Payment for WB-106777 Trolley bag 24 inch,,,,58542,10538,1772484060,
pay_FVUMB062N385AP,payment,WB-106849,7115100,INR,captured,netbanking,TRUE,Payment for WB-106849 Trolley bag 24 inch,,,,142302,25614,1772481300,
pay_ZS3G3ZVKRAWSRP,payment,WB-107043,2440224,INR,captured,upi,TRUE,Payment for WB-107043 Copper water bottle,,,,48804,8785,1772468940,
pay_7EGABH5FF7SABN,payment,WB-107532,6349700,INR,captured,upi,TRUE,Payment for WB-107532 Trolley bag 24 inch,,,,126994,22859,1772483880,
pay_69P83GAD7XH9CZ,payment,WB-108023,8254100,INR,captured,netbanking,TRUE,Payment for WB-108023 Coir door mat,,,,165082,29715,1772457000,
pay_RR1XGC6VWHWAFA,payment,WB-108047,7927400,INR,captured,emi,TRUE,Payment for WB-108047 Rubber foot mat,,,,158548,28539,1772450400,
pay_4V1X48LHNAEZFU,payment,WB-108110,2324084,INR,captured,card,TRUE,Payment for WB-108110 Mixer jar spare,,,,46482,8367,1772458500,
pay_610UHKJPMCG8KV,payment,WB-108279,3329243,INR,captured,upi,TRUE,Payment for WB-108279 Steel tiffin carrier,,,,66585,11985,1772442900,
pay_SQVP1W4F91TAZ6,payment,WB-108498,1492321,INR,captured,wallet,TRUE,Payment for WB-108498 Steel tiffin carrier,,,,29846,5372,1772442780,
pay_UQDL736MYY96G3,payment,WB-108600,4599944,INR,captured,emi,TRUE,Payment for WB-108600 Copper water bottle,,,,91999,16560,1772475660,
pay_7KWZBCZ8C3QC4R,payment,WB-108815,6053694,INR,captured,netbanking,TRUE,Payment for WB-108815 Rubber foot mat,,,,121074,21793,1772442480,
pay_KK8Q69C9GDT9SV,payment,WB-108984,106642,INR,captured,netbanking,TRUE,Payment for WB-108984 Trolley bag 24 inch,,,,2133,384,1772480580,
pay_ZHP9CS31EWB0J8,payment,WB-109028,8987200,INR,captured,upi,TRUE,Payment for WB-109028 Mixer jar spare,,,,179744,32354,1772456580,
pay_X3HXT8165WJ1L9,payment,WB-109193,4312000,INR,captured,card,TRUE,Payment for WB-109193 Mixer jar spare,,,,86240,15523,1772467920,
pay_ED02EKNSRXA9R5,payment,WB-109330,3244900,INR,captured,emi,TRUE,Payment for WB-109330 Copper water bottle,,,,64898,11682,1772449620,
pay_JEUXLM24PDNU56,payment,WB-109394,7722500,INR,captured,card,TRUE,Payment for WB-109394 Rubber foot mat,,,,154450,27801,1772469480,
pay_DBHFZZBJPJEQKV,payment,WB-109559,218000,INR,captured,card,TRUE,Payment for WB-109559 Steel tiffin carrier,,,,4360,785,1772465340,
pay_URDH19YRYHZEK3,payment,WB-109575,3845900,INR,captured,emi,TRUE,Payment for WB-109575 Coir door mat,,,,76918,13845,1772469480,
pay_0TFUUDKHG96J5Z,payment,WB-109759,3897800,INR,captured,wallet,TRUE,Payment for WB-109759 Trolley bag 24 inch,,,,77956,14032,1772482200,
pay_JAJXY9JBCB16JL,payment,WB-109895,1048446,INR,captured,emi,TRUE,Payment for WB-109895 Rubber foot mat,,,,20969,3774,1772456940,
pay_F0R3ZXW6TNFZHU,payment,WB-109922,388000,INR,captured,card,TRUE,Payment for WB-109922 Mixer jar spare,,,,7760,1397,1772472360,
pay_BUL4LZ2LK6APHT,payment,WB-104176,6580800,INR,captured,wallet,TRUE,Payment for WB-104176 Rubber foot mat,,,,131616,23691,1772549700,
pay_A0BN8VLAWVW3UK,payment,WB-104183,5944900,INR,captured,emi,TRUE,Payment for WB-104183 Coir door mat,,,,118898,21402,1772552400,
pay_38SUE9JX0F5RUD,payment,WB-104251,4365000,INR,captured,card,TRUE,Payment for WB-104251 Rubber foot mat,,,,87300,15714,1772525340,
pay_T51QFSCUAFZQZU,payment,WB-104255,3475076,INR,captured,card,TRUE,Payment for WB-104255 Copper water bottle,,,,69502,12510,1772554380,
pay_M9T00HZHKJEYHJ,payment,WB-104298,3551347,INR,captured,wallet,TRUE,Payment for WB-104298 Coir door mat,,,,71027,12785,1772560800,
pay_5H8T4A97N1PPQE,payment,WB-104307,1623400,INR,captured,emi,TRUE,Payment for WB-104307 Mixer jar spare,,,,32468,5844,1772550960,
pay_G3NL7PQRS6WKMJ,payment,WB-104429,2681800,INR,captured,wallet,TRUE,Payment for WB-104429 Rubber foot mat,,,,53636,9654,1772539920,
pay_LARXP42B60YZE9,payment,WB-104576,9163200,INR,captured,upi,TRUE,Payment for WB-104576 Copper water bottle,,,,183264,32988,1772548860,
pay_K20TD1NZ36VBGM,payment,WB-104869,1568400,INR,captured,emi,TRUE,Payment for WB-104869 Mixer jar spare,,,,31368,5646,1772534760,
pay_QQEGPRYEXHFSYB,payment,WB-105061,3844111,INR,captured,netbanking,TRUE,Payment for WB-105061 Steel tiffin carrier,,,,76882,13839,1772569200,
pay_4W6KVK7L9QF2ZF,payment,WB-105220,8495200,INR,captured,upi,TRUE,Payment for WB-105220 Steel tiffin carrier,,,,169904,30583,1772565360,
pay_YF7JBLTR596ANM,payment,WB-105370,5495300,INR,captured,wallet,TRUE,Payment for WB-105370 Steel tiffin carrier,,,,109906,19783,1772565300,
pay_C7FTPA6BC467L6,payment,WB-105578,5318756,INR,captured,upi,TRUE,Payment for WB-105578 Coir door mat,,,,106375,19148,1772567700,
pay_Q6JEP75LS0KTER,payment,WB-105589,7601216,INR,captured,upi,TRUE,Payment for WB-105589 Steel tiffin carrier,,,,152024,27364,1772564880,
pay_MSX9KQ91GVT2NX,payment,WB-105834,6902017,INR,captured,card,TRUE,Payment for WB-105834 Coir door mat,,,,138040,24847,1772541840,
pay_NH3VGAHXKVHHUX,payment,WB-106009,5030726,INR,captured,upi,TRUE,Payment for WB-106009 Coir door mat,,,,100615,18111,1772559480,
pay_8B4PYMWGATLYSX,payment,WB-106075,6271100,INR,captured,netbanking,TRUE,Payment for WB-106075 Mixer jar spare,,,,125422,22576,1772535120,
pay_91FPEFWHU457HT,payment,WB-106098,2504200,INR,captured,upi,TRUE,Payment for WB-106098 Trolley bag 24 inch,,,,50084,9015,1772555400,
pay_ZN2QMEAF19XBBB,payment,WB-106401,2996700,INR,captured,upi,TRUE,Payment for WB-106401 Coir door mat,,,,59934,10788,1772564100,
pay_6VCHNNTEQAGMEC,payment,WB-106866,3596900,INR,captured,emi,TRUE,Payment for WB-106866 Steel tiffin carrier,,,,71938,12949,1772540640,
pay_WZLHYHMBGU9AM4,payment,WB-107017,2310100,INR,captured,netbanking,TRUE,Payment for WB-107017 Copper water bottle,,,,46202,8316,1772559600,
pay_MEVKF9RQ14NTCZ,payment,WB-107192,7663331,INR,captured,wallet,TRUE,Payment for WB-107192 Copper water bottle,,,,153267,27588,1772545620,
pay_6YRMNBRW8CCY0S,payment,WB-107345,7042733,INR,captured,upi,TRUE,Payment for WB-107345 Trolley bag 24 inch,,,,140855,25354,1772554080,
pay_3CAGGE2EKUZPYG,payment,WB-107439,1188500,INR,captured,card,TRUE,Payment for WB-107439 Rubber foot mat,,,,23770,4279,1772545380,
pay_LATH0DD0XZ0H5P,payment,WB-107681,5079504,INR,captured,card,TRUE,Payment for WB-107681 Mixer jar spare,,,,101590,18286,1772557860,
pay_T3AFPS85MBFZZV,payment,WB-107784,7022600,INR,captured,netbanking,TRUE,Payment for WB-107784 Copper water bottle,,,,140452,25281,1772544000,
pay_A4X5CCWDPU075R,payment,WB-108520,2235800,INR,captured,wallet,TRUE,Payment for WB-108520 Copper water bottle,,,,44716,8049,1772537040,
pay_2LHCXFRDSVBJQ3,payment,WB-108524,5634957,INR,captured,emi,TRUE,Payment for WB-108524 Trolley bag 24 inch,,,,112699,20286,1772551080,
pay_3W65E7FNCDE896,payment,WB-108613,4162300,INR,captured,wallet,TRUE,Payment for WB-108613 Coir door mat,,,,83246,14984,1772550960,
pay_F0EESGVLHHGRRY,payment,WB-108662,8081360,INR,captured,wallet,TRUE,Payment for WB-108662 Rubber foot mat,,,,161627,29093,1772534580,
pay_2TE8R3AW07LNBC,payment,WB-108965,4530000,INR,captured,card,TRUE,Payment for WB-108965 Mixer jar spare,,,,90600,16308,1772534460,
pay_CNX5UC9KP253BH,payment,WB-109081,7610600,INR,captured,netbanking,TRUE,Payment for WB-109081 Trolley bag 24 inch,,,,152212,27398,1772568600,
pay_37EG24MDXBFUK1,payment,WB-109092,7761200,INR,captured,upi,TRUE,Payment for WB-109092 Copper water bottle,,,,155224,27940,1772565300,
pay_8HUUA0ZMTHQ4VS,payment,WB-109144,4275400,INR,captured,emi,TRUE,Payment for WB-109144 Trolley bag 24 inch,,,,85508,15391,1772543760,
pay_Q5ZE61UKKK9RLU,payment,WB-109277,1930661,INR,captured,netbanking,TRUE,Payment for WB-109277 Rubber foot mat,,,,38613,6950,1772525520,
pay_A6WN71XLG6Y4TU,payment,WB-109427,4832083,INR,captured,card,TRUE,Payment for WB-109427 Steel tiffin carrier,,,,96642,17396,1772564280,
pay_YSRKTACNPRCTF5,payment,WB-109449,4994300,INR,captured,wallet,TRUE,Payment for WB-109449 Trolley bag 24 inch,,,,99886,17979,1772546160,
pay_GVF38BB8GBR06A,payment,WB-109932,7995589,INR,captured,card,TRUE,Payment for WB-109932 Steel tiffin carrier,,,,159912,28784,1772556300,
pay_7505NGEJEEQW5L,payment,WB-109969,8203084,INR,captured,card,TRUE,Payment for WB-109969 Mixer jar spare,,,,164062,29531,1772563560,
pay_VHTUJ9GQ4717EX,payment,WB-104130,472040,INR,captured,card,TRUE,Payment for WB-104130 Mixer jar spare,,,,9441,1699,1772622600,
pay_C9UH2GUNPB3EAA,payment,WB-104289,6936400,INR,captured,emi,TRUE,Payment for WB-104289 Mixer jar spare,,,,138728,24971,1772621340,
pay_2JDWXZJ598JMYM,payment,WB-104671,4570751,INR,captured,upi,TRUE,Payment for WB-104671 Trolley bag 24 inch,,,,91415,16455,1772614560,
pay_3WHPVD67BL7RHA,payment,WB-104744,7965164,INR,captured,netbanking,TRUE,Payment for WB-104744 Steel tiffin carrier,,,,159303,28675,1772624640,
pay_UXGSW8CDRFY45V,payment,WB-104782,2996000,INR,captured,card,TRUE,Payment for WB-104782 Rubber foot mat,,,,59920,10786,1772614860,
pay_0GZHVJZ4FVTG8Y,payment,WB-104875,1133400,INR,captured,emi,TRUE,Payment for WB-104875 Steel tiffin carrier,,,,22668,4080,1772654640,
pay_GGC30MUSPYF2D0,payment,WB-104901,6975885,INR,captured,wallet,TRUE,Payment for WB-104901 Rubber foot mat,,,,139518,25113,1772616360,
pay_HP2HKK4X7G1DC9,payment,WB-104997,7362770,INR,captured,upi,TRUE,Payment for WB-104997 Mixer jar spare,,,,147255,26506,1772637960,
pay_46WMGVAZEXDYMV,payment,WB-105031,6331346,INR,captured,wallet,TRUE,Payment for WB-105031 Rubber foot mat,,,,126627,22793,1772622360,
pay_F88WUQ3Z7VRMYB,payment,WB-105449,8664452,INR,captured,emi,TRUE,Payment for WB-105449 Coir door mat,,,,173289,31192,1772644560,
pay_H4KY819CX2EF6F,payment,WB-105500,7235700,INR,captured,upi,TRUE,Payment for WB-105500 Mixer jar spare,,,,144714,26049,1772620320,
pay_26BKEURGDPF9WE,payment,WB-105574,523300,INR,captured,wallet,TRUE,Payment for WB-105574 Copper water bottle,,,,10466,1884,1772639580,
pay_0A0SYRNSWF4Y2U,payment,WB-105975,754978,INR,captured,emi,TRUE,Payment for WB-105975 Coir door mat,,,,15100,2718,1772636100,
pay_LVA8XAWEJ0VX9Z,payment,WB-106000,3930234,INR,captured,upi,TRUE,Payment for WB-106000 Trolley bag 24 inch,,,,78605,14149,1772631900,
pay_RR621Q26SMKDEV,payment,WB-106106,2399626,INR,captured,netbanking,TRUE,Payment for WB-106106 Coir door mat,,,,47993,8639,1772634360,
pay_2MDLHDLSKEA4TU,payment,WB-106287,7683400,INR,captured,emi,TRUE,Payment for WB-106287 Copper water bottle,,,,153668,27660,1772656200,
pay_MDFR9B73U3DCZU,payment,WB-106369,2312324,INR,captured,wallet,TRUE,Payment for WB-106369 Rubber foot mat,,,,46246,8324,1772620260,
pay_SDTZEPUR7URDKT,payment,WB-106476,7147530,INR,captured,card,TRUE,Payment for WB-106476 Rubber foot mat,,,,142951,25731,1772623800,
pay_HRX6HEP405GEV3,payment,WB-106510,3298316,INR,captured,wallet,TRUE,Payment for WB-106510 Rubber foot mat,,,,65966,11874,1772624160,
pay_2J241KCPDZKQAX,payment,WB-106827,2973720,INR,captured,upi,TRUE,Payment for WB-106827 Rubber foot mat,,,,59474,10705,1772623620,
pay_K598BSJC8S66DU,payment,WB-107106,6808500,INR,captured,card,TRUE,Payment for WB-107106 Steel tiffin carrier,,,,136170,24511,1772643000,
pay_EG4VTWKTAJDB72,payment,WB-107222,8025700,INR,captured,upi,TRUE,Payment for WB-107222 Mixer jar spare,,,,160514,28893,1772634060,
pay_XQERTEB73LMF1A,payment,WB-107896,5732400,INR,captured,emi,TRUE,Payment for WB-107896 Mixer jar spare,,,,114648,20637,1772629980,
pay_59LS0ZU626ZAF5,payment,WB-107973,7375800,INR,captured,wallet,TRUE,Payment for WB-107973 Trolley bag 24 inch,,,,147516,26553,1772644140,
pay_549F5VCLMLYJVZ,payment,WB-108034,2278900,INR,captured,emi,TRUE,Payment for WB-108034 Coir door mat,,,,45578,8204,1772653200,
pay_M39CRYY3G9822Z,payment,WB-108129,1060200,INR,captured,upi,TRUE,Payment for WB-108129 Coir door mat,,,,21204,3817,1772637180,
pay_4SHNUUS7N7K2QS,payment,WB-108148,5557200,INR,captured,upi,TRUE,Payment for WB-108148 Copper water bottle,,,,111144,20006,1772616960,
pay_9B6KFZFXSPXP26,payment,WB-108165,1737800,INR,captured,wallet,TRUE,Payment for WB-108165 Trolley bag 24 inch,,,,34756,6256,1772646960,
pay_WACU293B9WXYC8,payment,WB-108204,7730547,INR,captured,card,TRUE,Payment for WB-108204 Steel tiffin carrier,,,,154611,27830,1772614620,
pay_URV9K2H5ZU4GLZ,payment,WB-108855,5944479,INR,captured,emi,TRUE,Payment for WB-108855 Copper water bottle,,,,118890,21400,1772654820,
pay_RE4B9N0Y2150DJ,payment,WB-108860,8874295,INR,captured,upi,TRUE,Payment for WB-108860 Trolley bag 24 inch,,,,177486,31947,1772644680,
pay_LKXXQFRQZ00146,payment,WB-109232,6509100,INR,captured,netbanking,TRUE,Payment for WB-109232 Copper water bottle,,,,130182,23433,1772636400,
pay_YNLLM75BPWEXNM,payment,WB-109302,5067300,INR,captured,wallet,TRUE,Payment for WB-109302 Copper water bottle,,,,101346,18242,1772641920,
pay_S827JZ1G16RX9V,payment,WB-109417,7767536,INR,captured,card,TRUE,Payment for WB-109417 Mixer jar spare,,,,155351,27963,1772637720,
pay_V54EBD3SKB6CSG,payment,WB-109546,7984100,INR,captured,netbanking,TRUE,Payment for WB-109546 Trolley bag 24 inch,,,,159682,28743,1772625660,
pay_RGP3JGHY1YWV2M,payment,WB-109626,841049,INR,captured,card,TRUE,Payment for WB-109626 Steel tiffin carrier,,,,16821,3028,1772622960,
pay_5SR0GX9ZCKG9DM,payment,WB-109736,7801000,INR,captured,card,TRUE,Payment for WB-109736 Coir door mat,,,,156020,28084,1772622960,
pay_T3450GX2C3KG99,payment,WB-109804,7368300,INR,captured,wallet,TRUE,Payment for WB-109804 Trolley bag 24 inch,,,,147366,26526,1772627520,
pay_1WB7NNTAEHS7Q9,payment,WB-109943,7940203,INR,captured,upi,TRUE,Payment for WB-109943 Steel tiffin carrier,,,,158804,28585,1772657040,
pay_MPGU47NW39J08N,payment,WB-104175,7798390,INR,captured,wallet,TRUE,Payment for WB-104175 Copper water bottle,,,,155968,28074,1772726160,
pay_6RWA16JYLLHRE3,payment,WB-104258,5700600,INR,captured,netbanking,TRUE,Payment for WB-104258 Copper water bottle,,,,114012,20522,1772742420,
pay_WRKK018UWKC287,payment,WB-104662,778300,INR,captured,wallet,TRUE,Payment for WB-104662 Trolley bag 24 inch,,,,15566,2802,1772732940,
pay_RN9G5M6FRXUYKH,payment,WB-104934,4834630,INR,captured,netbanking,TRUE,Payment for WB-104934 Steel tiffin carrier,,,,96693,17405,1772734440,
pay_F5KRZBQR6F4CHD,payment,WB-104987,7949300,INR,captured,wallet,TRUE,Payment for WB-104987 Coir door mat,,,,158986,28617,1772742240,
pay_QBUHWWBKU0Z6C6,payment,WB-105275,1139592,INR,captured,card,TRUE,Payment for WB-105275 Rubber foot mat,,,,22792,4103,1772740800,
pay_R2Q2Z8FY3YWW82,payment,WB-105796,9055400,INR,captured,emi,TRUE,Payment for WB-105796 Steel tiffin carrier,,,,181108,32599,1772738940,
pay_P4Y54QE8XPYX8B,payment,WB-105874,3936989,INR,captured,emi,TRUE,Payment for WB-105874 Steel tiffin carrier,,,,78740,14173,1772727900,
pay_704B2J16BL27TY,payment,WB-105991,7486500,INR,captured,card,TRUE,Payment for WB-105991 Steel tiffin carrier,,,,149730,26951,1772708640,
pay_2BGF645ZMXBUKQ,payment,WB-106014,4748400,INR,captured,emi,TRUE,Payment for WB-106014 Trolley bag 24 inch,,,,94968,17094,1772707260,
pay_PZ00C78N4M42TZ,payment,WB-106268,8072008,INR,captured,card,TRUE,Payment for WB-106268 Rubber foot mat,,,,161440,29059,1772718180,
pay_4NVJK7K445QTTG,payment,WB-106304,6440966,INR,captured,emi,TRUE,Payment for WB-106304 Copper water bottle,,,,128819,23187,1772739480,
pay_MF94LFYWXAQ8H6,payment,WB-106330,4274500,INR,captured,card,TRUE,Payment for WB-106330 Steel tiffin carrier,,,,85490,15388,1772719620,
pay_AUQFL1AP3V0TD7,payment,WB-106472,6708739,INR,captured,upi,TRUE,Payment for WB-106472 Trolley bag 24 inch,,,,134175,24152,1772718960,
pay_LL41607DFJS4TW,payment,WB-106500,4611601,INR,captured,netbanking,TRUE,Payment for WB-106500 Rubber foot mat,,,,92232,16602,1772741880,
pay_AYK955WNZ9MKS3,payment,WB-106551,5262800,INR,captured,wallet,TRUE,Payment for WB-106551 Trolley bag 24 inch,,,,105256,18946,1772741400,
pay_9PZSFANF17TEH0,payment,WB-106709,6005800,INR,captured,wallet,TRUE,Payment for WB-106709 Coir door mat,,,,120116,21621,1772736240,
pay_X15WN3RHXJA3M6,payment,WB-106768,7693600,INR,captured,netbanking,TRUE,Payment for WB-106768 Mixer jar spare,,,,153872,27697,1772699700,
pay_S9Q7DN2C8RCDVZ,payment,WB-106892,2969000,INR,captured,card,TRUE,Payment for WB-106892 Steel tiffin carrier,,,,59380,10688,1772713440,
pay_N39P5SGUQHM6TE,payment,WB-106918,5295800,INR,captured,wallet,TRUE,Payment for WB-106918 Rubber foot mat,,,,105916,19065,1772724540,
pay_2PKBDXTV59D2M6,payment,WB-106943,7157603,INR,captured,netbanking,TRUE,Payment for WB-106943 Mixer jar spare,,,,143152,25767,1772742240,
pay_YQMN3XVWYDUXNB,payment,WB-107012,1320473,INR,captured,emi,TRUE,Payment for WB-107012 Copper water bottle,,,,26409,4754,1772733240,
pay_0HTW8FZ2S40EF7,payment,WB-107257,7568526,INR,captured,card,TRUE,Payment for WB-107257 Copper water bottle,,,,151371,27247,1772727240,
pay_2N4YUAW84SBHLU,payment,WB-107471,2102500,INR,captured,card,TRUE,Payment for WB-107471 Mixer jar spare,,,,42050,7569,1772717400,
pay_STGC7QVVUXTJQ1,payment,WB-107476,5758600,INR,captured,netbanking,TRUE,Payment for WB-107476 Trolley bag 24 inch,,,,115172,20731,1772714940,
pay_P1B33V47FGC40N,payment,WB-107853,2323100,INR,captured,netbanking,TRUE,Payment for WB-107853 Coir door mat,,,,46462,8363,1772724000,
pay_KZ3UBRJV7YSHGA,payment,WB-108198,3442440,INR,captured,emi,TRUE,Payment for WB-108198 Rubber foot mat,,,,68849,12393,1772698980,
pay_RMFP4FG6AVHGAD,payment,WB-108283,1814400,INR,captured,emi,TRUE,Payment for WB-108283 Coir door mat,,,,36288,6532,1772719740,
pay_VN49W6UKNSFRPR,payment,WB-108446,2945764,INR,captured,upi,TRUE,Payment for WB-108446 Trolley bag 24 inch,,,,58915,10605,1772699820,
pay_007AYEWJ65U3LN,payment,WB-108491,3538100,INR,captured,netbanking,TRUE,Payment for WB-108491 Mixer jar spare,,,,70762,12737,1772704860,
pay_CVUP6223M2YFX0,payment,WB-108503,477900,INR,captured,emi,TRUE,Payment for WB-108503 Mixer jar spare,,,,9558,1720,1772728860,
pay_GJ71BP8ZAY300C,payment,WB-108949,6152331,INR,captured,wallet,TRUE,Payment for WB-108949 Steel tiffin carrier,,,,123047,22148,1772699760,
pay_GCF4Q84ZH43ZQW,payment,WB-109030,1602300,INR,captured,wallet,TRUE,Payment for WB-109030 Copper water bottle,,,,32046,5768,1772730780,
pay_76NN6RVSAS6CB0,payment,WB-109257,8814606,INR,captured,netbanking,TRUE,Payment for WB-109257 Rubber foot mat,,,,176292,31733,1772736360,
pay_5DMEPHWU81W34D,payment,WB-109398,5178100,INR,captured,netbanking,TRUE,Payment for WB-109398 Coir door mat,,,,103562,18641,1772706900,
pay_MJRY416THBLU49,payment,WB-109544,7580639,INR,captured,netbanking,TRUE,Payment for WB-109544 Coir door mat,,,,151613,27290,1772732760,
pay_3LL9T903LWFF9X,payment,WB-109643,4110700,INR,captured,upi,TRUE,Payment for WB-109643 Copper water bottle,,,,82214,14799,1772719620,
pay_5DXW7BLTW8F7SH,payment,WB-109765,2293700,INR,captured,upi,TRUE,Payment for WB-109765 Mixer jar spare,,,,45874,8257,1772721480,
pay_7Y4LP2JXVWKTK7,payment,WB-109931,3587728,INR,captured,upi,TRUE,Payment for WB-109931 Coir door mat,,,,71755,12916,1772725140,
pay_R623ZNMSBWNPV0,payment,WB-104125,8406303,INR,captured,wallet,TRUE,Payment for WB-104125 Rubber foot mat,,,,168126,30263,1772828280,
pay_QRBQACNQKB20GG,payment,WB-104691,6489800,INR,captured,wallet,TRUE,Payment for WB-104691 Coir door mat,,,,129796,23363,1772806500,
pay_URYNLWG1CRA9SB,payment,WB-104750,1610729,INR,captured,upi,TRUE,Payment for WB-104750 Trolley bag 24 inch,,,,32215,5799,1772798520,
pay_BBM1VXY3RXKMPR,payment,WB-105054,3658400,INR,captured,emi,TRUE,Payment for WB-105054 Rubber foot mat,,,,73168,13170,1772792100,
pay_GRYGV9R3DHV73K,payment,WB-105096,7684400,INR,captured,emi,TRUE,Payment for WB-105096 Trolley bag 24 inch,,,,153688,27664,1772830020,
pay_WGPUNLE39V07TB,payment,WB-105148,5805910,INR,captured,emi,TRUE,Payment for WB-105148 Steel tiffin carrier,,,,116118,20901,1772792880,
pay_5JYLD4Z3X3MPG6,payment,WB-105313,9192000,INR,captured,card,TRUE,Payment for WB-105313 Mixer jar spare,,,,183840,33091,1772829360,
pay_QHSZPBEAGTNTDD,payment,WB-105535,2254500,INR,captured,card,TRUE,Payment for WB-105535 Coir door mat,,,,45090,8116,1772817780,
pay_T7WTMTNHKTQMUS,payment,WB-105579,6277500,INR,captured,card,TRUE,Payment for WB-105579 Copper water bottle,,,,125550,22599,1772805840,
pay_XTXJYUU0RELEB4,payment,WB-105692,5783193,INR,captured,netbanking,TRUE,Payment for WB-105692 Mixer jar spare,,,,115664,20820,1772810460,
pay_YUYP2VQVY6YRC5,payment,WB-105780,6777250,INR,captured,upi,TRUE,Payment for WB-105780 Mixer jar spare,,,,135545,24398,1772797560,
pay_8VA3WFHCMQAF0P,payment,WB-105872,6751529,INR,captured,card,TRUE,Payment for WB-105872 Trolley bag 24 inch,,,,135031,24306,1772815680,
pay_1X7JTD77LKJZ52,payment,WB-105899,7940700,INR,captured,upi,TRUE,Payment for WB-105899 Mixer jar spare,,,,158814,28587,1772803380,
pay_60B2XBJKCU75NR,payment,WB-106313,2342600,INR,captured,netbanking,TRUE,Payment for WB-106313 Trolley bag 24 inch,,,,46852,8433,1772824800,
pay_NUXD3RSRE9V7CH,payment,WB-106658,5036400,INR,captured,emi,TRUE,Payment for WB-106658 Steel tiffin carrier,,,,100728,18131,1772787300,
pay_8YUMZGC1113T5X,payment,WB-106825,5915400,INR,captured,emi,TRUE,Payment for WB-106825 Coir door mat,,,,118308,21295,1772805000,
pay_ZU4TD2JW6XU3D7,payment,WB-107057,2957600,INR,captured,netbanking,TRUE,Payment for WB-107057 Coir door mat,,,,59152,10647,1772790420,
pay_DENHSBYQCR4M5M,payment,WB-107136,1907500,INR,captured,card,TRUE,Payment for WB-107136 Rubber foot mat,,,,38150,6867,1772811000,
pay_R6B7RA5NEHCJ39,payment,WB-107202,5659467,INR,captured,emi,TRUE,Payment for WB-107202 Trolley bag 24 inch,,,,113189,20374,1772829780,
pay_GK0SJMXR8LX55M,payment,WB-107285,4271086,INR,captured,card,TRUE,Payment for WB-107285 Trolley bag 24 inch,,,,85422,15376,1772786700,
pay_073BSVZ4CDQ6P5,payment,WB-107404,1598657,INR,captured,netbanking,TRUE,Payment for WB-107404 Copper water bottle,,,,31973,5755,1772814780,
pay_HE9MY0DCQPAB4X,payment,WB-107527,4658826,INR,captured,wallet,TRUE,Payment for WB-107527 Copper water bottle,,,,93177,16772,1772826660,
pay_46XLW0RW7KFFVN,payment,WB-107572,2196700,INR,captured,upi,TRUE,Payment for WB-107572 Mixer jar spare,,,,43934,7908,1772810160,
pay_CL7RGNWBSYBS9Q,payment,WB-107585,3233312,INR,captured,wallet,TRUE,Payment for WB-107585 Copper water bottle,,,,64666,11640,1772824560,
pay_FTCA3B57B6U1RF,payment,WB-107728,1612400,INR,captured,emi,TRUE,Payment for WB-107728 Trolley bag 24 inch,,,,32248,5805,1772813400,
pay_X4Y27Z9UDD9MZA,payment,WB-107804,3673634,INR,captured,netbanking,TRUE,Payment for WB-107804 Rubber foot mat,,,,73473,13225,1772812020,
pay_LBCB5P61M4T55D,payment,WB-108079,3641200,INR,captured,upi,TRUE,Payment for WB-108079 Steel tiffin carrier,,,,72824,13108,1772791920,
pay_ZMPR6YVGTPMZ8G,payment,WB-108212,407800,INR,captured,wallet,TRUE,Payment for WB-108212 Coir door mat,,,,8156,1468,1772801340,
pay_YQJUKEE4GBYKGA,payment,WB-108383,504500,INR,captured,card,TRUE,Payment for WB-108383 Steel tiffin carrier,,,,10090,1816,1772830020,
pay_KMSZMQ6CPB4X1M,payment,WB-108413,5246656,INR,captured,netbanking,TRUE,Payment for WB-108413 Rubber foot mat,,,,104933,18888,1772810880,
pay_8EAKCVRF0HSU1A,payment,WB-108547,826028,INR,captured,card,TRUE,Payment for WB-108547 Mixer jar spare,,,,16521,2974,1772794800,
pay_5LP5QUTS4K4GDA,payment,WB-108561,976500,INR,captured,card,TRUE,Payment for WB-108561 Steel tiffin carrier,,,,19530,3515,1772823300,
pay_28LNJFWRM62CW7,payment,WB-108743,6100200,INR,captured,upi,TRUE,Payment for WB-108743 Rubber foot mat,,,,122004,21961,1772793960,
pay_JR20K2N5W5GWH9,payment,WB-108956,4090100,INR,captured,netbanking,TRUE,Payment for WB-108956 Rubber foot mat,,,,81802,14724,1772793780,
pay_6UF2562QSK28PJ,payment,WB-109029,2028000,INR,captured,card,TRUE,Payment for WB-109029 Coir door mat,,,,40560,7301,1772816400,
pay_NFSP6HRKGS1YVK,payment,WB-109195,4454100,INR,captured,netbanking,TRUE,Payment for WB-109195 Copper water bottle,,,,89082,16035,1772792580,
pay_D5AAHJBTKVZ75Q,payment,WB-109303,9010361,INR,captured,wallet,TRUE,Payment for WB-109303 Copper water bottle,,,,180207,32437,1772829840,
pay_U43MH7U6BRE9JS,payment,WB-109509,3943400,INR,captured,emi,TRUE,Payment for WB-109509 Mixer jar spare,,,,78868,14196,1772786280,
pay_50TBQ75FZL9T90,payment,WB-109744,4520946,INR,captured,emi,TRUE,Payment for WB-109744 Steel tiffin carrier,,,,90419,16275,1772816700,
pay_ZFPSPPCF1DCDRY,payment,WB-104266,4770016,INR,captured,card,TRUE,Payment for WB-104266 Copper water bottle,,,,95400,17172,1772904240,
pay_9S3PXDUAC9EEVY,payment,WB-104295,3834923,INR,captured,emi,TRUE,Payment for WB-104295 Mixer jar spare,,,,76698,13806,1772872440,
pay_6WBM0XVT8Y3H3S,payment,WB-104483,1935101,INR,captured,netbanking,TRUE,Payment for WB-104483 Rubber foot mat,,,,38702,6966,1772913180,
pay_4LRFTR87PYH6L6,payment,WB-104778,891699,INR,captured,netbanking,TRUE,Payment for WB-104778 Mixer jar spare,,,,17834,3210,1772910720,
pay_5TXPYM9FZJMB9E,payment,WB-105183,6581458,INR,captured,emi,TRUE,Payment for WB-105183 Coir door mat,,,,131629,23693,1772905560,
pay_YCGLJM6FLV6FV4,payment,WB-105359,7431932,INR,captured,emi,TRUE,Payment for WB-105359 Rubber foot mat,,,,148639,26755,1772896020,
pay_6D16VKUFHHZFL3,payment,WB-105568,2488460,INR,captured,emi,TRUE,Payment for WB-105568 Steel tiffin carrier,,,,49769,8958,1772904000,
pay_Q7PFGEEE0Y6WBP,payment,WB-105572,1236766,INR,captured,upi,TRUE,Payment for WB-105572 Rubber foot mat,,,,24735,4452,1772908500,
pay_8KDF8G5AWCKKJT,payment,WB-105783,1088700,INR,captured,upi,TRUE,Payment for WB-105783 Copper water bottle,,,,21774,3919,1772905560,
pay_BNYJBGZN0Z3YLT,payment,WB-105890,1440200,INR,captured,upi,TRUE,Payment for WB-105890 Trolley bag 24 inch,,,,28804,5185,1772886240,
pay_V1G0LQ5W73Y3B2,payment,WB-105966,6440600,INR,captured,netbanking,TRUE,Payment for WB-105966 Coir door mat,,,,128812,23186,1772907000,
pay_43L4D2MQ2X7H90,payment,WB-106149,1994900,INR,captured,emi,TRUE,Payment for WB-106149 Steel tiffin carrier,,,,39898,7182,1772915580,
pay_QPPZZA4KDWA2M4,payment,WB-106201,1876500,INR,captured,card,TRUE,Payment for WB-106201 Mixer jar spare,,,,37530,6755,1772912760,
pay_PAQBUA13PSYJ5U,payment,WB-106291,6295733,INR,captured,upi,TRUE,Payment for WB-106291 Mixer jar spare,,,,125915,22665,1772911620,
pay_FN7MY76TDYKDED,payment,WB-106292,8030000,INR,captured,card,TRUE,Payment for WB-106292 Copper water bottle,,,,160600,28908,1772905920,
pay_P6Q9WZA4C1L46S,payment,WB-106334,8738500,INR,captured,card,TRUE,Payment for WB-106334 Copper water bottle,,,,174770,31459,1772892720,
pay_TT8Q5VFRV6S8SX,payment,WB-106348,6838592,INR,captured,card,TRUE,Payment for WB-106348 Copper water bottle,,,,136772,24619,1772886300,
pay_DD57712KLHPV91,payment,WB-106431,8447100,INR,captured,netbanking,TRUE,Payment for WB-106431 Trolley bag 24 inch,,,,168942,30410,1772883360,
pay_F67T2YDY1SD807,payment,WB-106910,4063100,INR,captured,netbanking,TRUE,Payment for WB-106910 Rubber foot mat,,,,81262,14627,1772888760,
pay_VVMYZM1V6YBN0M,payment,WB-107023,3197490,INR,captured,emi,TRUE,Payment for WB-107023 Steel tiffin carrier,,,,63950,11511,1772882400,
pay_XJTXRKBNUKYKLF,payment,WB-107062,6120200,INR,captured,upi,TRUE,Payment for WB-107062 Steel tiffin carrier,,,,122404,22033,1772915040,
pay_4AZHS3JC6HPY3H,payment,WB-107234,3546900,INR,captured,emi,TRUE,Payment for WB-107234 Trolley bag 24 inch,,,,70938,12769,1772914680,
pay_YR1QFZLN19GMFD,payment,WB-108016,365722,INR,captured,upi,TRUE,Payment for WB-108016 Rubber foot mat,,,,7314,1317,1772916720,
pay_HPJFW0HBV9YYYF,payment,WB-108051,6595999,INR,captured,emi,TRUE,Payment for WB-108051 Mixer jar spare,,,,131920,23746,1772893440,
pay_J9R9MV2CUWAQEQ,payment,WB-108186,5731859,INR,captured,wallet,TRUE,Payment for WB-108186 Steel tiffin carrier,,,,114637,20635,1772893920,
pay_HMGRKNMN3W0SD5,payment,WB-108372,4295900,INR,captured,emi,TRUE,Payment for WB-108372 Coir door mat,,,,85918,15465,1772904780,
pay_YY3DBGKM7DJ9H3,payment,WB-108567,6933900,INR,captured,emi,TRUE,Payment for WB-108567 Steel tiffin carrier,,,,138678,24962,1772904960,
pay_3AKDJZFEXNSK69,payment,WB-108585,7218242,INR,captured,upi,TRUE,Payment for WB-108585 Copper water bottle,,,,144365,25986,1772885340,
pay_RFTNT8MHT95WRC,payment,WB-108821,6543590,INR,captured,card,TRUE,Payment for WB-108821 Trolley bag 24 inch,,,,130872,23557,1772896380,
pay_TWUQCS76DGW9A6,payment,WB-108933,8270100,INR,captured,netbanking,TRUE,Payment for WB-108933 Trolley bag 24 inch,,,,165402,29772,1772880060,
pay_WHDHE42950LJFL,payment,WB-109479,1305700,INR,captured,upi,TRUE,Payment for WB-109479 Trolley bag 24 inch,,,,26114,4701,1772888280,
pay_G0DW0AM07V9W3R,payment,WB-109553,6247100,INR,captured,netbanking,TRUE,Payment for WB-109553 Coir door mat,,,,124942,22490,1772888760,
pay_EPQH7MDHF4L958,payment,WB-109629,965900,INR,captured,emi,TRUE,Payment for WB-109629 Copper water bottle,,,,19318,3477,1772882400,
pay_A2DGP08U4HV11C,payment,WB-109635,2060400,INR,captured,emi,TRUE,Payment for WB-109635 Mixer jar spare,,,,41208,7417,1772904720,
pay_S96B2VSRP9GA7K,payment,WB-109638,510961,INR,captured,emi,TRUE,Payment for WB-109638 Rubber foot mat,,,,10219,1839,1772913840,
pay_32ASRKJHS73C4R,payment,WB-109720,1487112,INR,captured,netbanking,TRUE,Payment for WB-109720 Steel tiffin carrier,,,,29742,5354,1772911980,
pay_QGG9DNDGB2EBFA,payment,WB-109763,4233100,INR,captured,netbanking,TRUE,Payment for WB-109763 Coir door mat,,,,84662,15239,1772895780,
pay_2XUUXJ0P7P8Y5X,payment,WB-109779,2582500,INR,captured,card,TRUE,Payment for WB-109779 Coir door mat,,,,51650,9297,1772877180,
pay_65NU449UR1UUL2,payment,WB-104098,5941510,INR,captured,card,TRUE,Payment for WB-104098 Mixer jar spare,,,,118830,21389,1772972340,
pay_2EGPQC052X0WS4,payment,WB-104119,9079400,INR,captured,emi,TRUE,Payment for WB-104119 Coir door mat,,,,181588,32686,1772986500,
pay_FT6ZGP4NSE76XV,payment,WB-104172,8729100,INR,captured,netbanking,TRUE,Payment for WB-104172 Mixer jar spare,,,,174582,31425,1772964540,
pay_PRCMMF81TCQW9T,payment,WB-104457,4320937,INR,captured,emi,TRUE,Payment for WB-104457 Steel tiffin carrier,,,,86419,15555,1772995140,
pay_J6E6BUUZ12VSPB,payment,WB-104493,1357900,INR,captured,emi,TRUE,Payment for WB-104493 Copper water bottle,,,,27158,4888,1773003180,
pay_HZ3EU7D3DM3X9W,payment,WB-104611,3490000,INR,captured,card,TRUE,Payment for WB-104611 Copper water bottle,,,,69800,12564,1772986860,
pay_W2RH2FQTQ0L5P3,payment,WB-104615,2192500,INR,captured,card,TRUE,Payment for WB-104615 Copper water bottle,,,,43850,7893,1772977980,
pay_D1R6WDUVLFSL0G,payment,WB-104648,5753600,INR,captured,netbanking,TRUE,Payment for WB-104648 Steel tiffin carrier,,,,115072,20713,1772972640,
pay_1PGR8MP5X9C5CG,payment,WB-104665,3791900,INR,captured,emi,TRUE,Payment for WB-104665 Mixer jar spare,,,,75838,13651,1772969040,
pay_VDGH606WXKENY2,payment,WB-104669,4561700,INR,captured,upi,TRUE,Payment for WB-104669 Trolley bag 24 inch,,,,91234,16422,1772983200,
pay_S1DSZ6MN1P6N63,payment,WB-104914,9174100,INR,captured,netbanking,TRUE,Payment for WB-104914 Trolley bag 24 inch,,,,183482,33027,1772970000,
pay_7ZNBQBCHXMTP2N,payment,WB-105134,8134507,INR,captured,card,TRUE,Payment for WB-105134 Coir door mat,,,,162690,29284,1772967060,
pay_Z08G9RDWLWKFZ8,payment,WB-105655,6976100,INR,captured,netbanking,TRUE,Payment for WB-105655 Rubber foot mat,,,,139522,25114,1772977380,
pay_8NUPSFE8K7TJFG,payment,WB-105736,1737300,INR,captured,wallet,TRUE,Payment for WB-105736 Trolley bag 24 inch,,,,34746,6254,1772965080,
pay_QC1X5195W5ESHR,payment,WB-105911,7676129,INR,captured,netbanking,TRUE,Payment for WB-105911 Coir door mat,,,,153523,27634,1772957460,
pay_TH0A365UZ0KGTU,payment,WB-106088,4506900,INR,captured,emi,TRUE,Payment for WB-106088 Mixer jar spare,,,,90138,16225,1772971440,
pay_Q4ZWGY6T40PPLD,payment,WB-106184,1392610,INR,captured,netbanking,TRUE,Payment for WB-106184 Copper water bottle,,,,27852,5013,1772976180,
pay_53G84J717138GE,payment,WB-106224,5985024,INR,captured,card,TRUE,Payment for WB-106224 Rubber foot mat,,,,119700,21546,1772978760,
pay_TWPQU9H52UWPA1,payment,WB-106265,1213284,INR,captured,upi,TRUE,Payment for WB-106265 Trolley bag 24 inch,,,,24266,4368,1772994540,
pay_QZEREJ9ULP1BAC,payment,WB-106760,1926000,INR,captured,card,TRUE,Payment for WB-106760 Coir door mat,,,,38520,6934,1772993580,
pay_U6D4M38F4H0NMW,payment,WB-106836,1869037,INR,captured,card,TRUE,Payment for WB-106836 Rubber foot mat,,,,37381,6729,1772997120,
pay_FW55VKH9761Q3Z,payment,WB-106843,2383500,INR,captured,card,TRUE,Payment for WB-106843 Trolley bag 24 inch,,,,47670,8581,1772973960,
pay_EV08WNHALH9BMP,payment,WB-106922,718816,INR,captured,wallet,TRUE,Payment for WB-106922 Rubber foot mat,,,,14376,2588,1772962380,
pay_Y4WX626QPSY2JC,payment,WB-107181,1625500,INR,captured,card,TRUE,Payment for WB-107181 Mixer jar spare,,,,32510,5852,1772989080,
pay_RG13U6S6NHHR9Y,payment,WB-107350,9162230,INR,captured,upi,TRUE,Payment for WB-107350 Steel tiffin carrier,,,,183245,32984,1772997960,
pay_2M1RYBVHE03BP4,payment,WB-107406,4492669,INR,captured,netbanking,TRUE,Payment for WB-107406 Steel tiffin carrier,,,,89853,16174,1773002940,
pay_95E6RB9CDTF6AJ,payment,WB-107521,6559622,INR,captured,netbanking,TRUE,Payment for WB-107521 Coir door mat,,,,131192,23615,1772991960,
pay_WY6XQ9GRE58XX5,payment,WB-107633,3075574,INR,captured,card,TRUE,Payment for WB-107633 Steel tiffin carrier,,,,61511,11072,1772978520,
pay_NUKZV8088KLHU1,payment,WB-107679,7047300,INR,captured,wallet,TRUE,Payment for WB-107679 Coir door mat,,,,140946,25370,1772996400,
pay_7C45TGAJWLYS13,payment,WB-108127,5737286,INR,captured,upi,TRUE,Payment for WB-108127 Mixer jar spare,,,,114746,20654,1772962140,
pay_19NE04GNC234GW,payment,WB-108725,7087493,INR,captured,emi,TRUE,Payment for WB-108725 Mixer jar spare,,,,141750,25515,1772983860,
pay_VBV4F7GETVAG13,payment,WB-108861,8325200,INR,captured,upi,TRUE,Payment for WB-108861 Steel tiffin carrier,,,,166504,29971,1772990400,
pay_2YQG0429KCEC0W,payment,WB-109242,1507297,INR,captured,upi,TRUE,Payment for WB-109242 Copper water bottle,,,,30146,5426,1772990700,
pay_JCT5WWAB487E44,payment,WB-109349,6598400,INR,captured,emi,TRUE,Payment for WB-109349 Trolley bag 24 inch,,,,131968,23754,1772998140,
pay_L7JRYNR82SVYQC,payment,WB-109442,3686400,INR,captured,emi,TRUE,Payment for WB-109442 Rubber foot mat,,,,73728,13271,1772996940,
pay_DYVHYD395T6M9R,payment,WB-109511,7732360,INR,captured,wallet,TRUE,Payment for WB-109511 Coir door mat,,,,154647,27836,1773000960,
pay_42H88QV2UKMEQ2,payment,WB-109589,1520700,INR,captured,upi,TRUE,Payment for WB-109589 Trolley bag 24 inch,,,,30414,5475,1773002160,
pay_VZXKKSJLQ0FFUG,payment,WB-109823,790479,INR,captured,emi,TRUE,Payment for WB-109823 Rubber foot mat,,,,15810,2846,1772983560,
pay_8XZ6N9VBYCVFAM,payment,WB-109966,4034540,INR,captured,card,TRUE,Payment for WB-109966 Copper water bottle,,,,80691,14524,1772983740,
pay_27TRFBEFT3LW98,payment,WB-104061,4727758,INR,captured,upi,TRUE,Payment for WB-104061 Rubber foot mat,,,,94555,17020,1773061980,
pay_L0M7DA3W4C2NB2,payment,WB-104107,40014,INR,captured,card,TRUE,Payment for WB-104107 Rubber foot mat,,,,800,144,1773076680,
pay_96W8RLMXZW7YQE,payment,WB-104515,4958398,INR,captured,wallet,TRUE,Payment for WB-104515 Copper water bottle,,,,99168,17850,1773086100,
pay_VX60FP6TVAUJWE,payment,WB-104590,5574600,INR,captured,netbanking,TRUE,Payment for WB-104590 Rubber foot mat,,,,111492,20069,1773060900,
pay_0AQLAKBZU1W05C,payment,WB-104624,8076700,INR,captured,upi,TRUE,Payment for WB-104624 Copper water bottle,,,,161534,29076,1773089040,
pay_HN8CQVQCXVURM4,payment,WB-104727,2551556,INR,captured,card,TRUE,Payment for WB-104727 Rubber foot mat,,,,51031,9186,1773047580,
pay_7H4F5LU9YCP3X3,payment,WB-104800,4473200,INR,captured,upi,TRUE,Payment for WB-104800 Trolley bag 24 inch,,,,89464,16104,1773046320,
pay_0DDR4NFADH5SFM,payment,WB-105004,2337700,INR,captured,upi,TRUE,Payment for WB-105004 Coir door mat,,,,46754,8416,1773043380,
pay_EVSJWY77ZT6S3U,payment,WB-105005,6210600,INR,captured,netbanking,TRUE,Payment for WB-105005 Copper water bottle,,,,124212,22358,1773058680,
pay_H70Q5L73Q0Y92N,payment,WB-105062,988000,INR,captured,card,TRUE,Payment for WB-105062 Copper water bottle,,,,19760,3557,1773049200,
pay_14D00JTBGNK0WE,payment,WB-105078,7384067,INR,captured,card,TRUE,Payment for WB-105078 Steel tiffin carrier,,,,147681,26583,1773071100,
pay_ZHH7J2CQNQ47XJ,payment,WB-105253,5680200,INR,captured,upi,TRUE,Payment for WB-105253 Trolley bag 24 inch,,,,113604,20449,1773080280,
pay_K209WK7K3Y7QNJ,payment,WB-105300,7556681,INR,captured,netbanking,TRUE,Payment for WB-105300 Coir door mat,,,,151134,27204,1773061380,
pay_2JRJPDDD1T6CAE,payment,WB-105322,2096300,INR,captured,wallet,TRUE,Payment for WB-105322 Trolley bag 24 inch,,,,41926,7547,1773055980,
pay_T0KEFLVLPG12TG,payment,WB-105540,2206300,INR,captured,wallet,TRUE,Payment for WB-105540 Coir door mat,,,,44126,7943,1773045300,
pay_ZW4RQQFHSUXKPW,payment,WB-106004,317400,INR,captured,emi,TRUE,Payment for WB-106004 Copper water bottle,,,,6348,1143,1773086100,
pay_CZD5KUEYXF16NM,payment,WB-106024,3113856,INR,captured,wallet,TRUE,Payment for WB-106024 Mixer jar spare,,,,62277,11210,1773050820,
pay_8BPP22Y8JAAUBK,payment,WB-106051,2619400,INR,captured,emi,TRUE,Payment for WB-106051 Steel tiffin carrier,,,,52388,9430,1773072720,
pay_EUGDGYBVRVXEG1,payment,WB-106259,1424879,INR,captured,wallet,TRUE,Payment for WB-106259 Rubber foot mat,,,,28498,5130,1773045960,
pay_48V7B1A1AMW411,payment,WB-106305,645255,INR,captured,upi,TRUE,Payment for WB-106305 Trolley bag 24 inch,,,,12905,2323,1773076500,
pay_72G0K5MWB2J923,payment,WB-106352,8148200,INR,captured,upi,TRUE,Payment for WB-106352 Mixer jar spare,,,,162964,29334,1773073440,
pay_2TVJS25NRN8WJF,payment,WB-106396,248213,INR,captured,upi,TRUE,Payment for WB-106396 Trolley bag 24 inch,,,,4964,894,1773072780,
pay_QB9186F9LRUC0D,payment,WB-106406,917050,INR,captured,card,TRUE,Payment for WB-106406 Coir door mat,,,,18341,3301,1773067320,
pay_ESMJ9T8KAS64AR,payment,WB-106978,2885396,INR,captured,wallet,TRUE,Payment for WB-106978 Copper water bottle,,,,57708,10387,1773072780,
pay_YUKH5X96V7TMH2,payment,WB-107075,6982500,INR,captured,card,TRUE,Payment for WB-107075 Mixer jar spare,,,,139650,25137,1773082500,
pay_K71HC8UNTQ4X8Q,payment,WB-107177,6436732,INR,captured,upi,TRUE,Payment for WB-107177 Steel tiffin carrier,,,,128735,23172,1773058380,
pay_11623474DECY0N,payment,WB-107315,4216566,INR,captured,card,TRUE,Payment for WB-107315 Coir door mat,,,,84331,15180,1773085860,
pay_6A16WCTLH67PM4,payment,WB-107845,5013000,INR,captured,card,TRUE,Payment for WB-107845 Steel tiffin carrier,,,,100260,18047,1773086100,
pay_HHGBK05VJQ678K,payment,WB-107867,7589065,INR,captured,card,TRUE,Payment for WB-107867 Steel tiffin carrier,,,,151781,27321,1773059640,
pay_3YWZH5SHRP0FF9,payment,WB-108017,6877623,INR,captured,netbanking,TRUE,Payment for WB-108017 Copper water bottle,,,,137552,24759,1773055620,
pay_XQ0KPLDFG5HDU3,payment,WB-108024,1036700,INR,captured,upi,TRUE,Payment for WB-108024 Coir door mat,,,,20734,3732,1773057960,
pay_9LBVGP4LN0J8YE,payment,WB-108066,5278800,INR,captured,wallet,TRUE,Payment for WB-108066 Rubber foot mat,,,,105576,19004,1773081660,
pay_DF8VLLZRK1LERP,payment,WB-108068,4049900,INR,captured,emi,TRUE,Payment for WB-108068 Mixer jar spare,,,,80998,14580,1773061800,
pay_366E7TYJY9ZJLK,payment,WB-108424,6223266,INR,captured,upi,TRUE,Payment for WB-108424 Steel tiffin carrier,,,,124465,22404,1773070320,
pay_HWZ6MASNCXXL4R,payment,WB-108765,4775000,INR,captured,card,TRUE,Payment for WB-108765 Mixer jar spare,,,,95500,17190,1773067620,
pay_TSEN3T39DTBUWN,payment,WB-109064,5959481,INR,captured,emi,TRUE,Payment for WB-109064 Steel tiffin carrier,,,,119190,21454,1773080460,
pay_PTHB716SWUJ68R,payment,WB-109312,6551500,INR,captured,card,TRUE,Payment for WB-109312 Mixer jar spare,,,,131030,23585,1773066060,
pay_WDS4UK01BNMH03,payment,WB-109723,2530200,INR,captured,upi,TRUE,Payment for WB-109723 Trolley bag 24 inch,,,,50604,9109,1773064200,
pay_8K0EATS8GHJKY4,payment,WB-109841,239674,INR,captured,netbanking,TRUE,Payment for WB-109841 Rubber foot mat,,,,4793,863,1773080160,
pay_6A5CVDK79FQ6E7,payment,WB-104114,3823932,INR,captured,emi,TRUE,Payment for WB-104114 Copper water bottle,,,,76479,13766,1773142080,
pay_9510BS99RBLDHN,payment,WB-104160,7854000,INR,captured,card,TRUE,Payment for WB-104160 Rubber foot mat,,,,157080,28274,1773162780,
pay_CXT5DAJ1VZYULV,payment,WB-104349,8494209,INR,captured,upi,TRUE,Payment for WB-104349 Mixer jar spare,,,,169884,30579,1773172800,
pay_LU0Q79BCQBV0UF,payment,WB-104468,3485800,INR,captured,wallet,TRUE,Payment for WB-104468 Mixer jar spare,,,,69716,12549,1773154680,
pay_0XVPL0V3XH9DVZ,payment,WB-104474,3877658,INR,captured,netbanking,TRUE,Payment for WB-104474 Coir door mat,,,,77553,13960,1773159660,
pay_DZ08PR8WH1P6KU,payment,WB-104520,3054022,INR,captured,card,TRUE,Payment for WB-104520 Mixer jar spare,,,,61080,10994,1773159840,
pay_81ECFAK44ATMN7,payment,WB-105007,7686561,INR,captured,card,TRUE,Payment for WB-105007 Steel tiffin carrier,,,,153731,27672,1773163980,
pay_EH2SAW7CH73JAB,payment,WB-105017,507400,INR,captured,emi,TRUE,Payment for WB-105017 Steel tiffin carrier,,,,10148,1827,1773167400,
pay_9KHQVMV2MAVHZX,payment,WB-105051,3924411,INR,captured,emi,TRUE,Payment for WB-105051 Trolley bag 24 inch,,,,78488,14128,1773148620,
pay_KF3MAJMF7L7062,payment,WB-105112,8964209,INR,captured,upi,TRUE,Payment for WB-105112 Rubber foot mat,,,,179284,32271,1773167640,
pay_82BT3C1J678H8Y,payment,WB-105438,5670200,INR,captured,upi,TRUE,Payment for WB-105438 Rubber foot mat,,,,113404,20413,1773170940,
pay_AUQDGD6R8GABDQ,payment,WB-105822,1181900,INR,captured,emi,TRUE,Payment for WB-105822 Coir door mat,,,,23638,4255,1773170100,
pay_11W5Q9LH0W4DFJ,payment,WB-106005,5308911,INR,captured,emi,TRUE,Payment for WB-106005 Coir door mat,,,,106178,19112,1773159420,
pay_67E7VMQZ7AZG56,payment,WB-106092,3576400,INR,captured,emi,TRUE,Payment for WB-106092 Trolley bag 24 inch,,,,71528,12875,1773133620,
pay_K0Q5R0D5QNU998,payment,WB-106949,7521600,INR,captured,netbanking,TRUE,Payment for WB-106949 Mixer jar spare,,,,150432,27078,1773173040,
pay_XH0HFXY6HRPXKS,payment,WB-107306,8774404,INR,captured,emi,TRUE,Payment for WB-107306 Steel tiffin carrier,,,,175488,31588,1773130440,
pay_918FX16S68GPDQ,payment,WB-107357,1416858,INR,captured,wallet,TRUE,Payment for WB-107357 Steel tiffin carrier,,,,28337,5101,1773170940,
pay_G6SFWR2P0FDRW8,payment,WB-107475,3453005,INR,captured,card,TRUE,Payment for WB-107475 Rubber foot mat,,,,69060,12431,1773136500,
pay_YUEXWZQSZSCQX2,payment,WB-107576,6533493,INR,captured,emi,TRUE,Payment for WB-107576 Copper water bottle,,,,130670,23521,1773159360,
pay_AH3JEFU78TSXLT,payment,WB-107607,4062500,INR,captured,card,TRUE,Payment for WB-107607 Rubber foot mat,,,,81250,14625,1773170400,
pay_BHCJF78FJ4F1BW,payment,WB-107621,8298666,INR,captured,netbanking,TRUE,Payment for WB-107621 Copper water bottle,,,,165973,29875,1773134280,
pay_K1HAXGG0DTPMAQ,payment,WB-107697,3134432,INR,captured,emi,TRUE,Payment for WB-107697 Trolley bag 24 inch,,,,62689,11284,1773145800,
pay_R921WUBGDAL2NK,payment,WB-107950,459712,INR,captured,upi,TRUE,Payment for WB-107950 Coir door mat,,,,9194,1655,1773166920,
pay_8SXC23AD67F9DK,payment,WB-108100,6343600,INR,captured,netbanking,TRUE,Payment for WB-108100 Coir door mat,,,,126872,22837,1773172140,
pay_BE95RYZTDF91B1,payment,WB-108257,45500,INR,captured,card,TRUE,Payment for WB-108257 Trolley bag 24 inch,,,,910,164,1773130800,
pay_1YAYMPTJM2MHH5,payment,WB-108440,1039000,INR,captured,card,TRUE,Payment for WB-108440 Coir door mat,,,,20780,3740,1773154980,
pay_AABNZZUMR8M9MK,payment,WB-108527,5176536,INR,captured,card,TRUE,Payment for WB-108527 Rubber foot mat,,,,103531,18636,1773131700,
pay_B7QX369Q3KK1RG,payment,WB-108576,2284300,INR,captured,wallet,TRUE,Payment for WB-108576 Steel tiffin carrier,,,,45686,8223,1773138900,
pay_R4DJNCX962WP9B,payment,WB-108698,1012400,INR,captured,emi,TRUE,Payment for WB-108698 Mixer jar spare,,,,20248,3645,1773143760,
pay_FJABLW5J7VVTTC,payment,WB-108797,7539700,INR,captured,upi,TRUE,Payment for WB-108797 Coir door mat,,,,150794,27143,1773170160,
pay_60EEEJZJW5XDPC,payment,WB-108941,3598800,INR,captured,wallet,TRUE,Payment for WB-108941 Trolley bag 24 inch,,,,71976,12956,1773143400,
pay_VH1D8J49TSMUFM,payment,WB-109059,2980400,INR,captured,emi,TRUE,Payment for WB-109059 Mixer jar spare,,,,59608,10729,1773158460,
pay_Z5FC4RY48VWUD0,payment,WB-109070,4104600,INR,captured,netbanking,TRUE,Payment for WB-109070 Copper water bottle,,,,82092,14777,1773152280,
pay_Y2LW32L64R36RJ,payment,WB-109138,8358600,INR,captured,netbanking,TRUE,Payment for WB-109138 Trolley bag 24 inch,,,,167172,30091,1773162540,
pay_DHSCPJ028FLXHE,payment,WB-109226,3597687,INR,captured,netbanking,TRUE,Payment for WB-109226 Steel tiffin carrier,,,,71954,12952,1773131100,
pay_96S1HCQVS91NPB,payment,WB-109353,5655000,INR,captured,card,TRUE,Payment for WB-109353 Mixer jar spare,,,,113100,20358,1773169200,
pay_01UEDWGVQJB1KV,payment,WB-109423,5551620,INR,captured,netbanking,TRUE,Payment for WB-109423 Copper water bottle,,,,111032,19986,1773167220,
pay_D2GY8KJLMSTN07,payment,WB-109619,7539496,INR,captured,emi,TRUE,Payment for WB-109619 Copper water bottle,,,,150790,27142,1773154860,
pay_6X2T02SL3T1P3L,payment,WB-109978,8739000,INR,captured,card,TRUE,Payment for WB-109978 Trolley bag 24 inch,,,,174780,31460,1773175800,
pay_5XTKTGMG0H1REP,payment,WB-104097,1070200,INR,captured,upi,TRUE,Payment for WB-104097 Trolley bag 24 inch,,,,21404,3853,1773234180,
pay_APBE9FV6RWLGTP,payment,WB-104147,6542400,INR,captured,emi,TRUE,Payment for WB-104147 Steel tiffin carrier,,,,130848,23553,1773240060,
pay_X1TBJ46EAL0A14,payment,WB-104157,2846200,INR,captured,upi,TRUE,Payment for WB-104157 Coir door mat,,,,56924,10246,1773262680,
pay_LXW5XC1EWGAUPR,payment,WB-104311,3110676,INR,captured,netbanking,TRUE,Payment for WB-104311 Rubber foot mat,,,,62214,11199,1773226920,
pay_7A3CB7R9QPMET9,payment,WB-104538,6109040,INR,captured,card,TRUE,Payment for WB-104538 Trolley bag 24 inch,,,,122181,21993,1773230760,
pay_45H3WRCSCBDGYV,payment,WB-104792,4886100,INR,captured,netbanking,TRUE,Payment for WB-104792 Mixer jar spare,,,,97722,17590,1773234780,
pay_GDWXVJ75P03S2L,payment,WB-104844,8889800,INR,captured,wallet,TRUE,Payment for WB-104844 Copper water bottle,,,,177796,32003,1773220200,
pay_MNGFBK1NWQ4Z1K,payment,WB-104928,7502000,INR,captured,card,TRUE,Payment for WB-104928 Copper water bottle,,,,150040,27007,1773244560,
pay_U5PACNER0TMWUB,payment,WB-104976,5461291,INR,captured,upi,TRUE,Payment for WB-104976 Rubber foot mat,,,,109226,19661,1773225540,
pay_1WTABL7AKJ1UG0,payment,WB-104996,6683900,INR,captured,emi,TRUE,Payment for WB-104996 Copper water bottle,,,,133678,24062,1773234360,
pay_NMUS0G79V5QCQW,payment,WB-105043,1397600,INR,captured,netbanking,TRUE,Payment for WB-105043 Trolley bag 24 inch,,,,27952,5031,1773229620,
pay_HCYKA4K1LQVEU4,payment,WB-105046,5645400,INR,captured,emi,TRUE,Payment for WB-105046 Rubber foot mat,,,,112908,20323,1773232860,
pay_LS8HLL5W1BPW6B,payment,WB-105103,7791100,INR,captured,netbanking,TRUE,Payment for WB-105103 Mixer jar spare,,,,155822,28048,1773239700,
pay_FNADM2N2ZTQHWP,payment,WB-105345,6270600,INR,captured,netbanking,TRUE,Payment for WB-105345 Trolley bag 24 inch,,,,125412,22574,1773249180,
pay_KASGGYUYBFGBAF,payment,WB-105354,7188127,INR,captured,netbanking,TRUE,Payment for WB-105354 Coir door mat,,,,143763,25877,1773235920,
pay_81HDFZWYYTSJVE,payment,WB-105550,652814,INR,captured,wallet,TRUE,Payment for WB-105550 Mixer jar spare,,,,13056,2350,1773255360,
pay_J8BY1RM7Z06TK5,payment,WB-105734,1074439,INR,captured,emi,TRUE,Payment for WB-105734 Trolley bag 24 inch,,,,21489,3868,1773217740,
pay_BSCJCUL127XHWM,payment,WB-106999,4910790,INR,captured,upi,TRUE,Payment for WB-106999 Steel tiffin carrier,,,,98216,17679,1773251580,
pay_UVZKEVVSZFXSN7,payment,WB-107329,7543910,INR,captured,emi,TRUE,Payment for WB-107329 Rubber foot mat,,,,150878,27158,1773222000,
pay_KM7YLQAWSA8N44,payment,WB-107381,1376992,INR,captured,emi,TRUE,Payment for WB-107381 Coir door mat,,,,27540,4957,1773253320,
pay_KQQABLFK7E6ZCP,payment,WB-107469,8572500,INR,captured,card,TRUE,Payment for WB-107469 Mixer jar spare,,,,171450,30861,1773228180,
pay_19RF6UU4N4FQ8L,payment,WB-107529,1480000,INR,captured,card,TRUE,Payment for WB-107529 Steel tiffin carrier,,,,29600,5328,1773249960,
pay_NK67GG4Z07J33S,payment,WB-107779,5089339,INR,captured,wallet,TRUE,Payment for WB-107779 Steel tiffin carrier,,,,101787,18322,1773254820,
pay_B9R9U9PZ0T50VP,payment,WB-108039,3035400,INR,captured,emi,TRUE,Payment for WB-108039 Copper water bottle,,,,60708,10927,1773217920,
pay_BZNKTCKN00F5L3,payment,WB-108043,3331970,INR,captured,emi,TRUE,Payment for WB-108043 Rubber foot mat,,,,66639,11995,1773218700,
pay_3L5FNGEBFB2A59,payment,WB-108163,7035632,INR,captured,netbanking,TRUE,Payment for WB-108163 Rubber foot mat,,,,140713,25328,1773244920,
pay_RWA01X2XPWNRT4,payment,WB-108324,5060030,INR,captured,card,TRUE,Payment for WB-108324 Coir door mat,,,,101201,18216,1773249180,
pay_4ARNGFUWJDPHBU,payment,WB-108422,1445300,INR,captured,wallet,TRUE,Payment for WB-108422 Mixer jar spare,,,,28906,5203,1773237360,
pay_RFHYPAN1LKYESN,payment,WB-108545,1312100,INR,captured,netbanking,TRUE,Payment for WB-108545 Trolley bag 24 inch,,,,26242,4724,1773245400,
pay_PJUJNPC2Z2SUET,payment,WB-108558,1184319,INR,captured,wallet,TRUE,Payment for WB-108558 Copper water bottle,,,,23686,4263,1773238860,
pay_90RYF4BB5UG06D,payment,WB-108775,5277800,INR,captured,wallet,TRUE,Payment for WB-108775 Coir door mat,,,,105556,19000,1773253440,
pay_VF0QCC45TEB092,payment,WB-108901,2211600,INR,captured,netbanking,TRUE,Payment for WB-108901 Copper water bottle,,,,44232,7962,1773228180,
pay_FPVB52PS55DKGF,payment,WB-108947,3403200,INR,captured,upi,TRUE,Payment for WB-108947 Mixer jar spare,,,,68064,12252,1773252240,
pay_VREYYP8LW6244K,payment,WB-109105,7628100,INR,captured,netbanking,TRUE,Payment for WB-109105 Coir door mat,,,,152562,27461,1773228960,
pay_LEEYNLGMDW2HL8,payment,WB-109113,3156639,INR,captured,netbanking,TRUE,Payment for WB-109113 Copper water bottle,,,,63133,11364,1773233880,
pay_SY0CBDLL9S9SWN,payment,WB-109309,3821333,INR,captured,wallet,TRUE,Payment for WB-109309 Steel tiffin carrier,,,,76427,13757,1773245280,
pay_LQ5ULNQ1JTMWR0,payment,WB-109389,5883690,INR,captured,netbanking,TRUE,Payment for WB-109389 Steel tiffin carrier,,,,117674,21181,1773259860,
pay_870PF4DR2RHTZE,payment,WB-109408,8113400,INR,captured,emi,TRUE,Payment for WB-109408 Steel tiffin carrier,,,,162268,29208,1773229620,
pay_FHWS534RFR8X9K,payment,WB-109873,4990200,INR,captured,upi,TRUE,Payment for WB-109873 Rubber foot mat,,,,99804,17965,1773232860,
pay_1V0508C0680RNN,payment,WB-104008,8662158,INR,captured,netbanking,TRUE,Payment for WB-104008 Coir door mat,,,,173243,31184,1773328740,
pay_6Z0RDK7FUJ7UBD,payment,WB-104264,1352300,INR,captured,wallet,TRUE,Payment for WB-104264 Rubber foot mat,,,,27046,4868,1773322980,
pay_6JS0562MRLBQ89,payment,WB-104324,8692600,INR,captured,netbanking,TRUE,Payment for WB-104324 Coir door mat,,,,173852,31293,1773307260,
pay_1KB0SH7GU0UDYC,payment,WB-104392,8927200,INR,captured,upi,TRUE,Payment for WB-104392 Copper water bottle,,,,178544,32138,1773306420,
pay_WH3GVX8QTSX6N8,payment,WB-104555,2152400,INR,captured,emi,TRUE,Payment for WB-104555 Steel tiffin carrier,,,,43048,7749,1773336540,
pay_YJVJX5UB0HMCLL,payment,WB-104574,3672800,INR,captured,wallet,TRUE,Payment for WB-104574 Rubber foot mat,,,,73456,13222,1773322980,
pay_AYTCV5U36W9JUF,payment,WB-104692,7894000,INR,captured,card,TRUE,Payment for WB-104692 Copper water bottle,,,,157880,28418,1773315000,
pay_NYXWME5SXR0MTU,payment,WB-104708,4292106,INR,captured,netbanking,TRUE,Payment for WB-104708 Trolley bag 24 inch,,,,85842,15452,1773304920,
pay_9Z9LSB67E1F9ZE,payment,WB-104711,762613,INR,captured,netbanking,TRUE,Payment for WB-104711 Trolley bag 24 inch,,,,15252,2745,1773319320,
pay_9B6CJMZZ0NP7NQ,payment,WB-104815,4522898,INR,captured,wallet,TRUE,Payment for WB-104815 Copper water bottle,,,,90458,16282,1773311700,
pay_EPD4M1QAKLKSYL,payment,WB-104826,7653300,INR,captured,wallet,TRUE,Payment for WB-104826 Mixer jar spare,,,,153066,27552,1773312900,
pay_LY7Z5Z7V0J2U3M,payment,WB-104941,5748875,INR,captured,wallet,TRUE,Payment for WB-104941 Steel tiffin carrier,,,,114978,20696,1773321660,
pay_SQ4C5CTLUU25UC,payment,WB-105026,8433448,INR,captured,emi,TRUE,Payment for WB-105026 Copper water bottle,,,,168669,30360,1773313560,
pay_YPKFQDAX97R20A,payment,WB-105069,4475800,INR,captured,wallet,TRUE,Payment for WB-105069 Coir door mat,,,,89516,16113,1773331920,
pay_ZWVPX0YVS4Q62J,payment,WB-105088,6547700,INR,captured,upi,TRUE,Payment for WB-105088 Copper water bottle,,,,130954,23572,1773336540,
pay_39T3VTS4SBBQYE,payment,WB-105184,489000,INR,captured,card,TRUE,Payment for WB-105184 Copper water bottle,,,,9780,1760,1773334500,
pay_F4R3KAXSQNEPF7,payment,WB-105247,8737700,INR,captured,upi,TRUE,Payment for WB-105247 Trolley bag 24 inch,,,,174754,31456,1773331800,
pay_62SXFD573V0177,payment,WB-105252,9033626,INR,captured,netbanking,TRUE,Payment for WB-105252 Steel tiffin carrier,,,,180673,32521,1773333240,
pay_UKC0EZ2RA7SX66,payment,WB-105476,6973200,INR,captured,upi,TRUE,Payment for WB-105476 Rubber foot mat,,,,139464,25104,1773327600,
pay_Y6ZCS9X9G4HES5,payment,WB-105494,2023500,INR,captured,card,TRUE,Payment for WB-105494 Coir door mat,,,,40470,7285,1773313980,
pay_249YPWHKTW9XPW,payment,WB-105825,7328400,INR,captured,emi,TRUE,Payment for WB-105825 Coir door mat,,,,146568,26382,1773343380,
pay_386PANJKC06SQS,payment,WB-106078,3122100,INR,captured,netbanking,TRUE,Payment for WB-106078 Rubber foot mat,,,,62442,11240,1773340860,
pay_Q9EZXR16VTEKNU,payment,WB-106316,4511900,INR,captured,emi,TRUE,Payment for WB-106316 Steel tiffin carrier,,,,90238,16243,1773318540,
pay_QGJE39SAMM4N7B,payment,WB-106428,2108828,INR,captured,wallet,TRUE,Payment for WB-106428 Trolley bag 24 inch,,,,42177,7592,1773347820,
pay_GW8TDG0DC1RPJG,payment,WB-106469,3626000,INR,captured,card,TRUE,Payment for WB-106469 Steel tiffin carrier,,,,72520,13054,1773312180,
pay_ASLL4BU8A2DLSW,payment,WB-106483,4422610,INR,captured,netbanking,TRUE,Payment for WB-106483 Rubber foot mat,,,,88452,15921,1773306000,
pay_72HY83BD4KEYKT,payment,WB-106782,1288719,INR,captured,upi,TRUE,Payment for WB-106782 Trolley bag 24 inch,,,,25774,4639,1773335520,
pay_FVB3VL645GNVHU,payment,WB-106794,4000900,INR,captured,emi,TRUE,Payment for WB-106794 Trolley bag 24 inch,,,,80018,14403,1773346860,
pay_RWVAQE11G4HCSF,payment,WB-107564,1810100,INR,captured,netbanking,TRUE,Payment for WB-107564 Rubber foot mat,,,,36202,6516,1773311880,
pay_UUJ6ZZL3WHA5LT,payment,WB-107795,9113787,INR,captured,upi,TRUE,Payment for WB-107795 Trolley bag 24 inch,,,,182276,32810,1773325200,
pay_3Q7RBFC6UR2TQQ,payment,WB-107835,9040800,INR,captured,wallet,TRUE,Payment for WB-107835 Mixer jar spare,,,,180816,32547,1773323160,
pay_DDR9RX6322ZAXF,payment,WB-107894,5227000,INR,captured,card,TRUE,Payment for WB-107894 Steel tiffin carrier,,,,104540,18817,1773328560,
pay_XT7V3ALTPDQU9W,payment,WB-107899,8849258,INR,captured,upi,TRUE,Payment for WB-107899 Mixer jar spare,,,,176985,31857,1773328320,
pay_W2L938R6XPPAL1,payment,WB-108242,7889808,INR,captured,wallet,TRUE,Payment for WB-108242 Mixer jar spare,,,,157796,28403,1773310080,
pay_EKA439RL0C2DKE,payment,WB-108271,5147186,INR,captured,netbanking,TRUE,Payment for WB-108271 Mixer jar spare,,,,102944,18530,1773327420,
pay_E6NEXL4ZZFQG0Q,payment,WB-108675,6959200,INR,captured,upi,TRUE,Payment for WB-108675 Coir door mat,,,,139184,25053,1773334980,
pay_Z3S6RHYPWXLD91,payment,WB-109057,3926278,INR,captured,upi,TRUE,Payment for WB-109057 Coir door mat,,,,78526,14135,1773344460,
pay_7CMED1EM0F63CU,payment,WB-109364,7623115,INR,captured,netbanking,TRUE,Payment for WB-109364 Mixer jar spare,,,,152462,27443,1773324780,
pay_GU166057VREBFY,payment,WB-109562,1235800,INR,captured,wallet,TRUE,Payment for WB-109562 Mixer jar spare,,,,24716,4449,1773310860,
pay_1B1X16KDG1C8F9,payment,WB-104177,5885100,INR,captured,netbanking,TRUE,Payment for WB-104177 Rubber foot mat,,,,117702,21186,1773406800,
pay_98SU086U88H5QX,payment,WB-104221,5991000,INR,captured,card,TRUE,Payment for WB-104221 Copper water bottle,,,,119820,21568,1773398760,
pay_L7TSHL1XHK1L0Z,payment,WB-104347,248678,INR,captured,netbanking,TRUE,Payment for WB-104347 Mixer jar spare,,,,4974,895,1773424140,
pay_TYA3TSMHEHE72L,payment,WB-104435,8580500,INR,captured,card,TRUE,Payment for WB-104435 Steel tiffin carrier,,,,171610,30890,1773398280,
pay_0GM68497P2SGY2,payment,WB-104580,261293,INR,captured,upi,TRUE,Payment for WB-104580 Mixer jar spare,,,,5226,941,1773406740,
pay_YA5CJ2V2UWMFTC,payment,WB-104614,5006695,INR,captured,netbanking,TRUE,Payment for WB-104614 Mixer jar spare,,,,100134,18024,1773420600,
pay_QVK986A641USSM,payment,WB-104641,7587700,INR,captured,upi,TRUE,Payment for WB-104641 Steel tiffin carrier,,,,151754,27316,1773406140,
pay_WHWGTJLQJ4T25Z,payment,WB-105203,2889798,INR,captured,upi,TRUE,Payment for WB-105203 Rubber foot mat,,,,57796,10403,1773391920,
pay_WRTL7TUKYU7CL5,payment,WB-105423,3832816,INR,captured,wallet,TRUE,Payment for WB-105423 Steel tiffin carrier,,,,76656,13798,1773431520,
pay_L87F83HYMPK0YM,payment,WB-105839,4228700,INR,captured,upi,TRUE,Payment for WB-105839 Steel tiffin carrier,,,,84574,15223,1773401040,
pay_V600KUQ09L5UME,payment,WB-105853,7467900,INR,captured,emi,TRUE,Payment for WB-105853 Rubber foot mat,,,,149358,26884,1773425580,
pay_M3K8WQ23QFNCLC,payment,WB-105880,5537019,INR,captured,card,TRUE,Payment for WB-105880 Trolley bag 24 inch,,,,110740,19933,1773405840,
pay_57VAPEXQYWCKKS,payment,WB-106274,7143828,INR,captured,wallet,TRUE,Payment for WB-106274 Copper water bottle,,,,142877,25718,1773416700,
pay_DVGH5Y8B21SDEM,payment,WB-106279,747900,INR,captured,emi,TRUE,Payment for WB-106279 Mixer jar spare,,,,14958,2692,1773420600,
pay_6ZTMHD6SJ4PP4Z,payment,WB-106298,6584111,INR,captured,netbanking,TRUE,Payment for WB-106298 Trolley bag 24 inch,,,,131682,23703,1773429000,
pay_0YQ6YMDM6T6MWJ,payment,WB-106536,5681300,INR,captured,wallet,TRUE,Payment for WB-106536 Mixer jar spare,,,,113626,20453,1773430980,
pay_J65ZNG1FPJD1BG,payment,WB-107132,6528300,INR,captured,wallet,TRUE,Payment for WB-107132 Mixer jar spare,,,,130566,23502,1773416160,
pay_X1EH5UAWE305Y4,payment,WB-107208,8079000,INR,captured,card,TRUE,Payment for WB-107208 Coir door mat,,,,161580,29084,1773398460,
pay_RJ9YV1WGS75A2K,payment,WB-107305,4792400,INR,captured,emi,TRUE,Payment for WB-107305 Coir door mat,,,,95848,17253,1773421560,
pay_VZPJYRFMR0SR73,payment,WB-107702,8696100,INR,captured,netbanking,TRUE,Payment for WB-107702 Trolley bag 24 inch,,,,173922,31306,1773417000,
pay_R0TGCDKH3CK0Y3,payment,WB-107817,5486200,INR,captured,upi,TRUE,Payment for WB-107817 Coir door mat,,,,109724,19750,1773430500,
pay_U6LXSTTYY8A3PN,payment,WB-107836,3390400,INR,captured,emi,TRUE,Payment for WB-107836 Steel tiffin carrier,,,,67808,12205,1773394800,
pay_8V680W7BR712R3,payment,WB-107881,9110129,INR,captured,netbanking,TRUE,Payment for WB-107881 Copper water bottle,,,,182203,32797,1773405540,
pay_EFHT3XF8K82SRL,payment,WB-108276,5441500,INR,captured,card,TRUE,Payment for WB-108276 Steel tiffin carrier,,,,108830,19589,1773422160,
pay_6BZXAG05R0FF8Z,payment,WB-108337,3644216,INR,captured,upi,TRUE,Payment for WB-108337 Steel tiffin carrier,,,,72884,13119,1773403440,
pay_VCGQUBG1T92G3B,payment,WB-108605,5469500,INR,captured,card,TRUE,Payment for WB-108605 Copper water bottle,,,,109390,19690,1773407400,
pay_FLH1RP2R0H9JM0,payment,WB-108716,2063200,INR,captured,upi,TRUE,Payment for WB-108716 Rubber foot mat,,,,41264,7428,1773410820,
pay_UVTHXB6AR2XSWF,payment,WB-108852,2008000,INR,captured,card,TRUE,Payment for WB-108852 Coir door mat,,,,40160,7229,1773433260,
pay_DV6X4PRWDC4FS2,payment,WB-108856,3061757,INR,captured,upi,TRUE,Payment for WB-108856 Trolley bag 24 inch,,,,61235,11022,1773418740,
pay_SX6TX50PJ63VET,payment,WB-108961,83133,INR,captured,netbanking,TRUE,Payment for WB-108961 Trolley bag 24 inch,,,,1663,299,1773416040,
pay_T96PMJW7SXTQ4Z,payment,WB-109031,5518808,INR,captured,wallet,TRUE,Payment for WB-109031 Rubber foot mat,,,,110376,19868,1773400980,
pay_5JVX1Y479B128S,payment,WB-109124,3872500,INR,captured,card,TRUE,Payment for WB-109124 Copper water bottle,,,,77450,13941,1773434640,
pay_ALV4HA79HJLA0W,payment,WB-109397,2067800,INR,captured,wallet,TRUE,Payment for WB-109397 Coir door mat,,,,41356,7444,1773392460,
pay_0E2RDG1KSEDUZK,payment,WB-109475,7890100,INR,captured,netbanking,TRUE,Payment for WB-109475 Coir door mat,,,,157802,28404,1773408600,
pay_2WBP5Z93GRQ7KF,payment,WB-109488,4420315,INR,captured,wallet,TRUE,Payment for WB-109488 Rubber foot mat,,,,88406,15913,1773428640,
pay_TGPWYV23UEXEL2,payment,WB-109531,8125700,INR,captured,upi,TRUE,Payment for WB-109531 Trolley bag 24 inch,,,,162514,29253,1773408780,
pay_NFSQ7JUJ14PN9N,payment,WB-109709,5887100,INR,captured,netbanking,TRUE,Payment for WB-109709 Copper water bottle,,,,117742,21194,1773408780,
pay_828GG06R159CH4,payment,WB-109712,8964600,INR,captured,netbanking,TRUE,Payment for WB-109712 Copper water bottle,,,,179292,32273,1773392640,
pay_YZMYN22XZXGS5T,payment,WB-109740,459446,INR,captured,emi,TRUE,Payment for WB-109740 Rubber foot mat,,,,9189,1654,1773428520,
pay_GPSPCRLJL8WX01,payment,WB-104165,7662900,INR,captured,emi,TRUE,Payment for WB-104165 Trolley bag 24 inch,,,,153258,27586,1773508380,
pay_KQCRNJXJHY6PJP,payment,WB-104220,6314490,INR,captured,emi,TRUE,Payment for WB-104220 Mixer jar spare,,,,126290,22732,1773477000,
pay_5ZYDSBQKWCE6FP,payment,WB-104239,3098618,INR,captured,netbanking,TRUE,Payment for WB-104239 Trolley bag 24 inch,,,,61972,11155,1773509700,
pay_146LLHZ1GF2SF0,payment,WB-104269,2063300,INR,captured,wallet,TRUE,Payment for WB-104269 Coir door mat,,,,41266,7428,1773504900,
pay_7L7LHU3B62MX1Q,payment,WB-104902,7661584,INR,captured,card,TRUE,Payment for WB-104902 Coir door mat,,,,153232,27582,1773487920,
pay_LDRVEK54UUVSY9,payment,WB-104935,7427338,INR,captured,wallet,TRUE,Payment for WB-104935 Mixer jar spare,,,,148547,26738,1773479580,
pay_T9UKRB8J4S2ZX7,payment,WB-105226,7544200,INR,captured,upi,TRUE,Payment for WB-105226 Rubber foot mat,,,,150884,27159,1773486180,
pay_L45KP7K0XMVRK0,payment,WB-105491,2630900,INR,captured,emi,TRUE,Payment for WB-105491 Steel tiffin carrier,,,,52618,9471,1773521760,
pay_84ZJT2VJFR2C34,payment,WB-105585,7195600,INR,captured,netbanking,TRUE,Payment for WB-105585 Mixer jar spare,,,,143912,25904,1773497220,
pay_A3GH0LDKZK9EUB,payment,WB-105598,4782513,INR,captured,card,TRUE,Payment for WB-105598 Trolley bag 24 inch,,,,95650,17217,1773480300,
pay_TDSW09WFE07NWN,payment,WB-105875,8555741,INR,captured,upi,TRUE,Payment for WB-105875 Steel tiffin carrier,,,,171115,30801,1773481980,
pay_ZWK6LKPBWRUE9F,payment,WB-106436,5185704,INR,captured,upi,TRUE,Payment for WB-106436 Mixer jar spare,,,,103714,18669,1773508800,
pay_FVVBC5WFHD1BD8,payment,WB-106515,1334058,INR,captured,card,TRUE,Payment for WB-106515 Copper water bottle,,,,26681,4803,1773519540,
pay_M47XPVK6KLC4EB,payment,WB-106728,196174,INR,captured,netbanking,TRUE,Payment for WB-106728 Coir door mat,,,,3923,706,1773509400,
pay_U5S67BDZ8HMKC4,payment,WB-106779,377718,INR,captured,upi,TRUE,Payment for WB-106779 Rubber foot mat,,,,7554,1360,1773508500,
pay_EKED3XYZ0A1ME4,payment,WB-106904,1602800,INR,captured,wallet,TRUE,Payment for WB-106904 Coir door mat,,,,32056,5770,1773485520,
pay_0MCG3UR0GXDXQE,payment,WB-107133,2287300,INR,captured,wallet,TRUE,Payment for WB-107133 Steel tiffin carrier,,,,45746,8234,1773483960,
pay_0PTL7F574LG92R,payment,WB-107152,2851400,INR,captured,emi,TRUE,Payment for WB-107152 Trolley bag 24 inch,,,,57028,10265,1773477480,
pay_LTL3D4ZW92VZNJ,payment,WB-107253,5871403,INR,captured,emi,TRUE,Payment for WB-107253 Copper water bottle,,,,117428,21137,1773516360,
pay_VLZVB7NWRTNFTC,payment,WB-107567,4913100,INR,captured,netbanking,TRUE,Payment for WB-107567 Copper water bottle,,,,98262,17687,1773481800,
pay_D3DEVX0D64TM04,payment,WB-107658,1802946,INR,captured,emi,TRUE,Payment for WB-107658 Trolley bag 24 inch,,,,36059,6491,1773502080,
pay_8NRK3WFMR7H6CR,payment,WB-107670,1365500,INR,captured,card,TRUE,Payment for WB-107670 Rubber foot mat,,,,27310,4916,1773499080,
pay_BHRM7T5DCG2PDE,payment,WB-107753,4743700,INR,captured,upi,TRUE,Payment for WB-107753 Rubber foot mat,,,,94874,17077,1773502800,
pay_Q5D2NZQE62L60G,payment,WB-107941,3209900,INR,captured,emi,TRUE,Payment for WB-107941 Rubber foot mat,,,,64198,11556,1773504900,
pay_ZU0ASP8SK430PK,payment,WB-108178,186300,INR,captured,wallet,TRUE,Payment for WB-108178 Copper water bottle,,,,3726,671,1773489000,
pay_HAZJUMTUG7BNCE,payment,WB-108210,5343800,INR,captured,wallet,TRUE,Payment for WB-108210 Trolley bag 24 inch,,,,106876,19238,1773478860,
pay_CB0XXY40VXEAEK,payment,WB-108309,623700,INR,captured,upi,TRUE,Payment for WB-108309 Steel tiffin carrier,,,,12474,2245,1773516960,
pay_GE3HWKSYHGUEL4,payment,WB-108548,7452700,INR,captured,upi,TRUE,Payment for WB-108548 Steel tiffin carrier,,,,149054,26830,1773513840,
pay_A2J77663SB4GWM,payment,WB-109003,8512200,INR,captured,upi,TRUE,Payment for WB-109003 Copper water bottle,,,,170244,30644,1773504240,
pay_PMN87917KQRZ5R,payment,WB-109039,2193085,INR,captured,card,TRUE,Payment for WB-109039 Mixer jar spare,,,,43862,7895,1773513480,
pay_RNWGFLQYB3PZ69,payment,WB-109061,2585212,INR,captured,upi,TRUE,Payment for WB-109061 Mixer jar spare,,,,51704,9307,1773519720,
pay_DQPUE2V35UFE5G,payment,WB-109075,8327074,INR,captured,card,TRUE,Payment for WB-109075 Copper water bottle,,,,166541,29977,1773492240,
pay_N4H9L6UKZHSPTG,payment,WB-109352,5699652,INR,captured,netbanking,TRUE,Payment for WB-109352 Coir door mat,,,,113993,20519,1773501240,
pay_C1F87Y1M3E4MS8,payment,WB-109424,8541178,INR,captured,netbanking,TRUE,Payment for WB-109424 Trolley bag 24 inch,,,,170824,30748,1773479580,
pay_TNU9W87FQLUC2H,payment,WB-109426,5025600,INR,captured,netbanking,TRUE,Payment for WB-109426 Coir door mat,,,,100512,18092,1773489840,
pay_HB6541AV2LD170,payment,WB-109605,8484900,INR,captured,emi,TRUE,Payment for WB-109605 Rubber foot mat,,,,169698,30546,1773504240,
pay_3PBMUBMMRBA2T2,payment,WB-109746,8145400,INR,captured,emi,TRUE,Payment for WB-109746 Coir door mat,,,,162908,29323,1773517740,
pay_JTAFBHV4VKX5E6,payment,WB-109977,3804876,INR,captured,wallet,TRUE,Payment for WB-109977 Steel tiffin carrier,,,,76098,13698,1773511320,
pay_8J96D329XXDX4M,payment,WB-104168,1833571,INR,captured,card,TRUE,Payment for WB-104168 Rubber foot mat,,,,36671,6601,1773567780,
pay_S747YE8H5CGHCG,payment,WB-104215,7324900,INR,captured,emi,TRUE,Payment for WB-104215 Coir door mat,,,,146498,26370,1773582780,
pay_Q85JXMDRG0AKN7,payment,WB-104228,6449548,INR,captured,card,TRUE,Payment for WB-104228 Mixer jar spare,,,,128991,23218,1773571140,
pay_C5GX9XC7Q4N262,payment,WB-104328,8777180,INR,captured,netbanking,TRUE,Payment for WB-104328 Rubber foot mat,,,,175544,31598,1773586020,
pay_JN1BHLTTYUF6JJ,payment,WB-104462,1872600,INR,captured,netbanking,TRUE,Payment for WB-104462 Mixer jar spare,,,,37452,6741,1773564360,
pay_20YKF6RR3NZ5EW,payment,WB-104475,4258500,INR,captured,card,TRUE,Payment for WB-104475 Rubber foot mat,,,,85170,15331,1773596160,
pay_75KHN77LP6AZMK,payment,WB-104622,5320800,INR,captured,wallet,TRUE,Payment for WB-104622 Steel tiffin carrier,,,,106416,19155,1773577920,
pay_LZLPLS3S7DPKML,payment,WB-104723,8236000,INR,captured,card,TRUE,Payment for WB-104723 Steel tiffin carrier,,,,164720,29650,1773586680,
pay_3ASE207VGZHHCX,payment,WB-104741,759900,INR,captured,emi,TRUE,Payment for WB-104741 Copper water bottle,,,,15198,2736,1773587580,
pay_7KGKHNN32E8UTK,payment,WB-104993,675647,INR,captured,netbanking,TRUE,Payment for WB-104993 Steel tiffin carrier,,,,13513,2432,1773594720,
pay_3XYA9T2A4KJ4BH,payment,WB-105502,8074112,INR,captured,netbanking,TRUE,Payment for WB-105502 Mixer jar spare,,,,161482,29067,1773584700,
pay_M5JD3V2KETWE2W,payment,WB-105797,4215831,INR,captured,wallet,TRUE,Payment for WB-105797 Coir door mat,,,,84317,15177,1773600840,
pay_2FDPKE31DWSH7X,payment,WB-106093,4282200,INR,captured,upi,TRUE,Payment for WB-106093 Rubber foot mat,,,,85644,15416,1773565200,
pay_WUDAX76Z0ZXWSN,payment,WB-106359,1923100,INR,captured,netbanking,TRUE,Payment for WB-106359 Mixer jar spare,,,,38462,6923,1773606600,
pay_8TXC3BQ6TYKS61,payment,WB-106495,8587900,INR,captured,emi,TRUE,Payment for WB-106495 Trolley bag 24 inch,,,,171758,30916,1773583620,
pay_6WARSMP64K58QC,payment,WB-106530,5700500,INR,captured,card,TRUE,Payment for WB-106530 Steel tiffin carrier,,,,114010,20522,1773602400,
pay_5EBVTJVQMBN53R,payment,WB-107207,6479400,INR,captured,emi,TRUE,Payment for WB-107207 Copper water bottle,,,,129588,23326,1773572100,
pay_XFJ03DSY7KL6T6,payment,WB-107396,363600,INR,captured,netbanking,TRUE,Payment for WB-107396 Copper water bottle,,,,7272,1309,1773587340,
pay_KY9NXDW4Y5B8EN,payment,WB-107510,6496300,INR,captured,wallet,TRUE,Payment for WB-107510 Steel tiffin carrier,,,,129926,23387,1773603300,
pay_74PTVQ8VFD4260,payment,WB-107598,5748432,INR,captured,emi,TRUE,Payment for WB-107598 Trolley bag 24 inch,,,,114969,20694,1773589620,
pay_21LKZKFKL7ZSSN,payment,WB-107629,7492200,INR,captured,upi,TRUE,Payment for WB-107629 Rubber foot mat,,,,149844,26972,1773602580,
pay_ANB21TMDP2A5QP,payment,WB-107655,7694800,INR,captured,wallet,TRUE,Payment for WB-107655 Rubber foot mat,,,,153896,27701,1773572820,
pay_6NEAP29N01GLB2,payment,WB-108052,3844059,INR,captured,card,TRUE,Payment for WB-108052 Trolley bag 24 inch,,,,76881,13839,1773580560,
pay_N8S02MQENXV5ED,payment,WB-108053,1660100,INR,captured,netbanking,TRUE,Payment for WB-108053 Steel tiffin carrier,,,,33202,5976,1773602400,
pay_KHXLZSRPF535Y2,payment,WB-108071,3185800,INR,captured,wallet,TRUE,Payment for WB-108071 Copper water bottle,,,,63716,11469,1773598860,
pay_NUN0NKPTSMAA39,payment,WB-108098,8680900,INR,captured,emi,TRUE,Payment for WB-108098 Mixer jar spare,,,,173618,31251,1773584460,
pay_P16951H0158XK1,payment,WB-108342,2456020,INR,captured,card,TRUE,Payment for WB-108342 Trolley bag 24 inch,,,,49120,8842,1773575040,
pay_V4SYRTJT99WKUS,payment,WB-108681,2743250,INR,captured,upi,TRUE,Payment for WB-108681 Copper water bottle,,,,54865,9876,1773590340,
pay_LMB821LNCDF8HB,payment,WB-108695,4634759,INR,captured,upi,TRUE,Payment for WB-108695 Mixer jar spare,,,,92695,16685,1773583140,
pay_DK7JAA8FYUS94E,payment,WB-108825,3002400,INR,captured,emi,TRUE,Payment for WB-108825 Coir door mat,,,,60048,10809,1773580380,
pay_YRAEAUNBJ645GS,payment,WB-108841,8990800,INR,captured,wallet,TRUE,Payment for WB-108841 Steel tiffin carrier,,,,179816,32367,1773564000,
pay_9U27J3LRFLWDE4,payment,WB-108936,1495320,INR,captured,wallet,TRUE,Payment for WB-108936 Rubber foot mat,,,,29906,5383,1773565440,
pay_DEP26GAEBKB20F,payment,WB-108954,4838282,INR,captured,upi,TRUE,Payment for WB-108954 Coir door mat,,,,96766,17418,1773608100,
pay_CBV9LNV4VE9KNJ,payment,WB-109131,2147400,INR,captured,emi,TRUE,Payment for WB-109131 Trolley bag 24 inch,,,,42948,7731,1773597840,
pay_R4BL222KGYPRG2,payment,WB-109480,4757949,INR,captured,emi,TRUE,Payment for WB-109480 Coir door mat,,,,95159,17129,1773572160,
pay_R0BPWVSNGWUGSY,payment,WB-109514,7297117,INR,captured,netbanking,TRUE,Payment for WB-109514 Copper water bottle,,,,145942,26270,1773566160,
pay_YLF8J2H8ZJUKWH,payment,WB-109798,6743599,INR,captured,card,TRUE,Payment for WB-109798 Coir door mat,,,,134872,24277,1773585480,
pay_2JGWL24HLFEM7L,payment,WB-109825,9079820,INR,captured,wallet,TRUE,Payment for WB-109825 Trolley bag 24 inch,,,,181596,32687,1773575220,
pay_L11JCE9WEVRY8W,payment,WB-109912,4151600,INR,captured,netbanking,TRUE,Payment for WB-109912 Mixer jar spare,,,,83032,14946,1773606780,
pay_KZFRWPMHEY5E4W,payment,WB-104027,4572500,INR,captured,card,TRUE,Payment for WB-104027 Steel tiffin carrier,,,,91450,16461,1773659400,
pay_QGKZTE36MV3XSQ,payment,WB-104166,7792800,INR,captured,wallet,TRUE,Payment for WB-104166 Coir door mat,,,,155856,28054,1773657960,
pay_EM06CQR9JN011K,payment,WB-104265,2357495,INR,captured,emi,TRUE,Payment for WB-104265 Copper water bottle,,,,47150,8487,1773674700,
pay_KYMKSVS6Y7CPXQ,payment,WB-104344,1072500,INR,captured,card,TRUE,Payment for WB-104344 Coir door mat,,,,21450,3861,1773680400,
pay_SLHGQU0NXZK3UR,payment,WB-104522,6511800,INR,captured,wallet,TRUE,Payment for WB-104522 Trolley bag 24 inch,,,,130236,23442,1773660420,
pay_ENAQWF9RK2TWBJ,payment,WB-104568,3100519,INR,captured,card,TRUE,Payment for WB-104568 Mixer jar spare,,,,62010,11162,1773676860,
pay_U3FM7R1X720N5K,payment,WB-104722,3470500,INR,captured,card,TRUE,Payment for WB-104722 Mixer jar spare,,,,69410,12494,1773663660,
pay_79K2D41EXVVE04,payment,WB-104745,3015773,INR,captured,upi,TRUE,Payment for WB-104745 Rubber foot mat,,,,60315,10857,1773663720,
pay_CGHPUUMAEAQQK3,payment,WB-104883,7623883,INR,captured,wallet,TRUE,Payment for WB-104883 Rubber foot mat,,,,152478,27446,1773691920,
pay_ZFJGVB858LX2QG,payment,WB-105156,5083884,INR,captured,wallet,TRUE,Payment for WB-105156 Copper water bottle,,,,101678,18302,1773690480,
pay_8YQBZG2TTPTKMC,payment,WB-105470,5930600,INR,captured,netbanking,TRUE,Payment for WB-105470 Trolley bag 24 inch,,,,118612,21350,1773667200,
pay_P30VVRJY3QTD1S,payment,WB-105563,2109200,INR,captured,upi,TRUE,Payment for WB-105563 Steel tiffin carrier,,,,42184,7593,1773648360,
pay_EN6P4CCLR84CAF,payment,WB-106118,2661937,INR,captured,emi,TRUE,Payment for WB-106118 Trolley bag 24 inch,,,,53239,9583,1773650640,
pay_15URLD6PTU0BPP,payment,WB-106230,2697200,INR,captured,upi,TRUE,Payment for WB-106230 Copper water bottle,,,,53944,9710,1773676560,
pay_KJBJASPGGRPV2V,payment,WB-106471,5868500,INR,captured,card,TRUE,Payment for WB-106471 Coir door mat,,,,117370,21127,1773650580,
pay_06K4ZMJ0GPWGG2,payment,WB-106567,6164251,INR,captured,upi,TRUE,Payment for WB-106567 Rubber foot mat,,,,123285,22191,1773651180,
pay_NLR42GZGT7FPGN,payment,WB-106627,7314407,INR,captured,emi,TRUE,Payment for WB-106627 Coir door mat,,,,146288,26332,1773653160,
pay_17N2SS4DZ619CX,payment,WB-106859,9069125,INR,captured,netbanking,TRUE,Payment for WB-106859 Coir door mat,,,,181382,32649,1773680700,
pay_FQLRKQY5VA9UK0,payment,WB-106897,5482900,INR,captured,emi,TRUE,Payment for WB-106897 Steel tiffin carrier,,,,109658,19738,1773678060,
pay_SXVMBQANR8GNWP,payment,WB-107488,3237400,INR,captured,emi,TRUE,Payment for WB-107488 Steel tiffin carrier,,,,64748,11655,1773685800,
pay_UM0C5QC3U9VNDQ,payment,WB-107530,6202100,INR,captured,netbanking,TRUE,Payment for WB-107530 Mixer jar spare,,,,124042,22328,1773692640,
pay_QUVDQSTPTRMWJK,payment,WB-107573,3521500,INR,captured,card,TRUE,Payment for WB-107573 Coir door mat,,,,70430,12677,1773686640,
pay_35SF6VBMW48ZMX,payment,WB-107870,9047200,INR,captured,upi,TRUE,Payment for WB-107870 Mixer jar spare,,,,180944,32570,1773687480,
pay_DNGMJ0KB2A2BRF,payment,WB-107929,3535614,INR,captured,netbanking,TRUE,Payment for WB-107929 Copper water bottle,,,,70712,12728,1773690600,
pay_M0DK5C3NAVX3KM,payment,WB-108014,7287105,INR,captured,netbanking,TRUE,Payment for WB-108014 Copper water bottle,,,,145742,26234,1773653160,
pay_KF57X9BKSZAK0R,payment,WB-108253,7473219,INR,captured,upi,TRUE,Payment for WB-108253 Steel tiffin carrier,,,,149464,26904,1773658980,
pay_7VBS30DW7A6VTJ,payment,WB-108335,632200,INR,captured,upi,TRUE,Payment for WB-108335 Steel tiffin carrier,,,,12644,2276,1773660600,
pay_ZDSJYEBW1198RN,payment,WB-108542,8456100,INR,captured,netbanking,TRUE,Payment for WB-108542 Mixer jar spare,,,,169122,30442,1773655740,
pay_P6665DCC5QENM0,payment,WB-108568,1607369,INR,captured,wallet,TRUE,Payment for WB-108568 Trolley bag 24 inch,,,,32147,5786,1773668580,
pay_AXH8T7Y88VV48D,payment,WB-108723,8685500,INR,captured,card,TRUE,Payment for WB-108723 Copper water bottle,,,,173710,31268,1773648900,
pay_TJPM3ZMG329MZR,payment,WB-108830,4205159,INR,captured,netbanking,TRUE,Payment for WB-108830 Copper water bottle,,,,84103,15139,1773673980,
pay_8Q3QNDUSPU1DC7,payment,WB-108872,3529900,INR,captured,emi,TRUE,Payment for WB-108872 Coir door mat,,,,70598,12708,1773653400,
pay_8FC6Q5HRAXU75X,payment,WB-109086,2291800,INR,captured,wallet,TRUE,Payment for WB-109086 Mixer jar spare,,,,45836,8250,1773677520,
pay_X95E2K6632W2PD,payment,WB-109103,615900,INR,captured,emi,TRUE,Payment for WB-109103 Trolley bag 24 inch,,,,12318,2217,1773653760,
pay_7ZV90UZPP8WZAB,payment,WB-109260,3545000,INR,captured,card,TRUE,Payment for WB-109260 Trolley bag 24 inch,,,,70900,12762,1773651120,
pay_WKLWYHLVJ6NFN8,payment,WB-109334,1802100,INR,captured,netbanking,TRUE,Payment for WB-109334 Rubber foot mat,,,,36042,6488,1773660180,
pay_7V6K82H7R86Y22,payment,WB-109483,4246900,INR,captured,emi,TRUE,Payment for WB-109483 Rubber foot mat,,,,84938,15289,1773661440,
pay_X28LVMYKNPGBZ5,payment,WB-109701,688400,INR,captured,emi,TRUE,Payment for WB-109701 Trolley bag 24 inch,,,,13768,2478,1773685980,
pay_VRK4W8EV3MTTPQ,payment,WB-109809,1105600,INR,captured,netbanking,TRUE,Payment for WB-109809 Rubber foot mat,,,,22112,3980,1773667560,
pay_Q2X71QLYD6X54Y,payment,WB-104309,7098323,INR,captured,wallet,TRUE,Payment for WB-104309 Coir door mat,,,,141966,25554,1773761040,
pay_QWXAG7GXW45MF7,payment,WB-104456,5136400,INR,captured,emi,TRUE,Payment for WB-104456 Mixer jar spare,,,,102728,18491,1773778020,
pay_W0BPR0M82JC6SH,payment,WB-104489,5811900,INR,captured,emi,TRUE,Payment for WB-104489 Mixer jar spare,,,,116238,20923,1773734940,
pay_8EKF4EPXBXJDSE,payment,WB-104646,6821900,INR,captured,emi,TRUE,Payment for WB-104646 Copper water bottle,,,,136438,24559,1773777660,
pay_YR3Z38D2JWYRWW,payment,WB-104757,7961600,INR,captured,netbanking,TRUE,Payment for WB-104757 Copper water bottle,,,,159232,28662,1773738600,
pay_7XXXMFA8G2GATG,payment,WB-104776,1556746,INR,captured,upi,TRUE,Payment for WB-104776 Mixer jar spare,,,,31135,5604,1773740940,
pay_SPFD0D7K7540E2,payment,WB-105187,327847,INR,captured,wallet,TRUE,Payment for WB-105187 Mixer jar spare,,,,6557,1180,1773767940,
pay_U9MN8FVU6FQY83,payment,WB-105198,5766709,INR,captured,upi,TRUE,Payment for WB-105198 Steel tiffin carrier,,,,115334,20760,1773753180,
pay_Q3JMEYL99HM3JZ,payment,WB-105245,8362600,INR,captured,netbanking,TRUE,Payment for WB-105245 Mixer jar spare,,,,167252,30105,1773767760,
pay_XKBPWTL31M5YMV,payment,WB-105416,3168600,INR,captured,netbanking,TRUE,Payment for WB-105416 Rubber foot mat,,,,63372,11407,1773771480,
pay_V53L8JAZYZT8R5,payment,WB-105517,5421500,INR,captured,card,TRUE,Payment for WB-105517 Mixer jar spare,,,,108430,19517,1773779880,
pay_HXBC6YZTQY29V3,payment,WB-105860,7645586,INR,captured,card,TRUE,Payment for WB-105860 Steel tiffin carrier,,,,152912,27524,1773752520,
pay_K813CHDYR16XSJ,payment,WB-105884,6639700,INR,captured,upi,TRUE,Payment for WB-105884 Coir door mat,,,,132794,23903,1773768360,
pay_LC3EFCZZGMEMRZ,payment,WB-105983,669748,INR,captured,upi,TRUE,Payment for WB-105983 Trolley bag 24 inch,,,,13395,2411,1773776340,
pay_07PPEWK2EVKB74,payment,WB-106684,7893342,INR,captured,wallet,TRUE,Payment for WB-106684 Coir door mat,,,,157867,28416,1773736800,
pay_29NCQP29DAHMWB,payment,WB-106867,7415904,INR,captured,emi,TRUE,Payment for WB-106867 Steel tiffin carrier,,,,148318,26697,1773754440,
pay_VA5RU0MZ2XRSEC,payment,WB-106934,555023,INR,captured,card,TRUE,Payment for WB-106934 Rubber foot mat,,,,11100,1998,1773743640,
pay_75L7BJ14T4QDMW,payment,WB-106942,1466800,INR,captured,wallet,TRUE,Payment for WB-106942 Coir door mat,,,,29336,5280,1773765000,
pay_R81E71PTBF7CA8,payment,WB-106984,3430500,INR,captured,card,TRUE,Payment for WB-106984 Trolley bag 24 inch,,,,68610,12350,1773770640,
pay_CTY2NYE4QDHLT6,payment,WB-107003,7302100,INR,captured,netbanking,TRUE,Payment for WB-107003 Copper water bottle,,,,146042,26288,1773776400,
pay_CLW73PHSNHHAPC,payment,WB-107185,7634100,INR,captured,netbanking,TRUE,Payment for WB-107185 Copper water bottle,,,,152682,27483,1773742680,
pay_4X81SBKXF51PY0,payment,WB-107295,6263300,INR,captured,wallet,TRUE,Payment for WB-107295 Rubber foot mat,,,,125266,22548,1773759120,
pay_A5H92TL9R8KCF7,payment,WB-107568,3043100,INR,captured,netbanking,TRUE,Payment for WB-107568 Rubber foot mat,,,,60862,10955,1773764640,
pay_ADJW39QRZD7G8S,payment,WB-107639,8668000,INR,captured,card,TRUE,Payment for WB-107639 Coir door mat,,,,173360,31205,1773769740,
pay_5NEWNMR44Z2W1A,payment,WB-107709,996943,INR,captured,emi,TRUE,Payment for WB-107709 Trolley bag 24 inch,,,,19939,3589,1773752820,
pay_F9UREY1JL8KF0T,payment,WB-107865,2445800,INR,captured,wallet,TRUE,Payment for WB-107865 Steel tiffin carrier,,,,48916,8805,1773779880,
pay_M5RM7AYA64N6XG,payment,WB-108443,1780500,INR,captured,card,TRUE,Payment for WB-108443 Trolley bag 24 inch,,,,35610,6410,1773780060,
pay_840ZU6YWH6S18P,payment,WB-108511,1840700,INR,captured,upi,TRUE,Payment for WB-108511 Steel tiffin carrier,,,,36814,6627,1773759120,
pay_08RUFMJ40Q7N3L,payment,WB-108644,1322293,INR,captured,upi,TRUE,Payment for WB-108644 Rubber foot mat,,,,26446,4760,1773767640,
pay_SL98PTMB7MRE96,payment,WB-108750,7483300,INR,captured,wallet,TRUE,Payment for WB-108750 Coir door mat,,,,149666,26940,1773737880,
pay_T5XX4DPFHZDHD8,payment,WB-108971,5472300,INR,captured,wallet,TRUE,Payment for WB-108971 Copper water bottle,,,,109446,19700,1773744360,
pay_64A9KSMG98X08B,payment,WB-109067,1103721,INR,captured,upi,TRUE,Payment for WB-109067 Trolley bag 24 inch,,,,22074,3973,1773770460,
pay_KXSZ0ZG8NCSLRN,payment,WB-109178,4259805,INR,captured,wallet,TRUE,Payment for WB-109178 Steel tiffin carrier,,,,85196,15335,1773735420,
pay_W873PMB5YRJXWT,payment,WB-109189,6811200,INR,captured,upi,TRUE,Payment for WB-109189 Trolley bag 24 inch,,,,136224,24520,1773749880,
pay_N5YEZSRAEWJ98M,payment,WB-109379,7235859,INR,captured,wallet,TRUE,Payment for WB-109379 Steel tiffin carrier,,,,144717,26049,1773780240,
pay_GW2ZWJ5RTQ708N,payment,WB-109497,7508200,INR,captured,upi,TRUE,Payment for WB-109497 Rubber foot mat,,,,150164,27030,1773769980,
pay_CKVNLDW6718G8R,payment,WB-109739,3556638,INR,captured,netbanking,TRUE,Payment for WB-109739 Rubber foot mat,,,,71133,12804,1773780420,
pay_V151ENRL8PDXBR,payment,WB-109897,6069700,INR,captured,upi,TRUE,Payment for WB-109897 Copper water bottle,,,,121394,21851,1773736800,
pay_CYPK2AT2AA7QN4,payment,WB-109908,6813100,INR,captured,netbanking,TRUE,Payment for WB-109908 Mixer jar spare,,,,136262,24527,1773747840,
pay_KAF3VU0PY0JMX1,payment,WB-104015,8193423,INR,captured,emi,TRUE,Payment for WB-104015 Trolley bag 24 inch,,,,163868,29496,1773850980,
pay_JU9QZP58H42F0W,payment,WB-104033,450600,INR,captured,netbanking,TRUE,Payment for WB-104033 Steel tiffin carrier,,,,9012,1622,1773852060,
pay_DQVWMH65F6P72P,payment,WB-104248,6284480,INR,captured,emi,TRUE,Payment for WB-104248 Trolley bag 24 inch,,,,125690,22624,1773828060,
pay_7EWE19Z0QKDGH9,payment,WB-104424,4528719,INR,captured,upi,TRUE,Payment for WB-104424 Copper water bottle,,,,90574,16303,1773824580,
pay_07JNBMAMGW31B9,payment,WB-104577,5079235,INR,captured,upi,TRUE,Payment for WB-104577 Coir door mat,,,,101585,18285,1773859800,
pay_TZ1K755UQ5LYJ4,payment,WB-104791,6160300,INR,captured,wallet,TRUE,Payment for WB-104791 Steel tiffin carrier,,,,123206,22177,1773848940,
pay_NKDART2HH7C6SE,payment,WB-105682,5072900,INR,captured,emi,TRUE,Payment for WB-105682 Copper water bottle,,,,101458,18262,1773830580,
pay_D2J6AQG2VE2CPH,payment,WB-105763,7249900,INR,captured,emi,TRUE,Payment for WB-105763 Copper water bottle,,,,144998,26100,1773834240,
pay_U8BMTND93728W6,payment,WB-105784,2470119,INR,captured,netbanking,TRUE,Payment for WB-105784 Coir door mat,,,,49402,8892,1773830940,
pay_02ZA0BHKMCGS6C,payment,WB-106058,6796515,INR,captured,card,TRUE,Payment for WB-106058 Mixer jar spare,,,,135930,24467,1773865680,
pay_1VYWRM8279Z05N,payment,WB-106349,5109900,INR,captured,emi,TRUE,Payment for WB-106349 Rubber foot mat,,,,102198,18396,1773853740,
pay_UUP5C2PTRA26FU,payment,WB-106392,6736400,INR,captured,emi,TRUE,Payment for WB-106392 Rubber foot mat,,,,134728,24251,1773836640,
pay_FJR6KXKXDH7HD8,payment,WB-106593,639300,INR,captured,wallet,TRUE,Payment for WB-106593 Mixer jar spare,,,,12786,2301,1773833760,
pay_CL34FC7AUUP750,payment,WB-106656,597000,INR,captured,card,TRUE,Payment for WB-106656 Rubber foot mat,,,,11940,2149,1773840180,
pay_Z64LC0WS6UKXDU,payment,WB-106689,7771874,INR,captured,wallet,TRUE,Payment for WB-106689 Copper water bottle,,,,155437,27979,1773831360,
pay_PLRQBLC33RBK52,payment,WB-106793,4005400,INR,captured,emi,TRUE,Payment for WB-106793 Mixer jar spare,,,,80108,14419,1773839220,
pay_SU01L7LKV3FG9M,payment,WB-106860,2141899,INR,captured,wallet,TRUE,Payment for WB-106860 Steel tiffin carrier,,,,42838,7711,1773835260,
pay_TN9GXJ6VRDCG56,payment,WB-106966,3356382,INR,captured,wallet,TRUE,Payment for WB-106966 Copper water bottle,,,,67128,12083,1773835380,
pay_BK647E1VMGF81Y,payment,WB-107194,403900,INR,captured,emi,TRUE,Payment for WB-107194 Steel tiffin carrier,,,,8078,1454,1773845340,
pay_UZ95EMK6SBZTAP,payment,WB-107318,7267996,INR,captured,emi,TRUE,Payment for WB-107318 Steel tiffin carrier,,,,145360,26165,1773827760,
pay_E98MLQSY4TBZ6V,payment,WB-107879,8981970,INR,captured,emi,TRUE,Payment for WB-107879 Rubber foot mat,,,,179639,32335,1773865200,
pay_F6DRHNS92DARWX,payment,WB-107908,8583100,INR,captured,netbanking,TRUE,Payment for WB-107908 Trolley bag 24 inch,,,,171662,30899,1773860280,
pay_DYJVWNG0H1D3SH,payment,WB-107924,5693300,INR,captured,wallet,TRUE,Payment for WB-107924 Coir door mat,,,,113866,20496,1773853560,
pay_K4ZTR2RMD780FD,payment,WB-108028,3424000,INR,captured,card,TRUE,Payment for WB-108028 Copper water bottle,,,,68480,12326,1773837840,
pay_6JSDNW2TDXXP9C,payment,WB-108202,8770423,INR,captured,emi,TRUE,Payment for WB-108202 Mixer jar spare,,,,175408,31573,1773832020,
pay_ZVP3NJBF2C20GS,payment,WB-108395,1913700,INR,captured,upi,TRUE,Payment for WB-108395 Trolley bag 24 inch,,,,38274,6889,1773851220,
pay_J8BWUXEBVY0P77,payment,WB-108447,3489097,INR,captured,card,TRUE,Payment for WB-108447 Copper water bottle,,,,69782,12561,1773853920,
pay_J4J643NK4UNR32,payment,WB-108502,4416800,INR,captured,wallet,TRUE,Payment for WB-108502 Rubber foot mat,,,,88336,15900,1773833580,
pay_LCZFK108XUZKAN,payment,WB-109045,2693758,INR,captured,upi,TRUE,Payment for WB-109045 Trolley bag 24 inch,,,,53875,9698,1773855120,
pay_1F281WGC2EW1XP,payment,WB-109139,4624900,INR,captured,emi,TRUE,Payment for WB-109139 Coir door mat,,,,92498,16650,1773825660,
pay_XPXYWGBRKZARWF,payment,WB-109182,7235743,INR,captured,upi,TRUE,Payment for WB-109182 Coir door mat,,,,144715,26049,1773851700,
pay_G7GV5RHY3T8BUY,payment,WB-109246,2723800,INR,captured,wallet,TRUE,Payment for WB-109246 Steel tiffin carrier,,,,54476,9806,1773860580,
pay_ZTNQEFNFQE302G,payment,WB-109375,4819546,INR,captured,card,TRUE,Payment for WB-109375 Mixer jar spare,,,,96391,17350,1773824040,
pay_9QYFDWX9H4B42B,payment,WB-109584,8528000,INR,captured,card,TRUE,Payment for WB-109584 Coir door mat,,,,170560,30701,1773832800,
pay_U1AML40HSQXEN1,payment,WB-109654,7074100,INR,captured,netbanking,TRUE,Payment for WB-109654 Rubber foot mat,,,,141482,25467,1773836460,
pay_824JCK8VC6FSWH,payment,WB-109661,7628400,INR,captured,emi,TRUE,Payment for WB-109661 Trolley bag 24 inch,,,,152568,27462,1773846000,
pay_88AZ2TC4RP0PRU,payment,WB-109799,8226500,INR,captured,card,TRUE,Payment for WB-109799 Trolley bag 24 inch,,,,164530,29615,1773827220,
pay_RKQB8FDQNEUVMF,payment,WB-109816,2204338,INR,captured,wallet,TRUE,Payment for WB-109816 Mixer jar spare,,,,44087,7936,1773842640,
pay_4RUJE0GCAT6FQ1,payment,WB-109891,3109800,INR,captured,wallet,TRUE,Payment for WB-109891 Coir door mat,,,,62196,11195,1773852900,
pay_JBK7SZHFJ1UFB0,payment,WB-104004,7070200,INR,captured,upi,TRUE,Payment for WB-104004 Mixer jar spare,,,,141404,25453,1773930060,
pay_C4ZBMUU1UT3TAP,payment,WB-104186,5007300,INR,captured,wallet,TRUE,Payment for WB-104186 Copper water bottle,,,,100146,18026,1773920160,
pay_4UZZP85D89WX75,payment,WB-104304,5292800,INR,captured,wallet,TRUE,Payment for WB-104304 Rubber foot mat,,,,105856,19054,1773938280,
pay_65YNUHD3XQWU5A,payment,WB-104371,5921200,INR,captured,upi,TRUE,Payment for WB-104371 Trolley bag 24 inch,,,,118424,21316,1773911760,
pay_B8P4QD3XUC7151,payment,WB-104599,1059600,INR,captured,netbanking,TRUE,Payment for WB-104599 Mixer jar spare,,,,21192,3815,1773952020,
pay_60WJ5TTCDNHNHP,payment,WB-104728,7633300,INR,captured,wallet,TRUE,Payment for WB-104728 Mixer jar spare,,,,152666,27480,1773926160,
pay_2M6R2WSPWALCX5,payment,WB-104755,2456060,INR,captured,card,TRUE,Payment for WB-104755 Steel tiffin carrier,,,,49121,8842,1773938820,
pay_9PTFZ6KZTFAVE5,payment,WB-104925,8323378,INR,captured,wallet,TRUE,Payment for WB-104925 Trolley bag 24 inch,,,,166468,29964,1773943140,
pay_CBG89PG9GKLFT3,payment,WB-105205,6017490,INR,captured,emi,TRUE,Payment for WB-105205 Copper water bottle,,,,120350,21663,1773920580,
pay_632DTYMS1XQPEU,payment,WB-105467,2294778,INR,captured,upi,TRUE,Payment for WB-105467 Rubber foot mat,,,,45896,8261,1773921660,
pay_R3VFMEQ6WV0AL5,payment,WB-105549,849956,INR,captured,emi,TRUE,Payment for WB-105549 Rubber foot mat,,,,16999,3060,1773916860,
pay_VQ5ZS95LUW2916,payment,WB-105560,3468700,INR,captured,upi,TRUE,Payment for WB-105560 Coir door mat,,,,69374,12487,1773932580,
pay_9T33MF6XVKU8GN,payment,WB-105561,5531400,INR,captured,emi,TRUE,Payment for WB-105561 Rubber foot mat,,,,110628,19913,1773937920,
pay_PR0W3PX97DRBFA,payment,WB-105615,3270200,INR,captured,upi,TRUE,Payment for WB-105615 Steel tiffin carrier,,,,65404,11773,1773919980,
pay_2YFDZWG0PHYDD5,payment,WB-105898,761143,INR,captured,netbanking,TRUE,Payment for WB-105898 Coir door mat,,,,15223,2740,1773917340,
pay_3FCX78P73GKVA6,payment,WB-106198,5165406,INR,captured,emi,TRUE,Payment for WB-106198 Coir door mat,,,,103308,18595,1773940680,
pay_S2ZM6V52E26QQH,payment,WB-106458,4913800,INR,captured,wallet,TRUE,Payment for WB-106458 Mixer jar spare,,,,98276,17690,1773945840,
pay_MH6YFCUH7CWNL8,payment,WB-106660,763100,INR,captured,netbanking,TRUE,Payment for WB-106660 Trolley bag 24 inch,,,,15262,2747,1773940800,
pay_F7HSQKAX7ELEJ8,payment,WB-106858,5436600,INR,captured,netbanking,TRUE,Payment for WB-106858 Mixer jar spare,,,,108732,19572,1773946800,
pay_455M83HUH1S6C1,payment,WB-107002,8427800,INR,captured,wallet,TRUE,Payment for WB-107002 Trolley bag 24 inch,,,,168556,30340,1773917520,
pay_8DQBR20J2N01RR,payment,WB-107024,4604900,INR,captured,emi,TRUE,Payment for WB-107024 Rubber foot mat,,,,92098,16578,1773920580,
pay_ZQKTF2BWQPJF9F,payment,WB-107123,379300,INR,captured,wallet,TRUE,Payment for WB-107123 Steel tiffin carrier,,,,7586,1365,1773911760,
pay_Z5VMNGBE5V8GXZ,payment,WB-107391,3087200,INR,captured,upi,TRUE,Payment for WB-107391 Steel tiffin carrier,,,,61744,11114,1773921360,
pay_8FXBSWJ40JUVMV,payment,WB-107418,4742700,INR,captured,upi,TRUE,Payment for WB-107418 Steel tiffin carrier,,,,94854,17074,1773933780,
pay_ENRDUS5E96TBU6,payment,WB-107883,2833507,INR,captured,card,TRUE,Payment for WB-107883 Rubber foot mat,,,,56670,10201,1773927720,
pay_380P589X2P0AK0,payment,WB-107904,7591800,INR,captured,wallet,TRUE,Payment for WB-107904 Copper water bottle,,,,151836,27330,1773921840,
pay_FDQ43VCFCAJ7SR,payment,WB-108215,8669584,INR,captured,card,TRUE,Payment for WB-108215 Rubber foot mat,,,,173392,31211,1773917460,
pay_U3NNVXHL0XDXHR,payment,WB-108455,5147836,INR,captured,wallet,TRUE,Payment for WB-108455 Coir door mat,,,,102957,18532,1773938820,
pay_6HN54SLK9CD9F6,payment,WB-108549,3973000,INR,captured,card,TRUE,Payment for WB-108549 Trolley bag 24 inch,,,,79460,14303,1773923700,
pay_5K4CNZDFEFT1FE,payment,WB-108611,1036379,INR,captured,wallet,TRUE,Payment for WB-108611 Copper water bottle,,,,20728,3731,1773945660,
pay_6L0ZT9PZZBLD16,payment,WB-108960,9094741,INR,captured,upi,TRUE,Payment for WB-108960 Trolley bag 24 inch,,,,181895,32741,1773917700,
pay_ST3728YNJ9P019,payment,WB-109153,5354900,INR,captured,emi,TRUE,Payment for WB-109153 Steel tiffin carrier,,,,107098,19278,1773908100,
pay_DCBQRK8AZ6H29J,payment,WB-109289,7441566,INR,captured,card,TRUE,Payment for WB-109289 Steel tiffin carrier,,,,148831,26790,1773926880,
pay_25V2GBAV2J3DEL,payment,WB-109371,1416374,INR,captured,wallet,TRUE,Payment for WB-109371 Coir door mat,,,,28327,5099,1773935460,
pay_6XKA43WV0SR1B5,payment,WB-109381,3735600,INR,captured,netbanking,TRUE,Payment for WB-109381 Mixer jar spare,,,,74712,13448,1773933180,
pay_SVQLLELKA6TU86,payment,WB-109477,2680274,INR,captured,upi,TRUE,Payment for WB-109477 Coir door mat,,,,53605,9649,1773933240,
pay_6ZGNKMM3S60NDG,payment,WB-109666,831212,INR,captured,upi,TRUE,Payment for WB-109666 Copper water bottle,,,,16624,2992,1773916740,
pay_HQJF2ZLPQLF1FT,payment,WB-109947,2484700,INR,captured,upi,TRUE,Payment for WB-109947 Copper water bottle,,,,49694,8945,1773927000,
pay_LL2VD1CK6CTVMV,payment,WB-109965,3467692,INR,captured,netbanking,TRUE,Payment for WB-109965 Mixer jar spare,,,,69354,12484,1773931500,
pay_6L5KZF3AXYW3XP,payment,WB-104348,8447847,INR,captured,wallet,TRUE,Payment for WB-104348 Rubber foot mat,,,,168957,30412,1774017240,
pay_2VK0Z6M2RGRDGL,payment,WB-104403,8661200,INR,captured,upi,TRUE,Payment for WB-104403 Coir door mat,,,,173224,31180,1773993960,
pay_XF873NVJ0CLKMJ,payment,WB-104644,4475900,INR,captured,emi,TRUE,Payment for WB-104644 Copper water bottle,,,,89518,16113,1774027200,
pay_BBCR31CB5KZRYW,payment,WB-104718,6859918,INR,captured,emi,TRUE,Payment for WB-104718 Mixer jar spare,,,,137198,24696,1774028760,
pay_DP0QE7CPCSWP7S,payment,WB-104814,7033300,INR,captured,wallet,TRUE,Payment for WB-104814 Mixer jar spare,,,,140666,25320,1773993780,
pay_GE4L6VC6EGKN72,payment,WB-104833,1840300,INR,captured,wallet,TRUE,Payment for WB-104833 Steel tiffin carrier,,,,36806,6625,1773998460,
pay_0CA7P8C4J7J19G,payment,WB-104909,5188000,INR,captured,card,TRUE,Payment for WB-104909 Copper water bottle,,,,103760,18677,1774037760,
pay_CGEAXT6MZ3W1A3,payment,WB-104977,1128127,INR,captured,netbanking,TRUE,Payment for WB-104977 Rubber foot mat,,,,22563,4061,1773994740,
pay_S9W31D58EAW2A1,payment,WB-105422,2460886,INR,captured,wallet,TRUE,Payment for WB-105422 Copper water bottle,,,,49218,8859,1774029480,
pay_DH22FB5N6P7Y0G,payment,WB-105468,6568344,INR,captured,wallet,TRUE,Payment for WB-105468 Coir door mat,,,,131367,23646,1774022220,
pay_YWTKMS9YWPYP8A,payment,WB-105469,8076400,INR,captured,emi,TRUE,Payment for WB-105469 Mixer jar spare,,,,161528,29075,1774023660,
pay_2FVURHHC2RBSBW,payment,WB-105527,4008065,INR,captured,card,TRUE,Payment for WB-105527 Trolley bag 24 inch,,,,80161,14429,1774024320,
pay_ZXK1NHP21UE0NN,payment,WB-105660,4143601,INR,captured,netbanking,TRUE,Payment for WB-105660 Trolley bag 24 inch,,,,82872,14917,1773998280,
pay_XFP74GXQ650RL0,payment,WB-106333,8804400,INR,captured,emi,TRUE,Payment for WB-106333 Steel tiffin carrier,,,,176088,31696,1774024860,
pay_7WX1QQ9PD6LM9V,payment,WB-106437,5527500,INR,captured,card,TRUE,Payment for WB-106437 Trolley bag 24 inch,,,,110550,19899,1774027920,
pay_L2NLVE2S0GM8PV,payment,WB-106568,2839273,INR,captured,upi,TRUE,Payment for WB-106568 Coir door mat,,,,56785,10221,1774029900,
pay_M57PXC1FVF1J85,payment,WB-106610,28883,INR,captured,wallet,TRUE,Payment for WB-106610 Rubber foot mat,,,,578,104,1774011660,
pay_J968EXZADDAMU8,payment,WB-106626,3975575,INR,captured,card,TRUE,Payment for WB-106626 Rubber foot mat,,,,79512,14312,1774025580,
pay_S0A2H4K3S6XK1T,payment,WB-106722,4730500,INR,captured,card,TRUE,Payment for WB-106722 Trolley bag 24 inch,,,,94610,17030,1774017840,
pay_U4FBPHMCGADPEZ,payment,WB-107187,5338900,INR,captured,emi,TRUE,Payment for WB-107187 Copper water bottle,,,,106778,19220,1774007040,
pay_YK7GYP2WGZNMTM,payment,WB-107601,7135947,INR,captured,emi,TRUE,Payment for WB-107601 Rubber foot mat,,,,142719,25689,1773995940,
pay_PS33X7VRRYFEA2,payment,WB-107960,1538200,INR,captured,upi,TRUE,Payment for WB-107960 Steel tiffin carrier,,,,30764,5538,1774004580,
pay_WZFPNZX08UEHEP,payment,WB-107975,7050100,INR,captured,netbanking,TRUE,Payment for WB-107975 Coir door mat,,,,141002,25380,1774024500,
pay_69BN82NXNHRVX9,payment,WB-108006,8527200,INR,captured,upi,TRUE,Payment for WB-108006 Steel tiffin carrier,,,,170544,30698,1774016280,
pay_TD8J4Z0M75L9L0,payment,WB-108228,6082200,INR,captured,upi,TRUE,Payment for WB-108228 Copper water bottle,,,,121644,21896,1774010460,
pay_UYDED1H657Z79X,payment,WB-108362,7753407,INR,captured,emi,TRUE,Payment for WB-108362 Mixer jar spare,,,,155068,27912,1774005300,
pay_6B0JFTUJTYXXTF,payment,WB-108593,1840401,INR,captured,emi,TRUE,Payment for WB-108593 Trolley bag 24 inch,,,,36808,6625,1774002540,
pay_P0MGYRU6G9N1KZ,payment,WB-108789,7861800,INR,captured,wallet,TRUE,Payment for WB-108789 Coir door mat,,,,157236,28302,1774012380,
pay_G049Y4YVJ268P2,payment,WB-108868,313691,INR,captured,netbanking,TRUE,Payment for WB-108868 Coir door mat,,,,6274,1129,1774001400,
pay_3A9UA0MBDX54ED,payment,WB-109110,5458768,INR,captured,upi,TRUE,Payment for WB-109110 Mixer jar spare,,,,109175,19652,1774016700,
pay_85CG4SYFNJ5D8B,payment,WB-109141,3591700,INR,captured,upi,TRUE,Payment for WB-109141 Rubber foot mat,,,,71834,12930,1774007040,
pay_85A09AJ2047X5U,payment,WB-109163,5137400,INR,captured,emi,TRUE,Payment for WB-109163 Coir door mat,,,,102748,18495,1774038240,
pay_S04PXT9EP8WWA5,payment,WB-109521,4700455,INR,captured,emi,TRUE,Payment for WB-109521 Mixer jar spare,,,,94009,16922,1774008780,
pay_793AY2MMMXGY99,payment,WB-109623,5924318,INR,captured,wallet,TRUE,Payment for WB-109623 Steel tiffin carrier,,,,118486,21327,1774012560,
pay_HK1CLQQKTFYV30,payment,WB-109657,5721400,INR,captured,emi,TRUE,Payment for WB-109657 Copper water bottle,,,,114428,20597,1774015620,
pay_VJ17SH8E2UBHN9,payment,WB-109688,5925700,INR,captured,upi,TRUE,Payment for WB-109688 Trolley bag 24 inch,,,,118514,21333,1774018980,
pay_X0UKVE9XC1RSH0,payment,WB-109764,4064482,INR,captured,emi,TRUE,Payment for WB-109764 Steel tiffin carrier,,,,81290,14632,1774025520,
pay_R183SCZ2DYPCEL,payment,WB-109930,1180400,INR,captured,emi,TRUE,Payment for WB-109930 Trolley bag 24 inch,,,,23608,4249,1774012800,
pay_RL4G2BQZYC5Y0P,payment,WB-109976,2966600,INR,captured,netbanking,TRUE,Payment for WB-109976 Copper water bottle,,,,59332,10680,1773994800,
pay_WPRRK09R0NZ5VL,payment,WB-104005,1381800,INR,captured,wallet,TRUE,Payment for WB-104005 Rubber foot mat,,,,27636,4974,1774110720,
pay_XNWSTF95F0C1PA,payment,WB-104057,2704520,INR,captured,card,TRUE,Payment for WB-104057 Steel tiffin carrier,,,,54090,9736,1774081200,
pay_00NVFX6S075TFW,payment,WB-104402,3859921,INR,captured,emi,TRUE,Payment for WB-104402 Trolley bag 24 inch,,,,77198,13896,1774114620,
pay_GY1VZFBAFLQBEK,payment,WB-104497,1408524,INR,captured,card,TRUE,Payment for WB-104497 Rubber foot mat,,,,28170,5071,1774093680,
pay_ALBPKEA0PTHRML,payment,WB-104534,3543024,INR,captured,card,TRUE,Payment for WB-104534 Rubber foot mat,,,,70860,12755,1774095600,
pay_T6TEV1V0004CXT,payment,WB-104620,768337,INR,captured,wallet,TRUE,Payment for WB-104620 Copper water bottle,,,,15367,2766,1774090920,
pay_KXSYRX9GL9WT97,payment,WB-104633,3238700,INR,captured,upi,TRUE,Payment for WB-104633 Coir door mat,,,,64774,11659,1774084200,
pay_W3JCFAZE3QNV2C,payment,WB-105297,3182800,INR,captured,wallet,TRUE,Payment for WB-105297 Rubber foot mat,,,,63656,11458,1774117800,
pay_N4K12JGLZ9B7XH,payment,WB-105316,3756900,INR,captured,emi,TRUE,Payment for WB-105316 Coir door mat,,,,75138,13525,1774110720,
pay_QFAEJZCFDY9AE0,payment,WB-105683,6813900,INR,captured,emi,TRUE,Payment for WB-105683 Trolley bag 24 inch,,,,136278,24530,1774082760,
pay_JN0ZXSS8UN635Y,payment,WB-105804,5863825,INR,captured,wallet,TRUE,Payment for WB-105804 Copper water bottle,,,,117276,21110,1774111380,
pay_QGGBTLU7LWJ0JS,payment,WB-106145,573856,INR,captured,wallet,TRUE,Payment for WB-106145 Rubber foot mat,,,,11477,2066,1774086120,
pay_TTUFSFHGTHY24E,payment,WB-106197,5109258,INR,captured,upi,TRUE,Payment for WB-106197 Trolley bag 24 inch,,,,102185,18393,1774113540,
pay_K7HGGQ149VGPL3,payment,WB-106235,8200238,INR,captured,upi,TRUE,Payment for WB-106235 Trolley bag 24 inch,,,,164005,29521,1774102020,
pay_M3V0FNYBFWWYLK,payment,WB-106285,434800,INR,captured,wallet,TRUE,Payment for WB-106285 Copper water bottle,,,,8696,1565,1774081560,
pay_4CSU3AYGM8DDTX,payment,WB-106319,258268,INR,captured,upi,TRUE,Payment for WB-106319 Coir door mat,,,,5165,930,1774083960,
pay_8Q97F52CUEXP1D,payment,WB-106377,1155289,INR,captured,upi,TRUE,Payment for WB-106377 Mixer jar spare,,,,23106,4159,1774102080,
pay_7Q8D28U2NDUF1V,payment,WB-106429,3864700,INR,captured,upi,TRUE,Payment for WB-106429 Rubber foot mat,,,,77294,13913,1774093440,
pay_1KRDH3847UR85Y,payment,WB-106633,7958356,INR,captured,wallet,TRUE,Payment for WB-106633 Steel tiffin carrier,,,,159167,28650,1774101660,
pay_QKG5LNBWWPKK94,payment,WB-106686,8893000,INR,captured,card,TRUE,Payment for WB-106686 Copper water bottle,,,,177860,32015,1774091760,
pay_M5AXMDJP1QGD31,payment,WB-106830,5274300,INR,captured,wallet,TRUE,Payment for WB-106830 Coir door mat,,,,105486,18987,1774097700,
pay_5YQB7BY9PBVD99,payment,WB-106954,5372155,INR,captured,netbanking,TRUE,Payment for WB-106954 Coir door mat,,,,107443,19340,1774110120,
pay_ZCN8MXAAYRZPVB,payment,WB-106997,7556949,INR,captured,emi,TRUE,Payment for WB-106997 Copper water bottle,,,,151139,27205,1774099380,
pay_1B5QXX7JHNNJ8W,payment,WB-107205,8870200,INR,captured,upi,TRUE,Payment for WB-107205 Mixer jar spare,,,,177404,31933,1774112580,
pay_PA3VA7B3JEG6DA,payment,WB-107495,2051900,INR,captured,emi,TRUE,Payment for WB-107495 Steel tiffin carrier,,,,41038,7387,1774096680,
pay_SYQXP862TJFXXA,payment,WB-107739,392400,INR,captured,emi,TRUE,Payment for WB-107739 Mixer jar spare,,,,7848,1413,1774083840,
pay_SRFZGFVVXY1YH5,payment,WB-107999,2422600,INR,captured,netbanking,TRUE,Payment for WB-107999 Trolley bag 24 inch,,,,48452,8721,1774126380,
pay_QZHZX0E1D7PGDS,payment,WB-108269,9132270,INR,captured,upi,TRUE,Payment for WB-108269 Mixer jar spare,,,,182645,32876,1774108920,
pay_UWLKN4TYGXMFVQ,payment,WB-108571,2477700,INR,captured,upi,TRUE,Payment for WB-108571 Trolley bag 24 inch,,,,49554,8920,1774103520,
pay_1LLALK5FFBXM5B,payment,WB-108629,4806300,INR,captured,wallet,TRUE,Payment for WB-108629 Coir door mat,,,,96126,17303,1774104900,
pay_WMXZ3HBFUYM59S,payment,WB-108773,8648300,INR,captured,wallet,TRUE,Payment for WB-108773 Mixer jar spare,,,,172966,31134,1774092780,
pay_S0J2KH81JG3TWN,payment,WB-108839,5443200,INR,captured,upi,TRUE,Payment for WB-108839 Steel tiffin carrier,,,,108864,19596,1774099620,
pay_8M9LCVJGT45L2U,payment,WB-108865,4769400,INR,captured,emi,TRUE,Payment for WB-108865 Mixer jar spare,,,,95388,17170,1774125360,
pay_CSERNGCE38CRTD,payment,WB-108866,9169100,INR,captured,netbanking,TRUE,Payment for WB-108866 Steel tiffin carrier,,,,183382,33009,1774095300,
pay_UQDLFTX9VVHJRJ,payment,WB-109069,4648600,INR,captured,netbanking,TRUE,Payment for WB-109069 Copper water bottle,,,,92972,16735,1774104240,
pay_VRLF0EP97FAGDS,payment,WB-109077,870200,INR,captured,upi,TRUE,Payment for WB-109077 Mixer jar spare,,,,17404,3133,1774111080,
pay_R9LAXX9WVUXK9Q,payment,WB-109474,926722,INR,captured,upi,TRUE,Payment for WB-109474 Rubber foot mat,,,,18534,3336,1774112760,
pay_SJ1X4AS61G2W1M,payment,WB-109885,9014700,INR,captured,upi,TRUE,Payment for WB-109885 Steel tiffin carrier,,,,180294,32453,1774109880,
pay_8BXCC8KCLD3CB0,payment,WB-104060,5277051,INR,captured,card,TRUE,Payment for WB-104060 Coir door mat,,,,105541,18997,1774193220,
pay_2443RT8WPKX5CH,payment,WB-104091,4737300,INR,captured,wallet,TRUE,Payment for WB-104091 Copper water bottle,,,,94746,17054,1774178820,
pay_NGTBTBG5155PRM,payment,WB-104158,5429800,INR,captured,wallet,TRUE,Payment for WB-104158 Steel tiffin carrier,,,,108596,19547,1774170960,
pay_XKA8K5TAZBGYZC,payment,WB-104315,1578500,INR,captured,card,TRUE,Payment for WB-104315 Copper water bottle,,,,31570,5683,1774176180,
pay_RVDXT9M3N549DG,payment,WB-104358,4895353,INR,captured,wallet,TRUE,Payment for WB-104358 Copper water bottle,,,,97907,17623,1774170300,
pay_D1QNTVAEWLN4R3,payment,WB-104426,5019231,INR,captured,upi,TRUE,Payment for WB-104426 Coir door mat,,,,100385,18069,1774187640,
pay_DTSJDDXQZDHWFL,payment,WB-104507,4063300,INR,captured,wallet,TRUE,Payment for WB-104507 Copper water bottle,,,,81266,14628,1774196460,
pay_1PH07XW5BF5ME8,payment,WB-104584,5682972,INR,captured,emi,TRUE,Payment for WB-104584 Coir door mat,,,,113659,20459,1774180260,
pay_G9EQRMKJ70Q1Z4,payment,WB-104835,6873133,INR,captured,netbanking,TRUE,Payment for WB-104835 Coir door mat,,,,137463,24743,1774212120,
pay_CQLE1QL6YW7157,payment,WB-104895,7388841,INR,captured,wallet,TRUE,Payment for WB-104895 Steel tiffin carrier,,,,147777,26600,1774169520,
pay_7NTF8MSUT8ANNH,payment,WB-104933,7299900,INR,captured,emi,TRUE,Payment for WB-104933 Rubber foot mat,,,,145998,26280,1774198200,
pay_2K1UC36NAEFCEG,payment,WB-104969,7550100,INR,captured,netbanking,TRUE,Payment for WB-104969 Coir door mat,,,,151002,27180,1774172160,
pay_8C9BMWCCSLXDQU,payment,WB-105145,1935600,INR,captured,netbanking,TRUE,Payment for WB-105145 Trolley bag 24 inch,,,,38712,6968,1774182720,
pay_6KK81ZEBZVA992,payment,WB-105181,8842600,INR,captured,netbanking,TRUE,Payment for WB-105181 Steel tiffin carrier,,,,176852,31833,1774186800,
pay_Y8ARCV94U5D6YK,payment,WB-105337,8939200,INR,captured,upi,TRUE,Payment for WB-105337 Steel tiffin carrier,,,,178784,32181,1774211400,
pay_8QL0WW0YREND36,payment,WB-105565,8684700,INR,captured,upi,TRUE,Payment for WB-105565 Rubber foot mat,,,,173694,31265,1774177980,
pay_EG2XX4YWKDWHFG,payment,WB-105573,1646300,INR,captured,wallet,TRUE,Payment for WB-105573 Steel tiffin carrier,,,,32926,5927,1774175880,
pay_V9E56QLE5L7CDQ,payment,WB-105593,421994,INR,captured,emi,TRUE,Payment for WB-105593 Mixer jar spare,,,,8440,1519,1774177260,
pay_0BSMHAQUGVBR30,payment,WB-105828,3424795,INR,captured,upi,TRUE,Payment for WB-105828 Trolley bag 24 inch,,,,68496,12329,1774172700,
pay_66W6WBG79G08AZ,payment,WB-105856,1244495,INR,captured,emi,TRUE,Payment for WB-105856 Mixer jar spare,,,,24890,4480,1774204200,
pay_TP2J8AR9SSDNYG,payment,WB-106028,8591300,INR,captured,wallet,TRUE,Payment for WB-106028 Mixer jar spare,,,,171826,30929,1774207740,
pay_AAP8PQQ6HEF2HT,payment,WB-106056,3541100,INR,captured,netbanking,TRUE,Payment for WB-106056 Mixer jar spare,,,,70822,12748,1774176720,
pay_V6QEZ45Q12QQL4,payment,WB-106159,7592884,INR,captured,wallet,TRUE,Payment for WB-106159 Copper water bottle,,,,151858,27334,1774178880,
pay_0132LQ5XYTHB8A,payment,WB-106233,1632655,INR,captured,netbanking,TRUE,Payment for WB-106233 Coir door mat,,,,32653,5878,1774177680,
pay_0MFCJD4QSYX4TA,payment,WB-106302,6186693,INR,captured,netbanking,TRUE,Payment for WB-106302 Rubber foot mat,,,,123734,22272,1774197540,
pay_7CZKAKRU0WJX34,payment,WB-106347,191000,INR,captured,card,TRUE,Payment for WB-106347 Steel tiffin carrier,,,,3820,688,1774209120,
pay_67WQ3LZLYAAH6P,payment,WB-106441,1918400,INR,captured,emi,TRUE,Payment for WB-106441 Rubber foot mat,,,,38368,6906,1774182540,
pay_RRQ3881AZV4LF7,payment,WB-106790,2756900,INR,captured,emi,TRUE,Payment for WB-106790 Trolley bag 24 inch,,,,55138,9925,1774193340,
pay_BTN9REVNKFE84A,payment,WB-106883,2847827,INR,captured,wallet,TRUE,Payment for WB-106883 Coir door mat,,,,56957,10252,1774202580,
pay_XT0Y10ZB3VUXED,payment,WB-107262,2149861,INR,captured,wallet,TRUE,Payment for WB-107262 Rubber foot mat,,,,42997,7739,1774206780,
pay_3TAA778KCLAMF1,payment,WB-107266,7067600,INR,captured,netbanking,TRUE,Payment for WB-107266 Trolley bag 24 inch,,,,141352,25443,1774209660,
pay_8KB1HRSKL0KVBM,payment,WB-107451,685665,INR,captured,netbanking,TRUE,Payment for WB-107451 Mixer jar spare,,,,13713,2468,1774202580,
pay_336ZQ47NLLQSJ6,payment,WB-108837,892700,INR,captured,upi,TRUE,Payment for WB-108837 Copper water bottle,,,,17854,3214,1774207740,
pay_S5XV04205VGX3N,payment,WB-108876,848622,INR,captured,netbanking,TRUE,Payment for WB-108876 Trolley bag 24 inch,,,,16972,3055,1774191480,
pay_BFBTG18YH9XE3E,payment,WB-109033,1488230,INR,captured,upi,TRUE,Payment for WB-109033 Trolley bag 24 inch,,,,29765,5358,1774177140,
pay_TV5QLVMUGY6CE1,payment,WB-109107,6551016,INR,captured,card,TRUE,Payment for WB-109107 Copper water bottle,,,,131020,23584,1774176240,
pay_8GJENPAA79F0ED,payment,WB-109212,4472142,INR,captured,netbanking,TRUE,Payment for WB-109212 Mixer jar spare,,,,89443,16100,1774186200,
pay_BLEHQCR3C07HTP,payment,WB-109382,6953166,INR,captured,netbanking,TRUE,Payment for WB-109382 Steel tiffin carrier,,,,139063,25031,1774185480,
pay_1C2GFT1LB4HDFE,payment,WB-109519,2932700,INR,captured,upi,TRUE,Payment for WB-109519 Rubber foot mat,,,,58654,10558,1774191120,
pay_3DGWM94NSLPR80,payment,WB-104074,8398238,INR,captured,upi,TRUE,Payment for WB-104074 Rubber foot mat,,,,167965,30234,1774270680,
pay_02XVQA5XYG4B2X,payment,WB-104317,6255000,INR,captured,card,TRUE,Payment for WB-104317 Coir door mat,,,,125100,22518,1774264380,
pay_BP5NZHTLRLC2RB,payment,WB-104373,5400199,INR,captured,netbanking,TRUE,Payment for WB-104373 Mixer jar spare,,,,108004,19441,1774293540,
pay_Q7Z06TGRQ7ZY3H,payment,WB-104518,7766200,INR,captured,upi,TRUE,Payment for WB-104518 Coir door mat,,,,155324,27958,1774294800,
pay_V0DHEFZKH3GB0Y,payment,WB-104547,9082100,INR,captured,netbanking,TRUE,Payment for WB-104547 Rubber foot mat,,,,181642,32696,1774266180,
pay_KN1DCE6RBF21HU,payment,WB-104583,7880327,INR,captured,wallet,TRUE,Payment for WB-104583 Mixer jar spare,,,,157607,28369,1774256340,
pay_EM0M7ZB7C5RE6A,payment,WB-104591,6416900,INR,captured,emi,TRUE,Payment for WB-104591 Trolley bag 24 inch,,,,128338,23101,1774273620,
pay_5JW2Q1UQP69NY9,payment,WB-104806,1712400,INR,captured,emi,TRUE,Payment for WB-104806 Copper water bottle,,,,34248,6165,1774279380,
pay_CB4LXH10YTMC76,payment,WB-104887,2000600,INR,captured,netbanking,TRUE,Payment for WB-104887 Rubber foot mat,,,,40012,7202,1774284720,
pay_MX6GZ87YQDEGFW,payment,WB-104936,7037038,INR,captured,card,TRUE,Payment for WB-104936 Trolley bag 24 inch,,,,140741,25333,1774259400,
pay_YUXPU9V2J7V1EG,payment,WB-105167,8425079,INR,captured,card,TRUE,Payment for WB-105167 Coir door mat,,,,168502,30330,1774264980,
pay_ATMDKNJNVCR9RG,payment,WB-105223,2290349,INR,captured,wallet,TRUE,Payment for WB-105223 Rubber foot mat,,,,45807,8245,1774282800,
pay_VYBCDD363DDDDW,payment,WB-105382,1634046,INR,captured,card,TRUE,Payment for WB-105382 Mixer jar spare,,,,32681,5883,1774281300,
pay_5XN7CMXQ8HJ249,payment,WB-105391,3592400,INR,captured,emi,TRUE,Payment for WB-105391 Trolley bag 24 inch,,,,71848,12933,1774298280,
pay_414ZWXCRX2UYHC,payment,WB-105633,2718000,INR,captured,card,TRUE,Payment for WB-105633 Glazed tile carton lot,,,,54360,9785,1774258560,
pay_NRBZZ0TKYNKPFJ,payment,WB-105633,2718000,INR,captured,card,TRUE,Payment for WB-105633 Glazed tile carton lot,,,,54360,9785,1774258560,
pay_SBFVG1VKEXU1RW,payment,WB-105727,2364620,INR,captured,netbanking,TRUE,Payment for WB-105727 Trolley bag 24 inch,,,,47292,8513,1774290780,
pay_S1RVMPP9TLNVS7,payment,WB-106317,2343434,INR,captured,emi,TRUE,Payment for WB-106317 Copper water bottle,,,,46869,8436,1774254240,
pay_XCWAN1J5E6VYXS,payment,WB-106528,5097815,INR,captured,wallet,TRUE,Payment for WB-106528 Copper water bottle,,,,101956,18352,1774298340,
pay_6UNP9HD4VP68GP,payment,WB-106602,1056495,INR,captured,emi,TRUE,Payment for WB-106602 Steel tiffin carrier,,,,21130,3803,1774290480,
pay_DY79BJLWEV51S5,payment,WB-106920,567300,INR,captured,wallet,TRUE,Payment for WB-106920 Coir door mat,,,,11346,2042,1774253880,
pay_6DN67B4Z7EDZU7,payment,WB-106953,5652800,INR,captured,wallet,TRUE,Payment for WB-106953 Mixer jar spare,,,,113056,20350,1774282200,
pay_UDUKHA1Y8EEA3D,payment,WB-106962,188438,INR,captured,emi,TRUE,Payment for WB-106962 Steel tiffin carrier,,,,3769,678,1774287300,
pay_0DJBKJPQLGC749,payment,WB-107030,4180636,INR,captured,netbanking,TRUE,Payment for WB-107030 Steel tiffin carrier,,,,83613,15050,1774255620,
pay_9AKGS6G2V4G6VH,payment,WB-107142,3961105,INR,captured,netbanking,TRUE,Payment for WB-107142 Trolley bag 24 inch,,,,79222,14260,1774282800,
pay_82RYESEF2ZH9G7,payment,WB-107160,5070611,INR,captured,netbanking,TRUE,Payment for WB-107160 Copper water bottle,,,,101412,18254,1774255620,
pay_2UXKMU04VVE44P,payment,WB-107342,5380964,INR,captured,emi,TRUE,Payment for WB-107342 Mixer jar spare,,,,107619,19371,1774276800,
pay_6LW37KYL0AS5ET,payment,WB-107444,8378800,INR,captured,wallet,TRUE,Payment for WB-107444 Steel tiffin carrier,,,,167576,30164,1774285380,
pay_RRZCLEA4DAEQGQ,payment,WB-107907,9016000,INR,captured,card,TRUE,Payment for WB-107907 Trolley bag 24 inch,,,,180320,32458,1774299480,
pay_BPFW695SA8F9GQ,payment,WB-108001,6510800,INR,captured,wallet,TRUE,Payment for WB-108001 Steel tiffin carrier,,,,130216,23439,1774264200,
pay_VKC2WM1TC48J6X,payment,WB-108180,8279780,INR,captured,upi,TRUE,Payment for WB-108180 Coir door mat,,,,165596,29807,1774278360,
pay_BYQMTGHFLSQYBG,payment,WB-108277,2225200,INR,captured,upi,TRUE,Payment for WB-108277 Mixer jar spare,,,,44504,8011,1774288140,
pay_UJYATWRQ0RK2RN,payment,WB-108344,8376453,INR,captured,emi,TRUE,Payment for WB-108344 Steel tiffin carrier,,,,167529,30155,1774296120,
pay_88TE8TVJPGG2G5,payment,WB-108740,3578460,INR,captured,emi,TRUE,Payment for WB-108740 Rubber foot mat,,,,71569,12882,1774287960,
pay_E5MVUESA7QAAK4,payment,WB-108931,8277000,INR,captured,card,TRUE,Payment for WB-108931 Mixer jar spare,,,,165540,29797,1774254720,
pay_7SMQJ2FQVDLHTJ,payment,WB-109080,3996900,INR,captured,emi,TRUE,Payment for WB-109080 Copper water bottle,,,,79938,14389,1774296780,
pay_U9CMQMZNPUXG7C,payment,WB-109115,3293000,INR,captured,card,TRUE,Payment for WB-109115 Rubber foot mat,,,,65860,11855,1774291620,
pay_ZXR80G321YD266,payment,WB-109252,3279469,INR,captured,emi,TRUE,Payment for WB-109252 Coir door mat,,,,65589,11806,1774257960,
pay_S8GR9V2WJSBM1Z,payment,WB-109796,8854970,INR,captured,emi,TRUE,Payment for WB-109796 Copper water bottle,,,,177099,31878,1774269060,
pay_MKANSQJP181SDQ,payment,WB-109836,5939164,INR,captured,netbanking,TRUE,Payment for WB-109836 Trolley bag 24 inch,,,,118783,21381,1774279080,
pay_8356S6YCNR3KRM,payment,WB-109839,7798800,INR,captured,wallet,TRUE,Payment for WB-109839 Rubber foot mat,,,,155976,28076,1774258020,
pay_3VDRT6NTWWVQHF,payment,WB-104335,1324635,INR,captured,netbanking,TRUE,Payment for WB-104335 Steel tiffin carrier,,,,26493,4769,1774358100,
pay_3MLAJQ6R6YD6YY,payment,WB-104549,8528100,INR,captured,netbanking,TRUE,Payment for WB-104549 Mixer jar spare,,,,170562,30701,1774358820,
pay_T7RYACFKV00PLX,payment,WB-104764,4422000,INR,captured,card,TRUE,Payment for WB-104764 Copper water bottle,,,,88440,15919,1774357980,
pay_ANKMW6WWSPCRU2,payment,WB-104905,4555600,INR,captured,netbanking,TRUE,Payment for WB-104905 Coir door mat,,,,91112,16400,1774366200,
pay_CZHMPPSW8W8YJA,payment,WB-105042,5178398,INR,captured,wallet,TRUE,Payment for WB-105042 Steel tiffin carrier,,,,103568,18642,1774364280,
pay_69LME201MUB0FV,payment,WB-105227,1320600,INR,captured,netbanking,TRUE,Payment for WB-105227 Trolley bag 24 inch,,,,26412,4754,1774343040,
pay_BX92L3NGD8HHN1,payment,WB-105339,2808800,INR,captured,wallet,TRUE,Payment for WB-105339 Trolley bag 24 inch,,,,56176,10112,1774382460,
pay_CKNQ3U8B8BEX5Z,payment,WB-105405,2738588,INR,captured,card,TRUE,Payment for WB-105405 Steel tiffin carrier,,,,54772,9859,1774353600,
pay_ZZHPZELWDHVXL3,payment,WB-105474,4953600,INR,captured,netbanking,TRUE,Payment for WB-105474 Trolley bag 24 inch,,,,99072,17833,1774349160,
pay_HGT1YG8W7CH6CJ,payment,WB-105492,6942338,INR,captured,wallet,TRUE,Payment for WB-105492 Mixer jar spare,,,,138847,24992,1774358760,
pay_KFXZAY8W677S0F,payment,WB-105785,1043200,INR,captured,upi,TRUE,Payment for WB-105785 Steel tiffin carrier,,,,20864,3756,1774373160,
pay_H129NPF4T5ULVG,payment,WB-106073,2285500,INR,captured,card,TRUE,Payment for WB-106073 Rubber foot mat,,,,45710,8228,1774357620,
pay_SP40798UWVYDZP,payment,WB-106128,8847700,INR,captured,upi,TRUE,Payment for WB-106128 Copper water bottle,,,,176954,31852,1774361520,
pay_JZ0D36VQJN193U,payment,WB-106229,3364945,INR,captured,emi,TRUE,Payment for WB-106229 Trolley bag 24 inch,,,,67299,12114,1774357260,
pay_9PGPMUR0V4KPP9,payment,WB-106236,5673535,INR,captured,card,TRUE,Payment for WB-106236 Coir door mat,,,,113471,20425,1774367100,
pay_AZZGPJN3Z2ZUP7,payment,WB-106241,5933700,INR,captured,upi,TRUE,Payment for WB-106241 Copper water bottle,,,,118674,21361,1774361880,
pay_A47JGWMQPUFHQ0,payment,WB-106456,1344300,INR,captured,wallet,TRUE,Payment for WB-106456 Coir door mat,,,,26886,4839,1774362420,
pay_RTVQ8CFGUYASB9,payment,WB-106694,3462852,INR,captured,wallet,TRUE,Payment for WB-106694 Mixer jar spare,,,,69257,12466,1774355580,
pay_L3H04XSSLA62EU,payment,WB-106912,6230920,INR,captured,emi,TRUE,Payment for WB-106912 Mixer jar spare,,,,124618,22431,1774369260,
pay_86YE0M9GZE7MUS,payment,WB-107087,6059100,INR,captured,netbanking,TRUE,Payment for WB-107087 Trolley bag 24 inch,,,,121182,21813,1774361040,
pay_BRR3K8DXTADS4F,payment,WB-107757,93600,INR,captured,netbanking,TRUE,Payment for WB-107757 Steel tiffin carrier,,,,1872,337,1774364400,
pay_V96M8XF9UF1ZVS,payment,WB-107946,7017700,INR,captured,upi,TRUE,Payment for WB-107946 Mixer jar spare,,,,140354,25264,1774364580,
pay_BX76R81TARA6CF,payment,WB-108182,2275548,INR,captured,card,TRUE,Payment for WB-108182 Rubber foot mat,,,,45511,8192,1774340520,
pay_WAXPKFXFT32Y1H,payment,WB-108197,4229200,INR,captured,upi,TRUE,Payment for WB-108197 Copper water bottle,,,,84584,15225,1774371780,
pay_BLF4TE9NDPJ2QZ,payment,WB-108221,7787600,INR,captured,netbanking,TRUE,Payment for WB-108221 Rubber foot mat,,,,155752,28035,1774339560,
pay_V143TX66FVG1PJ,payment,WB-108246,3896216,INR,captured,upi,TRUE,Payment for WB-108246 Trolley bag 24 inch,,,,77924,14026,1774364880,
pay_2W4SLK728KEXB9,payment,WB-108556,6491200,INR,captured,upi,TRUE,Payment for WB-108556 Steel tiffin carrier,,,,129824,23368,1774378980,
pay_C0R3EDXJHF1QHZ,payment,WB-108642,2659520,INR,captured,card,TRUE,Payment for WB-108642 Rubber foot mat,,,,53190,9574,1774363080,
pay_9NLU2M02W70SC0,payment,WB-108684,8429200,INR,captured,upi,TRUE,Payment for WB-108684 Coir door mat,,,,168584,30345,1774366800,
pay_78P85V12HTQF4P,payment,WB-108697,4145266,INR,captured,upi,TRUE,Payment for WB-108697 Coir door mat,,,,82905,14923,1774355160,
pay_76Y56G34KX9YFG,payment,WB-108738,6005300,INR,captured,wallet,TRUE,Payment for WB-108738 Copper water bottle,,,,120106,21619,1774353960,
pay_Q1HGKMM9J2NDED,payment,WB-108910,8372131,INR,captured,netbanking,TRUE,Payment for WB-108910 Coir door mat,,,,167443,30140,1774359000,
pay_ZGM3BQSQGHGZMM,payment,WB-108919,5477900,INR,captured,emi,TRUE,Payment for WB-108919 Rubber foot mat,,,,109558,19720,1774374960,
pay_UB7FA9DRGW8J6N,payment,WB-108970,199900,INR,captured,emi,TRUE,Payment for WB-108970 Steel tiffin carrier,,,,3998,720,1774372560,
pay_A8PFMV5Y7LNCNR,payment,WB-109109,7261612,INR,captured,netbanking,TRUE,Payment for WB-109109 Mixer jar spare,,,,145232,26142,1774385100,
pay_DP94L4ARXMTCFZ,payment,WB-109296,3207100,INR,captured,netbanking,TRUE,Payment for WB-109296 Copper water bottle,,,,64142,11546,1774381200,
pay_QRJTF6NKJREK5H,payment,WB-109323,3827309,INR,captured,wallet,TRUE,Payment for WB-109323 Copper water bottle,,,,76546,13778,1774356480,
pay_BFMD0UCSXE8JEP,payment,WB-109344,5498699,INR,captured,netbanking,TRUE,Payment for WB-109344 Coir door mat,,,,109974,19795,1774352160,
pay_E83V7TDNFQEQ3V,payment,WB-109640,6928962,INR,captured,emi,TRUE,Payment for WB-109640 Rubber foot mat,,,,138579,24944,1774358220,
pay_3QG2ZQE8K6L6EN,payment,WB-104440,6814100,INR,captured,netbanking,TRUE,Payment for WB-104440 Steel tiffin carrier,,,,136282,24531,1774432860,
pay_UPUXNTW31AK5Z8,payment,WB-104455,911300,INR,captured,wallet,TRUE,Payment for WB-104455 Trolley bag 24 inch,,,,18226,3281,1774437600,
pay_5LQSCNAJ4WYHQE,payment,WB-104566,8410800,INR,captured,wallet,TRUE,Payment for WB-104566 Steel tiffin carrier,,,,168216,30279,1774440240,
pay_GY20TJZYP11LN1,payment,WB-104832,8143654,INR,captured,netbanking,TRUE,Payment for WB-104832 Copper water bottle,,,,162873,29317,1774460040,
pay_P4R6XNNGHQVGQ9,payment,WB-104922,7133577,INR,captured,card,TRUE,Payment for WB-104922 Steel tiffin carrier,,,,142672,25681,1774470960,
pay_RG4WLA0X41GDCV,payment,WB-105025,860386,INR,captured,wallet,TRUE,Payment for WB-105025 Coir door mat,,,,17208,3097,1774461780,
pay_S0P6KXJP87ZUM0,payment,WB-105107,9195800,INR,captured,wallet,TRUE,Payment for WB-105107 Coir door mat,,,,183916,33105,1774459740,
pay_ATYFQ5UHUQC652,payment,WB-105214,3386701,INR,captured,upi,TRUE,Payment for WB-105214 Rubber foot mat,,,,67734,12192,1774450500,
pay_N2F4TWTDUM6SZ5,payment,WB-105331,988500,INR,captured,card,TRUE,Payment for WB-105331 Mixer jar spare,,,,19770,3559,1774455480,
pay_VS8FD4XV7LKJVL,payment,WB-105644,8883700,INR,captured,upi,TRUE,Payment for WB-105644 Coir door mat,,,,177674,31981,1774430460,
pay_KBNUFRAYD06X0B,payment,WB-105691,8951731,INR,captured,upi,TRUE,Payment for WB-105691 Rubber foot mat,,,,179035,32226,1774456440,
pay_TG6Y8CC49K8N5U,payment,WB-105846,3756271,INR,captured,upi,TRUE,Payment for WB-105846 Rubber foot mat,,,,75125,13522,1774460580,
pay_E9FNBG4PNA2AU3,payment,WB-105929,1159631,INR,captured,netbanking,TRUE,Payment for WB-105929 Trolley bag 24 inch,,,,23193,4175,1774435320,
pay_H12A51X4TR0U7G,payment,WB-105963,6672331,INR,captured,wallet,TRUE,Payment for WB-105963 Steel tiffin carrier,,,,133447,24020,1774440960,
pay_E0SNGN21J98GJA,payment,WB-106156,8142800,INR,captured,wallet,TRUE,Payment for WB-106156 Trolley bag 24 inch,,,,162856,29314,1774441740,
pay_XGQ4WBD3CARLTL,payment,WB-106432,7167900,INR,captured,emi,TRUE,Payment for WB-106432 Trolley bag 24 inch,,,,143358,25804,1774431360,
pay_9UYEV2BU2X9HD3,payment,WB-106555,3398763,INR,captured,upi,TRUE,Payment for WB-106555 Coir door mat,,,,67975,12236,1774426980,
pay_2QPQ11U0LDLUZA,payment,WB-106557,4899480,INR,captured,emi,TRUE,Payment for WB-106557 Mixer jar spare,,,,97990,17638,1774444980,
pay_9U586N3DGKKD93,payment,WB-107027,250557,INR,captured,card,TRUE,Payment for WB-107027 Trolley bag 24 inch,,,,5011,902,1774440780,
pay_8QEJE5D5E1Y2N0,payment,WB-107066,3745100,INR,captured,netbanking,TRUE,Payment for WB-107066 Steel tiffin carrier,,,,74902,13482,1774470240,
pay_YWP6GG0M3QKP1G,payment,WB-107229,2877040,INR,captured,card,TRUE,Payment for WB-107229 Mixer jar spare,,,,57541,10357,1774463400,
pay_UBDB5FJ8RVM7U5,payment,WB-107427,3078358,INR,captured,wallet,TRUE,Payment for WB-107427 Rubber foot mat,,,,61567,11082,1774431360,
pay_C5XVQ58E1XFE7S,payment,WB-107619,5207736,INR,captured,upi,TRUE,Payment for WB-107619 Copper water bottle,,,,104155,18748,1774467300,
pay_YAPFADSJYJQ7LJ,payment,WB-107723,1079369,INR,captured,wallet,TRUE,Payment for WB-107723 Steel tiffin carrier,,,,21587,3886,1774435680,
pay_10LNGLLCP9T7XU,payment,WB-107871,8714829,INR,captured,wallet,TRUE,Payment for WB-107871 Mixer jar spare,,,,174297,31373,1774443060,
pay_YH6FMEW0DV91G1,payment,WB-107897,3323600,INR,captured,netbanking,TRUE,Payment for WB-107897 Copper water bottle,,,,66472,11965,1774429260,
pay_187BU1KRBM8GPW,payment,WB-108103,7753400,INR,captured,emi,TRUE,Payment for WB-108103 Mixer jar spare,,,,155068,27912,1774433700,
pay_P1F299XFJ1U13M,payment,WB-108128,1479921,INR,captured,emi,TRUE,Payment for WB-108128 Copper water bottle,,,,29598,5328,1774466400,
pay_L6RW2SXKDP10EL,payment,WB-108358,1167805,INR,captured,wallet,TRUE,Payment for WB-108358 Trolley bag 24 inch,,,,23356,4204,1774426260,
pay_9C3SHLS20T48LQ,payment,WB-108427,584100,INR,captured,netbanking,TRUE,Payment for WB-108427 Copper water bottle,,,,11682,2103,1774457400,
pay_L3G8EZEWA4B5JD,payment,WB-108517,8468892,INR,captured,wallet,TRUE,Payment for WB-108517 Copper water bottle,,,,169378,30488,1774459980,
pay_NXASC0KQAV1EBE,payment,WB-109018,8965700,INR,captured,upi,TRUE,Payment for WB-109018 Rubber foot mat,,,,179314,32277,1774434540,
pay_WKESQ9HDNJ2ZHU,payment,WB-109098,3571148,INR,captured,netbanking,TRUE,Payment for WB-109098 Rubber foot mat,,,,71423,12856,1774444980,
pay_P5WFXFULCY44R0,payment,WB-109112,1478400,INR,captured,emi,TRUE,Payment for WB-109112 Trolley bag 24 inch,,,,29568,5322,1774434180,
pay_GHTEEE81CC8VG6,payment,WB-109125,1155970,INR,captured,emi,TRUE,Payment for WB-109125 Coir door mat,,,,23119,4161,1774468800,
pay_VFMYANPMLQNG17,payment,WB-109146,8336084,INR,captured,card,TRUE,Payment for WB-109146 Mixer jar spare,,,,166722,30010,1774441020,
pay_ZJB19PMMA1GU0L,payment,WB-109160,5979200,INR,captured,upi,TRUE,Payment for WB-109160 Mixer jar spare,,,,119584,21525,1774449480,
pay_VSEBRX2FF3GSFM,payment,WB-109248,2636175,INR,captured,netbanking,TRUE,Payment for WB-109248 Coir door mat,,,,52724,9490,1774471320,
pay_A57HM9DKUT7SYU,payment,WB-109294,1937200,INR,captured,upi,TRUE,Payment for WB-109294 Rubber foot mat,,,,38744,6974,1774467300,
pay_3NAPABF7G8CPC3,payment,WB-104212,3927100,INR,captured,netbanking,TRUE,Payment for WB-104212 Copper water bottle,,,,78542,14138,1774557840,
pay_LGH6FF39ES75R8,payment,WB-104397,8599300,INR,captured,wallet,TRUE,Payment for WB-104397 Rubber foot mat,,,,171986,30957,1774550640,
pay_3D3KPKPNKFL30A,payment,WB-104539,6077067,INR,captured,card,TRUE,Payment for WB-104539 Coir door mat,,,,121541,21877,1774555560,
pay_KQMYHSTQ65W4K8,payment,WB-104859,6751200,INR,captured,upi,TRUE,Payment for WB-104859 Mixer jar spare,,,,135024,24304,1774513380,
pay_ZBNK4XEULQLR4E,payment,WB-105049,1663400,INR,captured,emi,TRUE,Payment for WB-105049 Rubber foot mat,,,,33268,5988,1774517580,
pay_0TWF84GSQ9CQX1,payment,WB-105132,5734900,INR,captured,emi,TRUE,Payment for WB-105132 Copper water bottle,,,,114698,20646,1774553160,
pay_DDWE595V1ZQW3D,payment,WB-105819,5119960,INR,captured,emi,TRUE,Payment for WB-105819 Trolley bag 24 inch,,,,102399,18432,1774522980,
pay_Z63X4VJYBQ1L6L,payment,WB-106193,7695600,INR,captured,netbanking,TRUE,Payment for WB-106193 Steel tiffin carrier,,,,153912,27704,1774512540,
pay_QHBZ1E7QRG20V4,payment,WB-106209,2763200,INR,captured,upi,TRUE,Payment for WB-106209 Copper water bottle,,,,55264,9948,1774549980,
pay_5HTKDXNKSDAAP4,payment,WB-106464,6946659,INR,captured,netbanking,TRUE,Payment for WB-106464 Copper water bottle,,,,138933,25008,1774555080,
pay_5R5WHVZT72GLN9,payment,WB-106547,8679200,INR,captured,upi,TRUE,Payment for WB-106547 Steel tiffin carrier,,,,173584,31245,1774548600,
pay_RJF2KYY6R9K9SL,payment,WB-106566,1239832,INR,captured,wallet,TRUE,Payment for WB-106566 Steel tiffin carrier,,,,24797,4463,1774535460,
pay_71GSPEEJ2VK3BQ,payment,WB-106655,4524651,INR,captured,netbanking,TRUE,Payment for WB-106655 Mixer jar spare,,,,90493,16289,1774533000,
pay_V99ECA5C1LVD7S,payment,WB-106679,8955147,INR,captured,netbanking,TRUE,Payment for WB-106679 Mixer jar spare,,,,179103,32239,1774522620,
pay_6TUDVDZGQSPNT8,payment,WB-106826,3604990,INR,captured,emi,TRUE,Payment for WB-106826 Rubber foot mat,,,,72100,12978,1774525560,
pay_RGPKEQXSHB5QUJ,payment,WB-106833,4262300,INR,captured,wallet,TRUE,Payment for WB-106833 Coir door mat,,,,85246,15344,1774535340,
pay_TG7MFXRKF9T34Y,payment,WB-107251,249158,INR,captured,netbanking,TRUE,Payment for WB-107251 Trolley bag 24 inch,,,,4983,897,1774513560,
pay_FKA6Q6ETS98AXQ,payment,WB-107264,8120900,INR,captured,emi,TRUE,Payment for WB-107264 Mixer jar spare,,,,162418,29235,1774542240,
pay_WA1YCJERKUP6GQ,payment,WB-107603,5966732,INR,captured,upi,TRUE,Payment for WB-107603 Rubber foot mat,,,,119335,21480,1774535940,
pay_DDR64RLQS0MJZC,payment,WB-107688,834659,INR,captured,netbanking,TRUE,Payment for WB-107688 Copper water bottle,,,,16693,3005,1774515840,
pay_764H4V8BQ2EDYR,payment,WB-107693,1274298,INR,captured,upi,TRUE,Payment for WB-107693 Steel tiffin carrier,,,,25486,4587,1774525320,
pay_FXC95TR1BC691G,payment,WB-107780,9067019,INR,captured,card,TRUE,Payment for WB-107780 Steel tiffin carrier,,,,181340,32641,1774538580,
pay_CVW4PCCHS6PZ61,payment,WB-107825,7059359,INR,captured,wallet,TRUE,Payment for WB-107825 Trolley bag 24 inch,,,,141187,25414,1774528020,
pay_H29583CNXEK3QU,payment,WB-108115,8913200,INR,captured,upi,TRUE,Payment for WB-108115 Coir door mat,,,,178264,32088,1774523400,
pay_WYKUPGDN33G7X9,payment,WB-108150,8722130,INR,captured,netbanking,TRUE,Payment for WB-108150 Trolley bag 24 inch,,,,174443,31400,1774537980,
pay_GT5KT3MQ7FX3WD,payment,WB-108247,8802400,INR,captured,emi,TRUE,Payment for WB-108247 Rubber foot mat,,,,176048,31689,1774541220,
pay_21V2VAQ5H61107,payment,WB-108353,2393900,INR,captured,emi,TRUE,Payment for WB-108353 Rubber foot mat,,,,47878,8618,1774537560,
pay_JFWFXLMK1KDUP9,payment,WB-108370,1010178,INR,captured,netbanking,TRUE,Payment for WB-108370 Copper water bottle,,,,20204,3637,1774551960,
pay_97XZR55NSUCPMF,payment,WB-108475,8752500,INR,captured,card,TRUE,Payment for WB-108475 Coir door mat,,,,175050,31509,1774526940,
pay_UMKFG4W50R4XS6,payment,WB-108598,7795813,INR,captured,wallet,TRUE,Payment for WB-108598 Mixer jar spare,,,,155916,28065,1774525020,
pay_7JDLMRZ9VDDLH4,payment,WB-108683,5795736,INR,captured,upi,TRUE,Payment for WB-108683 Coir door mat,,,,115915,20865,1774531500,
pay_L0L7E0ZBHBS241,payment,WB-108873,2949300,INR,captured,wallet,TRUE,Payment for WB-108873 Steel tiffin carrier,,,,58986,10617,1774552140,
pay_04H8L6X563U6WV,payment,WB-108992,6402476,INR,captured,emi,TRUE,Payment for WB-108992 Steel tiffin carrier,,,,128050,23049,1774552680,
pay_2VTS6VJK0VYGUW,payment,WB-109004,5473357,INR,captured,wallet,TRUE,Payment for WB-109004 Trolley bag 24 inch,,,,109467,19704,1774548420,
pay_STM26WA02LN4J3,payment,WB-109292,8731100,INR,captured,netbanking,TRUE,Payment for WB-109292 Coir door mat,,,,174622,31432,1774521780,
pay_J6HJ7G0JYGHAP5,payment,WB-109403,4821300,INR,captured,wallet,TRUE,Payment for WB-109403 Mixer jar spare,,,,96426,17357,1774526940,
pay_Q43HALWFRUHKW1,payment,WB-109416,576200,INR,captured,upi,TRUE,Payment for WB-109416 Copper water bottle,,,,11524,2074,1774554180,
pay_RF1AUNS7FFQZNU,payment,WB-109543,8161800,INR,captured,wallet,TRUE,Payment for WB-109543 Trolley bag 24 inch,,,,163236,29382,1774518600,
pay_3CGXCQBSBU4SNR,payment,WB-109849,7251800,INR,captured,wallet,TRUE,Payment for WB-109849 Coir door mat,,,,145036,26106,1774516200,
pay_PZZMYLDPTK6UFL,payment,WB-104041,2990000,INR,captured,card,TRUE,Payment for WB-104041 Copper water bottle,,,,59800,10764,1774603200,
pay_3NZG6WKLPP59DH,payment,WB-104191,3889449,INR,captured,emi,TRUE,Payment for WB-104191 Steel tiffin carrier,,,,77789,14002,1774607280,
pay_7TU8L6LUZ8MXLE,payment,WB-104537,3837200,INR,captured,upi,TRUE,Payment for WB-104537 Steel tiffin carrier,,,,76744,13814,1774600140,
pay_M2ZYMHHT727LH2,payment,WB-104608,5235027,INR,captured,card,TRUE,Payment for WB-104608 Trolley bag 24 inch,,,,104701,18846,1774636440,
pay_KUX61505MDL2FX,payment,WB-104807,3965300,INR,captured,wallet,TRUE,Payment for WB-104807 Copper water bottle,,,,79306,14275,1774633380,
pay_YFZEF3LWEVAZPZ,payment,WB-105060,836100,INR,captured,netbanking,TRUE,Payment for WB-105060 Mixer jar spare,,,,16722,3010,1774641300,
pay_1B4KJ8SLSYVF20,payment,WB-105278,349239,INR,captured,upi,TRUE,Payment for WB-105278 Rubber foot mat,,,,6985,1257,1774637040,
pay_SYBSW8QDAHQ1NB,payment,WB-105414,6740100,INR,captured,netbanking,TRUE,Payment for WB-105414 Rubber foot mat,,,,134802,24264,1774598940,
pay_Y5BT34X28GFV05,payment,WB-105479,8328413,INR,captured,emi,TRUE,Payment for WB-105479 Trolley bag 24 inch,,,,166568,29982,1774600020,
pay_6BYHFQPW0WRSRU,payment,WB-105519,2597061,INR,captured,card,TRUE,Payment for WB-105519 Coir door mat,,,,51941,9349,1774603980,
pay_YGLMV7RFW1R0DW,payment,WB-105570,2342454,INR,captured,emi,TRUE,Payment for WB-105570 Rubber foot mat,,,,46849,8433,1774609680,
pay_AFAA87NXXC1PQP,payment,WB-105625,9108857,INR,captured,wallet,TRUE,Payment for WB-105625 Mixer jar spare,,,,182177,32792,1774612860,
pay_XFP1FUTAV69D3Y,payment,WB-105924,9034231,INR,captured,upi,TRUE,Payment for WB-105924 Trolley bag 24 inch,,,,180685,32523,1774610400,
pay_SLUP7DKG46ZWDD,payment,WB-105959,3773500,INR,captured,card,TRUE,Payment for WB-105959 Mixer jar spare,,,,75470,13585,1774601340,
pay_J21KR5LH8NC2GD,payment,WB-105969,8153200,INR,captured,upi,TRUE,Payment for WB-105969 Steel tiffin carrier,,,,163064,29352,1774626540,
pay_KQ27CT8K55N6CB,payment,WB-105992,7719606,INR,captured,netbanking,TRUE,Payment for WB-105992 Rubber foot mat,,,,154392,27791,1774637700,
pay_75XBRD8922RB5Z,payment,WB-106248,6635100,INR,captured,netbanking,TRUE,Payment for WB-106248 Rubber foot mat,,,,132702,23886,1774607520,
pay_8DA2HH6XL9972K,payment,WB-106371,6918000,INR,captured,card,TRUE,Payment for WB-106371 Rubber foot mat,,,,138360,24905,1774642380,
pay_9TMP857FSFTAUB,payment,WB-106600,879013,INR,captured,card,TRUE,Payment for WB-106600 Coir door mat,,,,17580,3164,1774623360,
pay_FKKVBVELFR98U4,payment,WB-106743,547900,INR,captured,emi,TRUE,Payment for WB-106743 Copper water bottle,,,,10958,1972,1774639560,
pay_KZA777HZ2X83WF,payment,WB-106750,5067442,INR,captured,emi,TRUE,Payment for WB-106750 Coir door mat,,,,101349,18243,1774608180,
pay_7HRTSBSWZFSZ9D,payment,WB-107158,5114362,INR,captured,wallet,TRUE,Payment for WB-107158 Trolley bag 24 inch,,,,102287,18412,1774637520,
pay_UQV6XHRJH1D9FF,payment,WB-107166,6968212,INR,captured,upi,TRUE,Payment for WB-107166 Trolley bag 24 inch,,,,139364,25086,1774632960,
pay_E1PEGFDLEMAFK7,payment,WB-107256,5770126,INR,captured,netbanking,TRUE,Payment for WB-107256 Copper water bottle,,,,115403,20773,1774643700,
pay_H01723MLZ9JPZA,payment,WB-107277,3901201,INR,captured,upi,TRUE,Payment for WB-107277 Mixer jar spare,,,,78024,14044,1774614720,
pay_QV4SRKCFL7AMQE,payment,WB-107462,993313,INR,captured,wallet,TRUE,Payment for WB-107462 Steel tiffin carrier,,,,19866,3576,1774621680,
pay_USCXFDCRAUH7RW,payment,WB-107577,6516800,INR,captured,wallet,TRUE,Payment for WB-107577 Mixer jar spare,,,,130336,23460,1774608720,
pay_Y2GHY81071JUH7,payment,WB-107935,5494390,INR,captured,wallet,TRUE,Payment for WB-107935 Mixer jar spare,,,,109888,19780,1774638300,
pay_5UA0KT1M2MRUV6,payment,WB-108164,5349300,INR,captured,wallet,TRUE,Payment for WB-108164 Steel tiffin carrier,,,,106986,19257,1774620240,
pay_4X5W6MB032L6TD,payment,WB-108190,7231300,INR,captured,wallet,TRUE,Payment for WB-108190 Mixer jar spare,,,,144626,26033,1774637580,
pay_LGY0YBD6HZEH6W,payment,WB-108349,520284,INR,captured,upi,TRUE,Payment for WB-108349 Copper water bottle,,,,10406,1873,1774616460,
pay_3ZZ0E5N74KDS4W,payment,WB-108574,5364300,INR,captured,wallet,TRUE,Payment for WB-108574 Trolley bag 24 inch,,,,107286,19311,1774613880,
pay_CJK7Z1ELHJ4T99,payment,WB-108761,1150000,INR,captured,card,TRUE,Payment for WB-108761 Coir door mat,,,,23000,4140,1774614060,
pay_CPTZ7TZ1FKC651,payment,WB-108833,4805524,INR,captured,card,TRUE,Payment for WB-108833 Copper water bottle,,,,96110,17300,1774644900,
pay_1HRXXCTPX6XVMF,payment,WB-109091,4893200,INR,captured,upi,TRUE,Payment for WB-109091 Steel tiffin carrier,,,,97864,17616,1774617600,
pay_XHDDYLZ4MQ209F,payment,WB-109674,8740023,INR,captured,card,TRUE,Payment for WB-109674 Coir door mat,,,,174800,31464,1774606140,
pay_3187PDGK9UL1Y9,payment,WB-109843,4624700,INR,captured,upi,TRUE,Payment for WB-109843 Rubber foot mat,,,,92494,16649,1774638360,
pay_K0J1LDXUFNYBDA,payment,WB-109961,6769800,INR,captured,wallet,TRUE,Payment for WB-109961 Trolley bag 24 inch,,,,135396,24371,1774617180,
pay_06F23Q3WBAX0JE,payment,WB-109974,3752400,INR,captured,emi,TRUE,Payment for WB-109974 Coir door mat,,,,75048,13509,1774608360,
pay_HM86F7G2A8J3AT,payment,WB-104202,2345900,INR,captured,emi,TRUE,Payment for WB-104202 Mixer jar spare,,,,46918,8445,1774690380,
pay_RGXPSQ9FC7K5M8,payment,WB-104923,6733900,INR,captured,emi,TRUE,Payment for WB-104923 Steel tiffin carrier,,,,134678,24242,1774725120,
pay_E964J8L6P880MV,payment,WB-104940,8686434,INR,captured,emi,TRUE,Payment for WB-104940 Trolley bag 24 inch,,,,173729,31271,1774700820,
pay_LQ4YXXAGBFJWCN,payment,WB-105015,5043081,INR,captured,card,TRUE,Payment for WB-105015 Steel tiffin carrier,,,,100862,18155,1774708140,
pay_GVCXGE45U99U6Q,payment,WB-105144,2641300,INR,captured,wallet,TRUE,Payment for WB-105144 Mixer jar spare,,,,52826,9509,1774696560,
pay_UYE5W82JXM99MH,payment,WB-105284,2425400,INR,captured,emi,TRUE,Payment for WB-105284 Trolley bag 24 inch,,,,48508,8731,1774718940,
pay_4DH8YS1K4NA49N,payment,WB-105304,769002,INR,captured,card,TRUE,Payment for WB-105304 Rubber foot mat,,,,15380,2768,1774713240,
pay_299SPA4XK8XCK5,payment,WB-105533,6763627,INR,captured,netbanking,TRUE,Payment for WB-105533 Steel tiffin carrier,,,,135273,24349,1774711140,
pay_XJW5R1MS6YNRUY,payment,WB-105878,3751351,INR,captured,wallet,TRUE,Payment for WB-105878 Coir door mat,,,,75027,13505,1774715100,
pay_986WXEQ31PF56A,payment,WB-105973,8570700,INR,captured,upi,TRUE,Payment for WB-105973 Copper water bottle,,,,171414,30855,1774706640,
pay_3TWA6CRUQB1H20,payment,WB-106200,6108218,INR,captured,upi,TRUE,Payment for WB-106200 Copper water bottle,,,,122164,21990,1774695720,
pay_A3FD0PPTVL9052,payment,WB-106418,6035675,INR,captured,netbanking,TRUE,Payment for WB-106418 Mixer jar spare,,,,120714,21729,1774688520,
pay_MSM87E2390ZE9U,payment,WB-106422,5078500,INR,captured,card,TRUE,Payment for WB-106422 Copper water bottle,,,,101570,18283,1774720380,
pay_C1T3C4BZESXYAF,payment,WB-106442,3650004,INR,captured,card,TRUE,Payment for WB-106442 Mixer jar spare,,,,73000,13140,1774729740,
pay_XTWFQ7BWP626LX,payment,WB-106504,1981400,INR,captured,emi,TRUE,Payment for WB-106504 Coir door mat,,,,39628,7133,1774714500,
pay_46R5KYA7VXY99Y,payment,WB-106586,265514,INR,captured,card,TRUE,Payment for WB-106586 Rubber foot mat,,,,5310,956,1774718640,
pay_LKPVUYCAXS1VYS,payment,WB-106634,6527339,INR,captured,wallet,TRUE,Payment for WB-106634 Mixer jar spare,,,,130547,23498,1774686180,
pay_9T4KCH185F63ZZ,payment,WB-107210,5663800,INR,captured,wallet,TRUE,Payment for WB-107210 Copper water bottle,,,,113276,20390,1774710960,
pay_QZGB5K937JAQMT,payment,WB-107387,394500,INR,captured,card,TRUE,Payment for WB-107387 Rubber foot mat,,,,7890,1420,1774694760,
pay_6LNGJ8P09HV632,payment,WB-107388,4351600,INR,captured,netbanking,TRUE,Payment for WB-107388 Coir door mat,,,,87032,15666,1774724280,
pay_S0E51GWFY3B9SH,payment,WB-107517,1660400,INR,captured,emi,TRUE,Payment for WB-107517 Rubber foot mat,,,,33208,5977,1774694580,
pay_WT1A2AQVE8ZS7C,payment,WB-107744,422928,INR,captured,emi,TRUE,Payment for WB-107744 Rubber foot mat,,,,8459,1523,1774710720,
pay_G8Q1L2862BX915,payment,WB-108094,9138600,INR,captured,netbanking,TRUE,Payment for WB-108094 Rubber foot mat,,,,182772,32899,1774692540,
pay_DH2NUR2QCXC5B5,payment,WB-108120,8963200,INR,captured,upi,TRUE,Payment for WB-108120 Copper water bottle,,,,179264,32268,1774718160,
pay_H1PZ6PPSBT126F,payment,WB-108145,3248023,INR,captured,card,TRUE,Payment for WB-108145 Steel tiffin carrier,,,,64960,11693,1774710420,
pay_E3DZ5YZ59LPQUE,payment,WB-108181,7856616,INR,captured,netbanking,TRUE,Payment for WB-108181 Steel tiffin carrier,,,,157132,28284,1774704900,
pay_B2WK7A21MNKXG7,payment,WB-108183,4884200,INR,captured,upi,TRUE,Payment for WB-108183 Trolley bag 24 inch,,,,97684,17583,1774709220,
pay_86E30EZ15CNF2M,payment,WB-108268,2114438,INR,captured,emi,TRUE,Payment for WB-108268 Mixer jar spare,,,,42289,7612,1774712940,
pay_H31G2LXXSXW6JM,payment,WB-108437,7563500,INR,captured,card,TRUE,Payment for WB-108437 Coir door mat,,,,151270,27229,1774705620,
pay_12XXVU3P7Y2QQH,payment,WB-108617,3060200,INR,captured,upi,TRUE,Payment for WB-108617 Steel tiffin carrier,,,,61204,11017,1774711200,
pay_M80VKK7UZN5KA6,payment,WB-108842,3465684,INR,captured,netbanking,TRUE,Payment for WB-108842 Trolley bag 24 inch,,,,69314,12477,1774703460,
pay_R4R2LJN3RT8N8B,payment,WB-108939,4491992,INR,captured,emi,TRUE,Payment for WB-108939 Coir door mat,,,,89840,16171,1774713420,
pay_BUF0ZLGZMB5M4Y,payment,WB-109180,2455633,INR,captured,netbanking,TRUE,Payment for WB-109180 Copper water bottle,,,,49113,8840,1774728840,
pay_XCQ0NBPN2Y6ETB,payment,WB-109466,4220811,INR,captured,wallet,TRUE,Payment for WB-109466 Trolley bag 24 inch,,,,84416,15195,1774711020,
pay_6MK7SE56NCMZR5,payment,WB-109608,3224299,INR,captured,upi,TRUE,Payment for WB-109608 Copper water bottle,,,,64486,11607,1774726980,
pay_DBBWTUAUDJWCUV,payment,WB-109780,7119172,INR,captured,netbanking,TRUE,Payment for WB-109780 Coir door mat,,,,142383,25629,1774714080,
pay_V9J6GCFUXU39JK,payment,WB-109926,8067400,INR,captured,emi,TRUE,Payment for WB-109926 Steel tiffin carrier,,,,161348,29043,1774720140,
pay_X3REXR6J8038PD,payment,WB-109972,2730600,INR,captured,netbanking,TRUE,Payment for WB-109972 Trolley bag 24 inch,,,,54612,9830,1774712760,
pay_NAZWXCWLC19U1W,payment,WB-104439,1443921,INR,captured,emi,TRUE,Payment for WB-104439 Trolley bag 24 inch,,,,28878,5198,1774782600,
pay_M0K1Z3R1JYFPZD,payment,WB-104658,4716081,INR,captured,card,TRUE,Payment for WB-104658 Trolley bag 24 inch,,,,94322,16978,1774772100,
pay_29U9KKY9P3VKX4,payment,WB-104661,8992641,INR,captured,netbanking,TRUE,Payment for WB-104661 Trolley bag 24 inch,,,,179853,32374,1774782060,
pay_VNN1KAAD35WWQF,payment,WB-104974,8062255,INR,captured,upi,TRUE,Payment for WB-104974 Rubber foot mat,,,,161245,29024,1774779180,
pay_UTBAK3WJ44ZY8K,payment,WB-105119,3741800,INR,captured,wallet,TRUE,Payment for WB-105119 Mixer jar spare,,,,74836,13470,1774800600,
pay_MLUGXKJG5E329H,payment,WB-105130,1453209,INR,captured,upi,TRUE,Payment for WB-105130 Coir door mat,,,,29064,5232,1774785900,
pay_FDEVDTXJ42VP5P,payment,WB-105364,8524240,INR,captured,upi,TRUE,Payment for WB-105364 Rubber foot mat,,,,170485,30687,1774816200,
pay_AP6T66W4WXP7QS,payment,WB-105466,4318100,INR,captured,netbanking,TRUE,Payment for WB-105466 Coir door mat,,,,86362,15545,1774800060,
pay_P123RVZG1WDL4T,payment,WB-105516,7716853,INR,captured,wallet,TRUE,Payment for WB-105516 Mixer jar spare,,,,154337,27781,1774797840,
pay_1TJ2BZ5EP3TXB9,payment,WB-105769,1920000,INR,captured,card,TRUE,Payment for WB-105769 Copper water bottle,,,,38400,6912,1774812720,
pay_C0DQQRRJQ0NWPD,payment,WB-105772,7494907,INR,captured,emi,TRUE,Payment for WB-105772 Steel tiffin carrier,,,,149898,26982,1774803060,
pay_C40XEESX5THJ2U,payment,WB-105792,4806000,INR,captured,card,TRUE,Payment for WB-105792 Mixer jar spare,,,,96120,17302,1774780320,
pay_VNTABMDKR9MNQT,payment,WB-105895,8522307,INR,captured,wallet,TRUE,Payment for WB-105895 Coir door mat,,,,170446,30680,1774803720,
pay_1FH4VEA8MF1QS8,payment,WB-105946,3633900,INR,captured,emi,TRUE,Payment for WB-105946 Coir door mat,,,,72678,13082,1774817400,
pay_UTRGZUA80EJTC8,payment,WB-106269,7610320,INR,captured,wallet,TRUE,Payment for WB-106269 Copper water bottle,,,,152206,27397,1774813740,
pay_MJTP6MGCDZTM1N,payment,WB-106675,6894809,INR,captured,wallet,TRUE,Payment for WB-106675 Steel tiffin carrier,,,,137896,24821,1774776540,
pay_R779GGDSHEDRQW,payment,WB-106717,4669900,INR,captured,emi,TRUE,Payment for WB-106717 Rubber foot mat,,,,93398,16812,1774796580,
pay_F8DVEJ9YY7YYME,payment,WB-106763,1363200,INR,captured,upi,TRUE,Payment for WB-106763 Mixer jar spare,,,,27264,4908,1774780860,
pay_0MF00GUPEG7ZBD,payment,WB-106989,6534900,INR,captured,emi,TRUE,Payment for WB-106989 Trolley bag 24 inch,,,,130698,23526,1774775040,
pay_C9T74U1T9XSW0A,payment,WB-107072,6802400,INR,captured,emi,TRUE,Payment for WB-107072 Copper water bottle,,,,136048,24489,1774800060,
pay_QER4GT33L1AWKE,payment,WB-107269,4971789,INR,captured,upi,TRUE,Payment for WB-107269 Coir door mat,,,,99436,17898,1774771500,
pay_5LSHQYBSJQDTK3,payment,WB-107370,1351700,INR,captured,upi,TRUE,Payment for WB-107370 Steel tiffin carrier,,,,27034,4866,1774814160,
pay_BPY4JB4VXK3H5B,payment,WB-107528,2022600,INR,captured,netbanking,TRUE,Payment for WB-107528 Copper water bottle,,,,40452,7281,1774785840,
pay_NLKLXGK4T47DYX,payment,WB-107548,2624360,INR,captured,wallet,TRUE,Payment for WB-107548 Mixer jar spare,,,,52487,9448,1774776780,
pay_N88TTFP2NRZ2QE,payment,WB-107703,5261250,INR,captured,upi,TRUE,Payment for WB-107703 Mixer jar spare,,,,105225,18940,1774815060,
pay_GVU2YSNJHFAKWM,payment,WB-108030,7196600,INR,captured,netbanking,TRUE,Payment for WB-108030 Trolley bag 24 inch,,,,143932,25908,1774794240,
pay_TJ8PZJCX4TS0PC,payment,WB-108072,2518213,INR,captured,upi,TRUE,Payment for WB-108072 Copper water bottle,,,,50364,9066,1774801680,
pay_S5CL54JUP0RSTF,payment,WB-108273,7836100,INR,captured,netbanking,TRUE,Payment for WB-108273 Rubber foot mat,,,,156722,28210,1774815360,
pay_PENHCP683WV8BZ,payment,WB-108425,2547500,INR,captured,card,TRUE,Payment for WB-108425 Coir door mat,,,,50950,9171,1774792860,
pay_CTP3E2NK55GNSJ,payment,WB-108557,419693,INR,captured,netbanking,TRUE,Payment for WB-108557 Trolley bag 24 inch,,,,8394,1511,1774771440,
pay_1LR3WX5A8KNL3G,payment,WB-108579,5640100,INR,captured,netbanking,TRUE,Payment for WB-108579 Rubber foot mat,,,,112802,20304,1774777980,
pay_CAREYFCQRC0NMD,payment,WB-108690,4736790,INR,captured,upi,TRUE,Payment for WB-108690 Steel tiffin carrier,,,,94736,17052,1774802880,
pay_L2MQ67ARKZY9FV,payment,WB-108909,5007400,INR,captured,emi,TRUE,Payment for WB-108909 Rubber foot mat,,,,100148,18027,1774788240,
pay_3SKY1XA6KAV29F,payment,WB-109134,30600,INR,captured,netbanking,TRUE,Payment for WB-109134 Copper water bottle,,,,612,110,1774782780,
pay_2A5ALQV52FNE4K,payment,WB-109308,4924100,INR,captured,netbanking,TRUE,Payment for WB-109308 Steel tiffin carrier,,,,98482,17727,1774817760,
pay_DDRQEHDD1CLD09,payment,WB-109515,5358004,INR,captured,card,TRUE,Payment for WB-109515 Coir door mat,,,,107160,19289,1774779240,
pay_ZZQH3VMDHPDKFK,payment,WB-109766,5810200,INR,captured,upi,TRUE,Payment for WB-109766 Mixer jar spare,,,,116204,20917,1774789080,
pay_A1MTADU9CHTWQW,payment,WB-109784,5998400,INR,captured,emi,TRUE,Payment for WB-109784 Trolley bag 24 inch,,,,119968,21594,1774793700,
pay_2L99NJHQ7KVQXV,payment,WB-109914,1138586,INR,captured,card,TRUE,Payment for WB-109914 Steel tiffin carrier,,,,22772,4099,1774816980,
pay_VE4TYX2GZB7765,payment,WB-104449,5752725,INR,captured,upi,TRUE,Payment for WB-104449 Coir door mat,,,,115054,20710,1774891020,
pay_YCH6YTYG3XFQQY,payment,WB-104856,3990366,INR,captured,wallet,TRUE,Payment for WB-104856 Steel tiffin carrier,,,,79807,14365,1774867860,
pay_DY7EGMXV1WUQUC,payment,WB-104937,2390000,INR,captured,card,TRUE,Payment for WB-104937 Copper water bottle,,,,47800,8604,1774890360,
pay_3DWMHW0B640JKN,payment,WB-104981,1028664,INR,captured,netbanking,TRUE,Payment for WB-104981 Steel tiffin carrier,,,,20573,3703,1774860480,
pay_VZRSNY4WJKGQC7,payment,WB-105057,406700,INR,captured,upi,TRUE,Payment for WB-105057 Mixer jar spare,,,,8134,1464,1774869840,
pay_PS07ZAWRD3UEYE,payment,WB-105110,1697878,INR,captured,wallet,TRUE,Payment for WB-105110 Rubber foot mat,,,,33958,6112,1774860360,
pay_JVE0Y5NPHNM1Y0,payment,WB-105281,5484760,INR,captured,upi,TRUE,Payment for WB-105281 Copper water bottle,,,,109695,19745,1774863840,
pay_5SF121EED05XXV,payment,WB-105493,4977089,INR,captured,card,TRUE,Payment for WB-105493 Coir door mat,,,,99542,17918,1774871580,
pay_18X9EJ93VHN4BQ,payment,WB-105510,7295400,INR,captured,emi,TRUE,Payment for WB-105510 Copper water bottle,,,,145908,26263,1774868640,
pay_4E1M5JHMPVMYBV,payment,WB-105635,5214267,INR,captured,upi,TRUE,Payment for WB-105635 Coir door mat,,,,104285,18771,1774889820,
pay_DUJH2C6H95NDZL,payment,WB-105672,139000,INR,captured,card,TRUE,Payment for WB-105672 Trolley bag 24 inch,,,,2780,500,1774879920,
pay_TCA1SVH8ZAU9B7,payment,WB-106066,2578907,INR,captured,emi,TRUE,Payment for WB-106066 Copper water bottle,,,,51578,9284,1774887420,
pay_5A471DR33J56CT,payment,WB-106203,8088431,INR,captured,emi,TRUE,Payment for WB-106203 Mixer jar spare,,,,161769,29118,1774900020,
pay_RWFECL2G3CQ0LS,payment,WB-106254,4653300,INR,captured,wallet,TRUE,Payment for WB-106254 Steel tiffin carrier,,,,93066,16752,1774867560,
pay_1JZ7RU391V5AFQ,payment,WB-106362,7453719,INR,captured,upi,TRUE,Payment for WB-106362 Steel tiffin carrier,,,,149074,26833,1774857780,
pay_JG6E81SDMYKN9T,payment,WB-106366,6691700,INR,captured,upi,TRUE,Payment for WB-106366 Trolley bag 24 inch,,,,133834,24090,1774865160,
pay_3D7JE2ME6X7703,payment,WB-106529,8300167,INR,captured,netbanking,TRUE,Payment for WB-106529 Copper water bottle,,,,166003,29881,1774887240,
pay_GZ587UL4Q4WN5P,payment,WB-106857,3697100,INR,captured,netbanking,TRUE,Payment for WB-106857 Copper water bottle,,,,73942,13310,1774882320,
pay_GRK6LZWHB4M2S5,payment,WB-106864,2373500,INR,captured,card,TRUE,Payment for WB-106864 Coir door mat,,,,47470,8545,1774878960,
pay_SCSGQH1QY4Y27S,payment,WB-106879,1644500,INR,captured,card,TRUE,Payment for WB-106879 Mixer jar spare,,,,32890,5920,1774876800,
pay_L0MMGX8JWC4E2D,payment,WB-106933,8001300,INR,captured,wallet,TRUE,Payment for WB-106933 Copper water bottle,,,,160026,28805,1774872240,
pay_DE02TSW6Z5KKQ3,payment,WB-107312,5010300,INR,captured,wallet,TRUE,Payment for WB-107312 Rubber foot mat,,,,100206,18037,1774870020,
pay_TD1FW9SCBNKXGW,payment,WB-107814,2706855,INR,captured,wallet,TRUE,Payment for WB-107814 Steel tiffin carrier,,,,54137,9745,1774887540,
pay_NQQJ1ABRALVG7F,payment,WB-107857,4229917,INR,captured,emi,TRUE,Payment for WB-107857 Steel tiffin carrier,,,,84598,15228,1774886280,
pay_W4EVUBM8ZHVTCS,payment,WB-108086,3717800,INR,captured,wallet,TRUE,Payment for WB-108086 Mixer jar spare,,,,74356,13384,1774902240,
pay_7RV1B88K8AC9T9,payment,WB-108144,783400,INR,captured,emi,TRUE,Payment for WB-108144 Trolley bag 24 inch,,,,15668,2820,1774894860,
pay_LBMXYHS1AFZQGL,payment,WB-108207,1413443,INR,captured,emi,TRUE,Payment for WB-108207 Rubber foot mat,,,,28269,5088,1774872360,
pay_R0QXRV57KVYZ53,payment,WB-108240,8108500,INR,captured,card,TRUE,Payment for WB-108240 Coir door mat,,,,162170,29191,1774877400,
pay_2149GQNYNMHXQM,payment,WB-108258,2800200,INR,captured,upi,TRUE,Payment for WB-108258 Rubber foot mat,,,,56004,10081,1774875600,
pay_GV31JE8BQ0CDYV,payment,WB-108348,6291000,INR,captured,card,TRUE,Payment for WB-108348 Rubber foot mat,,,,125820,22648,1774898580,
pay_BESGPDZV2LRLNA,payment,WB-108431,6389758,INR,captured,upi,TRUE,Payment for WB-108431 Rubber foot mat,,,,127795,23003,1774864740,
pay_E92D82Y928TQ8P,payment,WB-108506,3144300,INR,captured,wallet,TRUE,Payment for WB-108506 Rubber foot mat,,,,62886,11319,1774890540,
pay_SS4UZQXRAL5HKE,payment,WB-108541,3438300,INR,captured,wallet,TRUE,Payment for WB-108541 Trolley bag 24 inch,,,,68766,12378,1774879440,
pay_ED3N07P7D6KMTY,payment,WB-109181,3161821,INR,captured,wallet,TRUE,Payment for WB-109181 Coir door mat,,,,63236,11382,1774870620,
pay_BND38BKCXKSPKG,payment,WB-109399,2227705,INR,captured,upi,TRUE,Payment for WB-109399 Mixer jar spare,,,,44554,8020,1774868460,
pay_EZ98LTN7UUBP1U,payment,WB-109458,3228900,INR,captured,emi,TRUE,Payment for WB-109458 Trolley bag 24 inch,,,,64578,11624,1774877760,
pay_AC7XQCQ0PW77HW,payment,WB-109585,8235713,INR,captured,upi,TRUE,Payment for WB-109585 Steel tiffin carrier,,,,164714,29649,1774874160,
pay_3CGSH29L6GAUDK,payment,WB-109719,4527100,INR,captured,netbanking,TRUE,Payment for WB-109719 Trolley bag 24 inch,,,,90542,16298,1774875480,
pay_N3MVC89JV5F6R4,payment,WB-109838,509504,INR,captured,card,TRUE,Payment for WB-109838 Mixer jar spare,,,,10190,1834,1774901520,
pay_60JR5T6H4CPG92,payment,WB-104034,3825723,INR,captured,upi,TRUE,Payment for WB-104034 Steel tiffin carrier,,,,76514,13773,1774986360,
pay_K4YP53NQU193S0,payment,WB-104036,5925200,INR,captured,upi,TRUE,Payment for WB-104036 Copper water bottle,,,,118504,21331,1774949040,
pay_YB55LYFD8PUFS2,payment,WB-104640,8992700,INR,captured,upi,TRUE,Payment for WB-104640 Rubber foot mat,,,,179854,32374,1774983960,
pay_1VGEQ4CMZ8Z3BC,payment,WB-104759,3807600,INR,captured,netbanking,TRUE,Payment for WB-104759 Trolley bag 24 inch,,,,76152,13707,1774978320,
pay_3UKML366T2UJ8P,payment,WB-105282,6490700,INR,captured,upi,TRUE,Payment for WB-105282 Copper water bottle,,,,129814,23367,1774959840,
pay_ZSL07JU2QLFBAV,payment,WB-105388,5333602,INR,captured,netbanking,TRUE,Payment for WB-105388 Coir door mat,,,,106672,19201,1774947420,
pay_AB5QZ80BNPXXAB,payment,WB-105688,3510441,INR,captured,emi,TRUE,Payment for WB-105688 Trolley bag 24 inch,,,,70209,12638,1774956780,
pay_572QA50C9FSBN8,payment,WB-106025,5875843,INR,captured,wallet,TRUE,Payment for WB-106025 Steel tiffin carrier,,,,117517,21153,1774976820,
pay_GS3G8U2SNJ3TJ7,payment,WB-106089,4903300,INR,captured,wallet,TRUE,Payment for WB-106089 Mixer jar spare,,,,98066,17652,1774962960,
pay_Q7E11WWG6VAG1C,payment,WB-106139,3174285,INR,captured,upi,TRUE,Payment for WB-106139 Trolley bag 24 inch,,,,63486,11427,1774956900,
pay_ZVNNDFWN3LWJQA,payment,WB-106238,3328200,INR,captured,upi,TRUE,Payment for WB-106238 Trolley bag 24 inch,,,,66564,11982,1774976100,
pay_9GSDMV1F2YE5Y4,payment,WB-106519,4015400,INR,captured,emi,TRUE,Payment for WB-106519 Trolley bag 24 inch,,,,80308,14455,1774958160,
pay_ZGPF8KXDJ0FDMD,payment,WB-106532,5508100,INR,captured,netbanking,TRUE,Payment for WB-106532 Trolley bag 24 inch,,,,110162,19829,1774971600,
pay_NLU5E86EQFCRFR,payment,WB-106550,934000,INR,captured,card,TRUE,Payment for WB-106550 Coir door mat,,,,18680,3362,1774977960,
pay_TZLED9LL235NLU,payment,WB-106638,1295962,INR,captured,emi,TRUE,Payment for WB-106638 Coir door mat,,,,25919,4665,1774960140,
pay_0US6WGQZQL9UG5,payment,WB-106659,9150664,INR,captured,netbanking,TRUE,Payment for WB-106659 Rubber foot mat,,,,183013,32942,1774978620,
pay_NK90JUSD5SEYTV,payment,WB-106832,2838700,INR,captured,upi,TRUE,Payment for WB-106832 Trolley bag 24 inch,,,,56774,10219,1774966860,
pay_NTVXR9EGH59RZH,payment,WB-106938,5062156,INR,captured,netbanking,TRUE,Payment for WB-106938 Mixer jar spare,,,,101243,18224,1774950960,
pay_RGAS696BZH4X8U,payment,WB-106995,3159517,INR,captured,card,TRUE,Payment for WB-106995 Mixer jar spare,,,,63190,11374,1774989540,
pay_CUETM37KT4SF15,payment,WB-107032,4439000,INR,captured,card,TRUE,Payment for WB-107032 Copper water bottle,,,,88780,15980,1774951260,
pay_HYRL1LRZWCJ4GM,payment,WB-107170,6578000,INR,captured,card,TRUE,Payment for WB-107170 Mixer jar spare,,,,131560,23681,1774977600,
pay_889AF1CFDA10GG,payment,WB-107242,3263470,INR,captured,emi,TRUE,Payment for WB-107242 Coir door mat,,,,65269,11748,1774961760,
pay_6NV0H80QT2PZXV,payment,WB-107275,3751600,INR,captured,netbanking,TRUE,Payment for WB-107275 Coir door mat,,,,75032,13506,1774961040,
pay_KZ3C07VDV7BWG6,payment,WB-107777,3394184,INR,captured,netbanking,TRUE,Payment for WB-107777 Mixer jar spare,,,,67884,12219,1774978260,
pay_2H2X7W5R8B7XZZ,payment,WB-107925,2659900,INR,captured,emi,TRUE,Payment for WB-107925 Steel tiffin carrier,,,,53198,9576,1774973220,
pay_NYC9F5YFYAKUQ3,payment,WB-108265,4576600,INR,captured,netbanking,TRUE,Payment for WB-108265 Copper water bottle,,,,91532,16476,1774959960,
pay_TK3CQ83UNRX49X,payment,WB-108442,3328325,INR,captured,wallet,TRUE,Payment for WB-108442 Coir door mat,,,,66566,11982,1774944300,
pay_K9025B4XCHWJW7,payment,WB-108493,2786123,INR,captured,netbanking,TRUE,Payment for WB-108493 Steel tiffin carrier,,,,55722,10030,1774979820,
pay_MYRW1HA6HA33WY,payment,WB-108620,4055293,INR,captured,upi,TRUE,Payment for WB-108620 Steel tiffin carrier,,,,81106,14599,1774973100,
pay_8S33H0EUVU1XSQ,payment,WB-108641,4188519,INR,captured,card,TRUE,Payment for WB-108641 Rubber foot mat,,,,83770,15079,1774975980,
pay_FV7RV4XV5UZANG,payment,WB-108691,184962,INR,captured,emi,TRUE,Payment for WB-108691 Copper water bottle,,,,3699,666,1774969620,
pay_HVLQDYR8RR556W,payment,WB-108769,6530700,INR,captured,upi,TRUE,Payment for WB-108769 Copper water bottle,,,,130614,23511,1774989660,
pay_TZFE86PHYXATPV,payment,WB-108889,4146137,INR,captured,netbanking,TRUE,Payment for WB-108889 Rubber foot mat,,,,82923,14926,1774989180,
pay_TSSGN1J88KKS9F,payment,WB-109127,2174409,INR,captured,emi,TRUE,Payment for WB-109127 Steel tiffin carrier,,,,43488,7828,1774971720,
pay_5SBPK95EAD4GTM,payment,WB-109363,7850828,INR,captured,wallet,TRUE,Payment for WB-109363 Rubber foot mat,,,,157017,28263,1774980540,
pay_FW7UYFKZFZAB5A,payment,WB-109457,7801331,INR,captured,wallet,TRUE,Payment for WB-109457 Rubber foot mat,,,,156027,28085,1774986120,
pay_S6YWP7A9HVQWYC,payment,WB-109501,2757748,INR,captured,upi,TRUE,Payment for WB-109501 Coir door mat,,,,55155,9928,1774989240,
pay_616VUSQSCBQY7E,payment,WB-109590,4265063,INR,captured,card,TRUE,Payment for WB-109590 Mixer jar spare,,,,85301,15354,1774980060,
pay_22SZW1109WSL8G,payment,WB-109742,3817738,INR,captured,upi,TRUE,Payment for WB-109742 Mixer jar spare,,,,76355,13744,1774953120,
pay_5SC9QEK8RB6YGW,payment,WB-104090,6007700,INR,captured,upi,TRUE,Payment for WB-104090 Coir door mat,,,,120154,21628,1775059800,
pay_CCK66ZUJFXXEZL,payment,WB-104120,7869100,INR,captured,netbanking,TRUE,Payment for WB-104120 Rubber foot mat,,,,157382,28329,1775061300,
pay_PMG7YTT5WC873G,payment,WB-104281,2594848,INR,captured,wallet,TRUE,Payment for WB-104281 Steel tiffin carrier,,,,51897,9341,1775068980,
pay_0Q0TVX7HLQVYVT,payment,WB-104321,3382091,INR,captured,card,TRUE,Payment for WB-104321 Rubber foot mat,,,,67642,12176,1775066400,
pay_S11F5T3H5X2DG1,payment,WB-105135,239449,INR,captured,emi,TRUE,Payment for WB-105135 Copper water bottle,,,,4789,862,1775048340,
pay_215F8BZR6DXZMW,payment,WB-105260,3241100,INR,captured,netbanking,TRUE,Payment for WB-105260 Mixer jar spare,,,,64822,11668,1775052900,
pay_MZ2UMX1XQED5HT,payment,WB-105361,1107204,INR,captured,upi,TRUE,Payment for WB-105361 Coir door mat,,,,22144,3986,1775035740,
pay_2KL32J0HJVF51R,payment,WB-105362,3501893,INR,captured,wallet,TRUE,Payment for WB-105362 Rubber foot mat,,,,70038,12607,1775046960,
pay_5UYRCLLQ991E93,payment,WB-105512,2090606,INR,captured,netbanking,TRUE,Payment for WB-105512 Steel tiffin carrier,,,,41812,7526,1775063700,
pay_39NCE6SMZMULPH,payment,WB-105645,1820600,INR,captured,netbanking,TRUE,Payment for WB-105645 Coir door mat,,,,36412,6554,1775055960,
pay_BCC0WW7BX29880,payment,WB-105649,4288600,INR,captured,netbanking,TRUE,Payment for WB-105649 Rubber foot mat,,,,85772,15439,1775052720,
pay_W0T14TCCDRMV7X,payment,WB-105779,2152100,INR,captured,netbanking,TRUE,Payment for WB-105779 Steel tiffin carrier,,,,43042,7748,1775048760,
pay_RQ928VZ0KGCN2K,payment,WB-106080,5935987,INR,captured,emi,TRUE,Payment for WB-106080 Copper water bottle,,,,118720,21370,1775060040,
pay_4KQRRC97TG0MLC,payment,WB-106178,1336136,INR,captured,netbanking,TRUE,Payment for WB-106178 Rubber foot mat,,,,26723,4810,1775069940,
pay_SD7GNXEM4SLFXU,payment,WB-106485,3732841,INR,captured,wallet,TRUE,Payment for WB-106485 Steel tiffin carrier,,,,74657,13438,1775043660,
pay_8JWDAYTPXXBTF6,payment,WB-106574,4060950,INR,captured,emi,TRUE,Payment for WB-106574 Trolley bag 24 inch,,,,81219,14619,1775067600,
pay_EDTK1AWCNAJL4T,payment,WB-106613,794500,INR,captured,card,TRUE,Payment for WB-106613 Copper water bottle,,,,15890,2860,1775068500,
pay_FFM3GMER49A0PZ,payment,WB-106868,1902713,INR,captured,upi,TRUE,Payment for WB-106868 Copper water bottle,,,,38054,6850,1775074920,
pay_HHS8CJSNX0Q228,payment,WB-106935,5409965,INR,captured,emi,TRUE,Payment for WB-106935 Copper water bottle,,,,108199,19476,1775040660,
pay_V1FBNMKZNVW6UG,payment,WB-107250,7142081,INR,captured,card,TRUE,Payment for WB-107250 Trolley bag 24 inch,,,,142842,25712,1775050200,
pay_9J5QCEAZFH886B,payment,WB-107456,8490578,INR,captured,card,TRUE,Payment for WB-107456 Trolley bag 24 inch,,,,169812,30566,1775031660,
pay_JA6373UCRTVTXL,payment,WB-107490,722882,INR,captured,wallet,TRUE,Payment for WB-107490 Trolley bag 24 inch,,,,14458,2602,1775065560,
pay_LZ61RW930AYADQ,payment,WB-107499,8490314,INR,captured,wallet,TRUE,Payment for WB-107499 Rubber foot mat,,,,169806,30565,1775037660,
pay_AY2PZRS3EX8G1E,payment,WB-107898,5043700,INR,captured,upi,TRUE,Payment for WB-107898 Steel tiffin carrier,,,,100874,18157,1775042160,
pay_9XN1RQW9WH2P60,payment,WB-108012,1850415,INR,captured,emi,TRUE,Payment for WB-108012 Steel tiffin carrier,,,,37008,6661,1775042340,
pay_6FZ6NAUFL2CWJ6,payment,WB-108063,4988200,INR,captured,upi,TRUE,Payment for WB-108063 Rubber foot mat,,,,99764,17958,1775048820,
pay_P5KBQ05YS9YCHR,payment,WB-108077,6990100,INR,captured,netbanking,TRUE,Payment for WB-108077 Copper water bottle,,,,139802,25164,1775043600,
pay_E83AKU218JFUGJ,payment,WB-108338,8397158,INR,captured,netbanking,TRUE,Payment for WB-108338 Steel tiffin carrier,,,,167943,30230,1775054100,
pay_3S85ALS9SMV0DW,payment,WB-108401,944855,INR,captured,wallet,TRUE,Payment for WB-108401 Coir door mat,,,,18897,3401,1775031660,
pay_JZP1567S565LX9,payment,WB-108470,7451300,INR,captured,wallet,TRUE,Payment for WB-108470 Trolley bag 24 inch,,,,149026,26825,1775051760,
pay_8ZPKLLHM8NDPVT,payment,WB-108632,8777200,INR,captured,upi,TRUE,Payment for WB-108632 Coir door mat,,,,175544,31598,1775065740,
pay_EBLGM2NQ3F3ARJ,payment,WB-108934,3972100,INR,captured,netbanking,TRUE,Payment for WB-108934 Mixer jar spare,,,,79442,14300,1775049960,
pay_SASZVZJYYZ1XSH,payment,WB-108986,3923068,INR,captured,card,TRUE,Payment for WB-108986 Coir door mat,,,,78461,14123,1775061240,
pay_72L7YDM9MZCAGX,payment,WB-109017,6640000,INR,captured,card,TRUE,Payment for WB-109017 Mixer jar spare,,,,132800,23904,1775033340,
pay_X58KCX16K1C56S,payment,WB-109042,6745175,INR,captured,netbanking,TRUE,Payment for WB-109042 Copper water bottle,,,,134904,24283,1775068740,
pay_FC6X8V2MD4N1TL,payment,WB-109117,6577800,INR,captured,wallet,TRUE,Payment for WB-109117 Mixer jar spare,,,,131556,23680,1775052240,
pay_LXHFZN6PP44U23,payment,WB-109516,3249600,INR,captured,netbanking,TRUE,Payment for WB-109516 Mixer jar spare,,,,64992,11699,1775070540,
pay_6YC43TJSYN9R7C,payment,WB-109700,456300,INR,captured,wallet,TRUE,Payment for WB-109700 Mixer jar spare,,,,9126,1643,1775041200,
pay_3Y67GY57A51TUA,payment,WB-109828,7741224,INR,captured,upi,TRUE,Payment for WB-109828 Trolley bag 24 inch,,,,154824,27868,1775050680,
pay_P2M9MHNNXFHWH5,payment,WB-104019,834526,INR,captured,card,TRUE,Payment for WB-104019 Mixer jar spare,,,,16691,3004,1775148840,
pay_BUL8SKXQ0S82LE,payment,WB-104032,4575957,INR,captured,emi,TRUE,Payment for WB-104032 Copper water bottle,,,,91519,16473,1775129760,
pay_G48PLQ8WQMSD8W,payment,WB-104065,6791700,INR,captured,upi,TRUE,Payment for WB-104065 Steel tiffin carrier,,,,135834,24450,1775117880,
pay_V9M92M0V19FX70,payment,WB-104204,7299600,INR,captured,netbanking,TRUE,Payment for WB-104204 Rubber foot mat,,,,145992,26279,1775136420,
pay_G1Z9F7KAC83FUM,payment,WB-104310,6182400,INR,captured,emi,TRUE,Payment for WB-104310 Trolley bag 24 inch,,,,123648,22257,1775138940,
pay_A7XJWS2DPVYUM8,payment,WB-104353,2958100,INR,captured,netbanking,TRUE,Payment for WB-104353 Trolley bag 24 inch,,,,59162,10649,1775143560,
pay_L3611U0FA96WWM,payment,WB-104470,7254000,INR,captured,card,TRUE,Payment for WB-104470 Copper water bottle,,,,145080,26114,1775127600,
pay_XQDH0JHLJZ2MVE,payment,WB-104471,331327,INR,captured,wallet,TRUE,Payment for WB-104471 Mixer jar spare,,,,6627,1193,1775162760,
pay_180M7AZEWGVMCY,payment,WB-104700,8106700,INR,captured,upi,TRUE,Payment for WB-104700 Trolley bag 24 inch,,,,162134,29184,1775146320,
pay_4NVDFBVL8D9S5A,payment,WB-104770,4251700,INR,captured,upi,TRUE,Payment for WB-104770 Coir door mat,,,,85034,15306,1775163180,
pay_XDPLEWBY2RU45F,payment,WB-104893,3503769,INR,captured,upi,TRUE,Payment for WB-104893 Coir door mat,,,,70075,12614,1775160000,
pay_TL4XHAMX36FZUB,payment,WB-105551,9085900,INR,captured,emi,TRUE,Payment for WB-105551 Mixer jar spare,,,,181718,32709,1775118900,
pay_L1G1U04TLMRC3M,payment,WB-105876,4096545,INR,captured,card,TRUE,Payment for WB-105876 Rubber foot mat,,,,81931,14748,1775163480,
pay_1GR9D4SK3DQEKC,payment,WB-105950,2681533,INR,captured,card,TRUE,Payment for WB-105950 Steel tiffin carrier,,,,53631,9654,1775137860,
pay_72KM7WGMJNPZA6,payment,WB-106064,7146400,INR,captured,emi,TRUE,Payment for WB-106064 Steel tiffin carrier,,,,142928,25727,1775156580,
pay_XH4YV31RUTBFUV,payment,WB-106181,7603625,INR,captured,netbanking,TRUE,Payment for WB-106181 Copper water bottle,,,,152072,27373,1775132040,
pay_QYJAW05UVXHZ0P,payment,WB-106272,6036731,INR,captured,upi,TRUE,Payment for WB-106272 Mixer jar spare,,,,120735,21732,1775150580,
pay_5PGC5N807ZLRHM,payment,WB-106447,4697236,INR,captured,upi,TRUE,Payment for WB-106447 Steel tiffin carrier,,,,93945,16910,1775160300,
pay_CQ5PYJJFEYUWES,payment,WB-106496,3832200,INR,captured,upi,TRUE,Payment for WB-106496 Coir door mat,,,,76644,13796,1775120640,
pay_GMXUQAU5T3Y5P6,payment,WB-106578,8709700,INR,captured,upi,TRUE,Payment for WB-106578 Coir door mat,,,,174194,31355,1775160960,
pay_0PS38LTUL5PKWZ,payment,WB-106732,4705500,INR,captured,card,TRUE,Payment for WB-106732 Rubber foot mat,,,,94110,16940,1775155260,
pay_SRNC3TMTEQSDBX,payment,WB-106885,3328500,INR,captured,card,TRUE,Payment for WB-106885 Rubber foot mat,,,,66570,11983,1775161080,
pay_5Q1SJS7D2B615F,payment,WB-106996,6924100,INR,captured,netbanking,TRUE,Payment for WB-106996 Trolley bag 24 inch,,,,138482,24927,1775116980,
pay_MXAN3BPY52JVW4,payment,WB-107016,6036600,INR,captured,netbanking,TRUE,Payment for WB-107016 Steel tiffin carrier,,,,120732,21732,1775128380,
pay_99R6LAYLZZG5PX,payment,WB-107339,7313100,INR,captured,netbanking,TRUE,Payment for WB-107339 Coir door mat,,,,146262,26327,1775151960,
pay_NFXP5XRJ1DEPQ0,payment,WB-107416,6886239,INR,captured,upi,TRUE,Payment for WB-107416 Copper water bottle,,,,137725,24790,1775161800,
pay_33PCC35MKJ5JJN,payment,WB-107685,3236900,INR,captured,emi,TRUE,Payment for WB-107685 Trolley bag 24 inch,,,,64738,11653,1775134320,
pay_PPNJ7AYZ759EXG,payment,WB-107838,4353400,INR,captured,emi,TRUE,Payment for WB-107838 Mixer jar spare,,,,87068,15672,1775142960,
pay_WBLZAVW3RQ57LL,payment,WB-107933,5124819,INR,captured,wallet,TRUE,Payment for WB-107933 Copper water bottle,,,,102496,18449,1775150160,
pay_U2G1D3UPV4PAKL,payment,WB-108203,3681159,INR,captured,netbanking,TRUE,Payment for WB-108203 Trolley bag 24 inch,,,,73623,13252,1775129160,
pay_W5USCANEDTRQPR,payment,WB-108459,8777972,INR,captured,emi,TRUE,Payment for WB-108459 Coir door mat,,,,175559,31601,1775130480,
pay_WU0YPSQTB6CCK3,payment,WB-108469,9006376,INR,captured,wallet,TRUE,Payment for WB-108469 Coir door mat,,,,180128,32423,1775126280,
pay_B7JXRD3QZ8GFZ1,payment,WB-108551,4351144,INR,captured,netbanking,TRUE,Payment for WB-108551 Mixer jar spare,,,,87023,15664,1775154180,
pay_NRCLZRED4R40XB,payment,WB-108881,5322000,INR,captured,card,TRUE,Payment for WB-108881 Steel tiffin carrier,,,,106440,19159,1775138640,
pay_D1YRNXCLK23GYP,payment,WB-108894,1260837,INR,captured,wallet,TRUE,Payment for WB-108894 Trolley bag 24 inch,,,,25217,4539,1775132820,
pay_RC3ZA8NGBM2Q42,payment,WB-108911,890800,INR,captured,wallet,TRUE,Payment for WB-108911 Copper water bottle,,,,17816,3207,1775116980,
pay_CJCB79B9A03T99,payment,WB-109622,5576500,INR,captured,card,TRUE,Payment for WB-109622 Rubber foot mat,,,,111530,20075,1775125260,
pay_GX4U80LLV8WPMR,payment,WB-109689,3500300,INR,captured,wallet,TRUE,Payment for WB-109689 Mixer jar spare,,,,70006,12601,1775154780,
pay_11ZEJ8SMBWYU7B,payment,WB-109748,5948700,INR,captured,upi,TRUE,Payment for WB-109748 Rubber foot mat,,,,118974,21415,1775133120,
pay_2U5DR6WHDH81LL,payment,WB-104016,1282800,INR,captured,wallet,TRUE,Payment for WB-104016 Steel tiffin carrier,,,,25656,4618,1775237760,
pay_N55UDG6RJKGC0Z,payment,WB-104189,3097237,INR,captured,upi,TRUE,Payment for WB-104189 Copper water bottle,,,,61945,11150,1775231340,
pay_ABXWDUZHA6YMNH,payment,WB-104306,273100,INR,captured,netbanking,TRUE,Payment for WB-104306 Copper water bottle,,,,5462,983,1775207220,
pay_581X6R6F4MVJ2U,payment,WB-104432,5441200,INR,captured,upi,TRUE,Payment for WB-104432 Copper water bottle,,,,108824,19588,1775224380,
pay_Q5EDMKSVL3Q3BM,payment,WB-104444,7317347,INR,captured,wallet,TRUE,Payment for WB-104444 Trolley bag 24 inch,,,,146347,26342,1775221920,
pay_LRJURZL30A4B6V,payment,WB-104510,5786100,INR,captured,netbanking,TRUE,Payment for WB-104510 Coir door mat,,,,115722,20830,1775225040,
pay_EKDUN1T259UDHM,payment,WB-104561,6309400,INR,captured,emi,TRUE,Payment for WB-104561 Rubber foot mat,,,,126188,22714,1775206680,
pay_F6X8ULVH33YS0Y,payment,WB-104696,5181800,INR,captured,wallet,TRUE,Payment for WB-104696 Trolley bag 24 inch,,,,103636,18654,1775244000,
pay_VKE1JH2T449S9S,payment,WB-104847,8766100,INR,captured,netbanking,TRUE,Payment for WB-104847 Copper water bottle,,,,175322,31558,1775241300,
pay_XGQAFWVR5G2EL0,payment,WB-104849,4835466,INR,captured,emi,TRUE,Payment for WB-104849 Steel tiffin carrier,,,,96709,17408,1775247480,
pay_HQVB42DBHEMX2A,payment,WB-105142,486800,INR,captured,wallet,TRUE,Payment for WB-105142 Coir door mat,,,,9736,1752,1775221560,
pay_UH7NCG7MQJE7PB,payment,WB-105610,3642700,INR,captured,upi,TRUE,Payment for WB-105610 Coir door mat,,,,72854,13114,1775232420,
pay_LSCPC1TYSS8NJ4,payment,WB-105671,3694800,INR,captured,wallet,TRUE,Payment for WB-105671 Steel tiffin carrier,,,,73896,13301,1775213700,
pay_RAGCWEDGBPFR6R,payment,WB-105859,3059600,INR,captured,netbanking,TRUE,Payment for WB-105859 Coir door mat,,,,61192,11015,1775248380,
pay_5GL1E2Z259RDTZ,payment,WB-106690,5395800,INR,captured,wallet,TRUE,Payment for WB-106690 Mixer jar spare,,,,107916,19425,1775227260,
pay_79PF0L7WWSCQ3B,payment,WB-107008,5244599,INR,captured,card,TRUE,Payment for WB-107008 Rubber foot mat,,,,104892,18881,1775249400,
pay_YV0EK13U8Y1BJ1,payment,WB-107199,8204000,INR,captured,card,TRUE,Payment for WB-107199 Mixer jar spare,,,,164080,29534,1775246160,
pay_EZWVJ7G05VEE2E,payment,WB-107219,3802754,INR,captured,upi,TRUE,Payment for WB-107219 Rubber foot mat,,,,76055,13690,1775225940,
pay_3CNDQSM1H0PEVD,payment,WB-107359,1280000,INR,captured,card,TRUE,Payment for WB-107359 Coir door mat,,,,25600,4608,1775246460,
pay_GY34KF66WAQU84,payment,WB-107457,585300,INR,captured,wallet,TRUE,Payment for WB-107457 Coir door mat,,,,11706,2107,1775244180,
pay_5JPV48FNELJS14,payment,WB-107638,5459504,INR,captured,card,TRUE,Payment for WB-107638 Trolley bag 24 inch,,,,109190,19654,1775229660,
pay_NJ4JAFB2D3XTZ1,payment,WB-107714,1265000,INR,captured,card,TRUE,Payment for WB-107714 Copper water bottle,,,,25300,4554,1775209620,
pay_QGBSRSJKD76DG7,payment,WB-107805,522900,INR,captured,emi,TRUE,Payment for WB-107805 Rubber foot mat,,,,10458,1882,1775211780,
pay_B9NLCSZSARJJX2,payment,WB-108092,8318359,INR,captured,wallet,TRUE,Payment for WB-108092 Mixer jar spare,,,,166367,29946,1775230380,
pay_A855UD64X42K35,payment,WB-108231,1377300,INR,captured,wallet,TRUE,Payment for WB-108231 Trolley bag 24 inch,,,,27546,4958,1775213160,
pay_V24HD3MCDZZ83Z,payment,WB-108248,8547751,INR,captured,upi,TRUE,Payment for WB-108248 Steel tiffin carrier,,,,170955,30772,1775219940,
pay_A15YATLS738R06,payment,WB-108262,5713400,INR,captured,emi,TRUE,Payment for WB-108262 Copper water bottle,,,,114268,20568,1775235120,
pay_93K692PM73D60B,payment,WB-108266,3673700,INR,captured,upi,TRUE,Payment for WB-108266 Trolley bag 24 inch,,,,73474,13225,1775220720,
pay_UTGFT851G2PH34,payment,WB-108463,4253300,INR,captured,wallet,TRUE,Payment for WB-108463 Steel tiffin carrier,,,,85066,15312,1775231760,
pay_HJQUQGLK6GS79C,payment,WB-108478,174255,INR,captured,upi,TRUE,Payment for WB-108478 Rubber foot mat,,,,3485,627,1775244240,
pay_SU4YU4TZ21AHCJ,payment,WB-108886,157793,INR,captured,upi,TRUE,Payment for WB-108886 Rubber foot mat,,,,3156,568,1775247420,
pay_ANEQ0F4LKSF9R7,payment,WB-108891,220202,INR,captured,upi,TRUE,Payment for WB-108891 Mixer jar spare,,,,4404,793,1775240280,
pay_RT61802ZPB46GZ,payment,WB-109043,3606210,INR,captured,upi,TRUE,Payment for WB-109043 Trolley bag 24 inch,,,,72124,12982,1775233200,
pay_3MKPKF8UKFRBKU,payment,WB-109281,34848,INR,captured,wallet,TRUE,Payment for WB-109281 Copper water bottle,,,,697,125,1775248800,
pay_XF5B0VBK6WPZT6,payment,WB-109368,2592100,INR,captured,netbanking,TRUE,Payment for WB-109368 Steel tiffin carrier,,,,51842,9332,1775232720,
pay_QE4ZF26T0M4WZ2,payment,WB-109496,3834700,INR,captured,upi,TRUE,Payment for WB-109496 Mixer jar spare,,,,76694,13805,1775229360,
pay_2RE74BTE95XBLG,payment,WB-109508,5422500,INR,captured,card,TRUE,Payment for WB-109508 Rubber foot mat,,,,108450,19521,1775246100,
pay_E44PE1XMNQW154,payment,WB-109571,8470562,INR,captured,card,TRUE,Payment for WB-109571 Steel tiffin carrier,,,,169411,30494,1775209260,
pay_Y2F6N7BTZW9CP3,payment,WB-109952,1948100,INR,captured,netbanking,TRUE,Payment for WB-109952 Mixer jar spare,,,,38962,7013,1775237580,
pay_GZ0J91286BFSKW,payment,WB-104332,617121,INR,captured,netbanking,TRUE,Payment for WB-104332 Trolley bag 24 inch,,,,12342,2222,1775315400,
pay_E44JLAEKPQ28HL,payment,WB-104559,8309910,INR,captured,emi,TRUE,Payment for WB-104559 Steel tiffin carrier,,,,166198,29916,1775324580,
pay_7D5XUK671W74F5,payment,WB-104660,2514750,INR,captured,upi,TRUE,Payment for WB-104660 Coir door mat,,,,50295,9053,1775318520,
pay_TXGS64SK7109X9,payment,WB-104694,3311300,INR,captured,wallet,TRUE,Payment for WB-104694 Mixer jar spare,,,,66226,11921,1775330100,
pay_8XBPJ63DVNJC4J,payment,WB-105185,2700300,INR,captured,wallet,TRUE,Payment for WB-105185 Mixer jar spare,,,,54006,9721,1775321700,
pay_N6N8J3KBTYRWGZ,payment,WB-105566,3223100,INR,captured,netbanking,TRUE,Payment for WB-105566 Rubber foot mat,,,,64462,11603,1775319000,
pay_BJZEYG75X1BTDP,payment,WB-105580,2569748,INR,captured,upi,TRUE,Payment for WB-105580 Trolley bag 24 inch,,,,51395,9251,1775334720,
pay_M461Z874PPW5WZ,payment,WB-105581,151900,INR,captured,emi,TRUE,Payment for WB-105581 Rubber foot mat,,,,3038,547,1775303040,
pay_0BQRZ41US6XEVX,payment,WB-106124,4782100,INR,captured,netbanking,TRUE,Payment for WB-106124 Copper water bottle,,,,95642,17216,1775317980,
pay_0UKY2N584LKTQS,payment,WB-106217,6411700,INR,captured,upi,TRUE,Payment for WB-106217 Copper water bottle,,,,128234,23082,1775300820,
pay_46S9MSW5QR2N0X,payment,WB-106805,6027000,INR,captured,card,TRUE,Payment for WB-106805 Coir door mat,,,,120540,21697,1775328900,
pay_VURED6P56AYGQS,payment,WB-107092,6468400,INR,captured,emi,TRUE,Payment for WB-107092 Trolley bag 24 inch,,,,129368,23286,1775306940,
pay_2840G9MGJ14BRN,payment,WB-107135,7190700,INR,captured,upi,TRUE,Payment for WB-107135 Trolley bag 24 inch,,,,143814,25887,1775321400,
pay_0F1ZGMVP24B1MS,payment,WB-107454,8669381,INR,captured,wallet,TRUE,Payment for WB-107454 Copper water bottle,,,,173388,31210,1775334900,
pay_1GLHACFG50Z644,payment,WB-107612,9172600,INR,captured,netbanking,TRUE,Payment for WB-107612 Rubber foot mat,,,,183452,33021,1775328240,
pay_YCW9W6KKFB2VU1,payment,WB-107701,117436,INR,captured,emi,TRUE,Payment for WB-107701 Copper water bottle,,,,2349,423,1775313180,
pay_3HR5JJWL7QQPE7,payment,WB-107735,1561600,INR,captured,netbanking,TRUE,Payment for WB-107735 Mixer jar spare,,,,31232,5622,1775307780,
pay_HLFPQ81MHPQ903,payment,WB-107766,3462391,INR,captured,wallet,TRUE,Payment for WB-107766 Steel tiffin carrier,,,,69248,12465,1775303820,
pay_KGG6SBYFEPQW66,payment,WB-107788,8279989,INR,captured,emi,TRUE,Payment for WB-107788 Rubber foot mat,,,,165600,29808,1775330520,
pay_BV01J1HP5Q545Q,payment,WB-108293,4257500,INR,captured,card,TRUE,Payment for WB-108293 Steel tiffin carrier,,,,85150,15327,1775323200,
pay_VTFQHQ5FHGCD5M,payment,WB-108355,4108000,INR,captured,card,TRUE,Payment for WB-108355 Copper water bottle,,,,82160,14789,1775331600,
pay_NL97LVRREQPHSK,payment,WB-108371,6300800,INR,captured,wallet,TRUE,Payment for WB-108371 Mixer jar spare,,,,126016,22683,1775318160,
pay_DCQAFBMVNZL4AW,payment,WB-108461,5046100,INR,captured,netbanking,TRUE,Payment for WB-108461 Trolley bag 24 inch,,,,100922,18166,1775319660,
pay_DX2ET9XY8J2VTB,payment,WB-108501,2742700,INR,captured,upi,TRUE,Payment for WB-108501 Rubber foot mat,,,,54854,9874,1775315760,
pay_SDKJSFW978TG4M,payment,WB-108588,5102400,INR,captured,emi,TRUE,Payment for WB-108588 Trolley bag 24 inch,,,,102048,18369,1775305920,
pay_CEUDH4E2SUXRDF,payment,WB-108597,4675700,INR,captured,upi,TRUE,Payment for WB-108597 Coir door mat,,,,93514,16833,1775305740,
pay_TH0KEERBQU9WAB,payment,WB-108755,6621700,INR,captured,upi,TRUE,Payment for WB-108755 Coir door mat,,,,132434,23838,1775334060,
pay_ZGWBCPPN9XH6CS,payment,WB-108817,55224,INR,captured,upi,TRUE,Payment for WB-108817 Mixer jar spare,,,,1104,199,1775332080,
pay_7PUCRSRDGKVWC5,payment,WB-108996,7084600,INR,captured,netbanking,TRUE,Payment for WB-108996 Coir door mat,,,,141692,25505,1775324940,
pay_X2W10SNQ2XXH8V,payment,WB-109071,5888400,INR,captured,emi,TRUE,Payment for WB-109071 Coir door mat,,,,117768,21198,1775322780,
pay_J239UHHYYM185P,payment,WB-109150,3301941,INR,captured,emi,TRUE,Payment for WB-109150 Coir door mat,,,,66039,11887,1775290500,
pay_656NRJ87X7HFPU,payment,WB-109179,9145600,INR,captured,netbanking,TRUE,Payment for WB-109179 Trolley bag 24 inch,,,,182912,32924,1775293620,
pay_X1CQDVPZCVVMRT,payment,WB-109245,6634966,INR,captured,emi,TRUE,Payment for WB-109245 Steel tiffin carrier,,,,132699,23886,1775323320,
pay_9GEB176P4KAYFT,payment,WB-109268,3362000,INR,captured,card,TRUE,Payment for WB-109268 Copper water bottle,,,,67240,12103,1775290500,
pay_SXTV8U0U32BJML,payment,WB-109269,5762165,INR,captured,netbanking,TRUE,Payment for WB-109269 Steel tiffin carrier,,,,115243,20744,1775312580,
pay_ZTTP8ZVZSSS0DN,payment,WB-109505,5948664,INR,captured,netbanking,TRUE,Payment for WB-109505 Mixer jar spare,,,,118973,21415,1775334540,
pay_3LDCH3R8P6FTCH,payment,WB-109840,3881900,INR,captured,emi,TRUE,Payment for WB-109840 Rubber foot mat,,,,77638,13975,1775303220,
pay_AXMK42AA37UFZ7,payment,WB-109970,7768615,INR,captured,netbanking,TRUE,Payment for WB-109970 Steel tiffin carrier,,,,155372,27967,1775310300,
pay_MSZ3BNTCYFN8ZP,payment,WB-104070,8939435,INR,captured,emi,TRUE,Payment for WB-104070 Mixer jar spare,,,,178789,32182,1775404080,
pay_PVQBHJZ9EDKBT3,payment,WB-104284,607942,INR,captured,emi,TRUE,Payment for WB-104284 Steel tiffin carrier,,,,12159,2189,1775406240,
pay_MCLABV4XEYNV0P,payment,WB-104341,2051400,INR,captured,emi,TRUE,Payment for WB-104341 Steel tiffin carrier,,,,41028,7385,1775415600,
pay_FEBD0AVXJRQRJ2,payment,WB-104427,3924898,INR,captured,wallet,TRUE,Payment for WB-104427 Rubber foot mat,,,,78498,14130,1775411700,
pay_594380A0EFBBQ6,payment,WB-104446,2605100,INR,captured,netbanking,TRUE,Payment for WB-104446 Mixer jar spare,,,,52102,9378,1775400720,
pay_VARHPLHUFKFMBZ,payment,WB-104557,7705500,INR,captured,card,TRUE,Payment for WB-104557 Rubber foot mat,,,,154110,27740,1775415000,
pay_XAH3F7E2MVU2ZJ,payment,WB-104926,2587663,INR,captured,netbanking,TRUE,Payment for WB-104926 Steel tiffin carrier,,,,51753,9316,1775417460,
pay_DXCMWD6TTACHU4,payment,WB-104979,1099828,INR,captured,wallet,TRUE,Payment for WB-104979 Coir door mat,,,,21997,3959,1775376120,
pay_JV2R5AHMN38EMC,payment,WB-105188,2447729,INR,captured,upi,TRUE,Payment for WB-105188 Rubber foot mat,,,,48955,8812,1775379960,
pay_S8LZ17FAEM7Z03,payment,WB-105303,2206700,INR,captured,upi,TRUE,Payment for WB-105303 Mixer jar spare,,,,44134,7944,1775394360,
pay_8YLN3B2ZGCPC7N,payment,WB-105374,6032007,INR,captured,card,TRUE,Payment for WB-105374 Copper water bottle,,,,120640,21715,1775413200,
pay_L1HSRVVB7WAZAR,payment,WB-105588,1100858,INR,captured,wallet,TRUE,Payment for WB-105588 Trolley bag 24 inch,,,,22017,3963,1775391660,
pay_CEKDQF6CCCNHKG,payment,WB-105626,1335600,INR,captured,netbanking,TRUE,Payment for WB-105626 Rubber foot mat,,,,26712,4808,1775420280,
pay_KNP0GCPTFTGS0W,payment,WB-105806,8505300,INR,captured,wallet,TRUE,Payment for WB-105806 Coir door mat,,,,170106,30619,1775412780,
pay_KLBX21GDYQVGM1,payment,WB-105836,1871809,INR,captured,wallet,TRUE,Payment for WB-105836 Trolley bag 24 inch,,,,37436,6738,1775393100,
pay_DCE38F68K7Z3FC,payment,WB-105927,6031015,INR,captured,card,TRUE,Payment for WB-105927 Trolley bag 24 inch,,,,120620,21712,1775415840,
pay_S7DSAGEUVZ19LZ,payment,WB-105968,3616700,INR,captured,upi,TRUE,Payment for WB-105968 Trolley bag 24 inch,,,,72334,13020,1775422020,
pay_WTQVEXCPBPDD5Y,payment,WB-106296,2176300,INR,captured,wallet,TRUE,Payment for WB-106296 Rubber foot mat,,,,43526,7835,1775394420,
pay_SPARD2ABA2Y4RU,payment,WB-106324,8604500,INR,captured,card,TRUE,Payment for WB-106324 Copper water bottle,,,,172090,30976,1775420640,
pay_BPFKMLTMBZJS59,payment,WB-106430,6390723,INR,captured,upi,TRUE,Payment for WB-106430 Mixer jar spare,,,,127814,23007,1775409240,
pay_U6BBCVAXWSPDR4,payment,WB-106558,1031300,INR,captured,wallet,TRUE,Payment for WB-106558 Steel tiffin carrier,,,,20626,3713,1775419800,
pay_U5LRQ0N26F5C0A,payment,WB-106572,6439400,INR,captured,emi,TRUE,Payment for WB-106572 Copper water bottle,,,,128788,23182,1775407080,
pay_CMG5QHSF9JTBLL,payment,WB-106579,302200,INR,captured,upi,TRUE,Payment for WB-106579 Copper water bottle,,,,6044,1088,1775417160,
pay_TZ6SUJZG07RHJY,payment,WB-106855,3893300,INR,captured,wallet,TRUE,Payment for WB-106855 Steel tiffin carrier,,,,77866,14016,1775399040,
pay_ZD8KBWFFN138R8,payment,WB-107193,8069700,INR,captured,upi,TRUE,Payment for WB-107193 Trolley bag 24 inch,,,,161394,29051,1775378760,
pay_Q1HD5N54D5W52U,payment,WB-107218,7389300,INR,captured,wallet,TRUE,Payment for WB-107218 Mixer jar spare,,,,147786,26601,1775381220,
pay_RCBJBBG3DPK4KX,payment,WB-107349,469603,INR,captured,netbanking,TRUE,Payment for WB-107349 Copper water bottle,,,,9392,1691,1775397780,
pay_LKAHKKTYF6LMR9,payment,WB-107361,6826800,INR,captured,wallet,TRUE,Payment for WB-107361 Coir door mat,,,,136536,24576,1775413080,
pay_G3VC10U01GXNM2,payment,WB-107813,5644400,INR,captured,emi,TRUE,Payment for WB-107813 Mixer jar spare,,,,112888,20320,1775391840,
pay_22VHC8RNUAKBVF,payment,WB-108013,2895300,INR,captured,wallet,TRUE,Payment for WB-108013 Rubber foot mat,,,,57906,10423,1775400900,
pay_RTCGSML3RBFFTW,payment,WB-108130,5699143,INR,captured,netbanking,TRUE,Payment for WB-108130 Coir door mat,,,,113983,20517,1775421300,
pay_1F0TXM481TWQ9D,payment,WB-108302,8137000,INR,captured,card,TRUE,Payment for WB-108302 Trolley bag 24 inch,,,,162740,29293,1775401380,
pay_FDD7KPN8C7MD3C,payment,WB-108537,4051700,INR,captured,upi,TRUE,Payment for WB-108537 Coir door mat,,,,81034,14586,1775384940,
pay_ZG8HQDR6FRCMLL,payment,WB-108793,470468,INR,captured,emi,TRUE,Payment for WB-108793 Coir door mat,,,,9409,1694,1775419740,
pay_4S5YES90LYLCZL,payment,WB-108942,1168100,INR,captured,netbanking,TRUE,Payment for WB-108942 Steel tiffin carrier,,,,23362,4205,1775388780,
pay_ZBTD3Q3RRVMDTX,payment,WB-108957,1664600,INR,captured,netbanking,TRUE,Payment for WB-108957 Steel tiffin carrier,,,,33292,5993,1775390760,
pay_CDZUVLVNN9CYTH,payment,WB-109446,5937154,INR,captured,netbanking,TRUE,Payment for WB-109446 Copper water bottle,,,,118743,21374,1775396640,
pay_1DCTYZ462ZF45Y,payment,WB-109564,4698300,INR,captured,wallet,TRUE,Payment for WB-109564 Mixer jar spare,,,,93966,16914,1775406420,
pay_M24Q34LENJHXVN,payment,WB-109686,1869300,INR,captured,wallet,TRUE,Payment for WB-109686 Rubber foot mat,,,,37386,6729,1775410320,
pay_WWXTSWBALM8FM2,payment,WB-104102,5415500,INR,captured,card,TRUE,Payment for WB-104102 Trolley bag 24 inch,,,,108310,19496,1775508960,
pay_QNWRHW1QJJEMY0,payment,WB-104224,7733100,INR,captured,netbanking,TRUE,Payment for WB-104224 Rubber foot mat,,,,154662,27839,1775466780,
pay_6NKZHA1QW640VZ,payment,WB-104238,1732000,INR,captured,card,TRUE,Payment for WB-104238 Coir door mat,,,,34640,6235,1775507400,
pay_PV049W9TLJAUPA,payment,WB-104342,4635100,INR,captured,netbanking,TRUE,Payment for WB-104342 Coir door mat,,,,92702,16686,1775471160,
pay_1EV963XGW4AZAQ,payment,WB-104777,4945100,INR,captured,netbanking,TRUE,Payment for WB-104777 Steel tiffin carrier,,,,98902,17802,1775497920,
pay_YNT51QHJUFQ3B1,payment,WB-105166,3706100,INR,captured,netbanking,TRUE,Payment for WB-105166 Mixer jar spare,,,,74122,13342,1775478240,
pay_LY7WZA6AZC5HCX,payment,WB-105305,4805951,INR,captured,emi,TRUE,Payment for WB-105305 Rubber foot mat,,,,96119,17301,1775492880,
pay_8MJWBGZRPUK9FP,payment,WB-105509,6969803,INR,captured,wallet,TRUE,Payment for WB-105509 Copper water bottle,,,,139396,25091,1775475480,
pay_TKS2BKW1HNHBPX,payment,WB-105631,710864,INR,captured,wallet,TRUE,Payment for WB-105631 Rubber foot mat,,,,14217,2559,1775496060,
pay_CJMSTGBZTWT83S,payment,WB-105656,7425200,INR,captured,upi,TRUE,Payment for WB-105656 Mixer jar spare,,,,148504,26731,1775489340,
pay_XRG1RDVAA11SV2,payment,WB-106067,1814800,INR,captured,wallet,TRUE,Payment for WB-106067 Copper water bottle,,,,36296,6533,1775504400,
pay_HCQYC0FRR37EM3,payment,WB-106205,1158800,INR,captured,wallet,TRUE,Payment for WB-106205 Rubber foot mat,,,,23176,4172,1775464680,
pay_H7C0XC4GCRHX04,payment,WB-106264,7119100,INR,captured,netbanking,TRUE,Payment for WB-106264 Rubber foot mat,,,,142382,25629,1775502180,
pay_2UH7P6E8LJRWL3,payment,WB-106327,6664200,INR,captured,upi,TRUE,Payment for WB-106327 Coir door mat,,,,133284,23991,1775508600,
pay_ASW5P31AXM41RS,payment,WB-106521,1677600,INR,captured,netbanking,TRUE,Payment for WB-106521 Steel tiffin carrier,,,,33552,6039,1775472360,
pay_05W2Q7FJPDSHFQ,payment,WB-106617,9128912,INR,captured,emi,TRUE,Payment for WB-106617 Steel tiffin carrier,,,,182578,32864,1775497440,
pay_572HYKYZL3WSDK,payment,WB-106677,189500,INR,captured,card,TRUE,Payment for WB-106677 Coir door mat,,,,3790,682,1775483760,
pay_D02KMAAKYBC8GS,payment,WB-106688,3076600,INR,captured,netbanking,TRUE,Payment for WB-106688 Copper water bottle,,,,61532,11076,1775499660,
pay_HLPUS9MW8E1WGP,payment,WB-107076,6808749,INR,captured,upi,TRUE,Payment for WB-107076 Trolley bag 24 inch,,,,136175,24512,1775480940,
pay_S9U332Y94NQHDV,payment,WB-107127,8401400,INR,captured,emi,TRUE,Payment for WB-107127 Trolley bag 24 inch,,,,168028,30245,1775466060,
pay_H3MXAA1ZWBZEW9,payment,WB-107235,8213208,INR,captured,upi,TRUE,Payment for WB-107235 Trolley bag 24 inch,,,,164264,29568,1775465100,
pay_BK8QYW7PGWQY26,payment,WB-107340,8332300,INR,captured,wallet,TRUE,Payment for WB-107340 Trolley bag 24 inch,,,,166646,29996,1775496360,
pay_A2U8TTDFK2GJ2H,payment,WB-107652,6177584,INR,captured,card,TRUE,Payment for WB-107652 Copper water bottle,,,,123552,22239,1775491080,
pay_WAHCG5FYUYVHY7,payment,WB-107689,8515700,INR,captured,upi,TRUE,Payment for WB-107689 Coir door mat,,,,170314,30657,1775467980,
pay_9RQPY6HWK2AAXX,payment,WB-107771,2555600,INR,captured,netbanking,TRUE,Payment for WB-107771 Mixer jar spare,,,,51112,9200,1775485440,
pay_CVV5MHB4ELG54Y,payment,WB-107781,1819706,INR,captured,upi,TRUE,Payment for WB-107781 Steel tiffin carrier,,,,36394,6551,1775501820,
pay_1Q3D4M8MJ6WZHC,payment,WB-107829,5745300,INR,captured,wallet,TRUE,Payment for WB-107829 Coir door mat,,,,114906,20683,1775472360,
pay_E1FQCRWS475YWA,payment,WB-108209,7698795,INR,captured,upi,TRUE,Payment for WB-108209 Mixer jar spare,,,,153976,27716,1775466900,
pay_F78D6Q3TZW28CF,payment,WB-108553,467600,INR,captured,netbanking,TRUE,Payment for WB-108553 Trolley bag 24 inch,,,,9352,1683,1775485740,
pay_7PS7JK1J5AY3J5,payment,WB-108639,6804400,INR,captured,emi,TRUE,Payment for WB-108639 Copper water bottle,,,,136088,24496,1775493300,
pay_Y617SP6T3JJNVQ,payment,WB-108656,7761900,INR,captured,emi,TRUE,Payment for WB-108656 Mixer jar spare,,,,155238,27943,1775488140,
pay_GBCWLY25R62TJ2,payment,WB-108674,1408800,INR,captured,wallet,TRUE,Payment for WB-108674 Steel tiffin carrier,,,,28176,5072,1775477340,
pay_AM1ZELGPXX24W0,payment,WB-108826,2974100,INR,captured,netbanking,TRUE,Payment for WB-108826 Mixer jar spare,,,,59482,10707,1775483760,
pay_HTR679PYPG3B0B,payment,WB-108848,7221184,INR,captured,netbanking,TRUE,Payment for WB-108848 Rubber foot mat,,,,144424,25996,1775494500,
pay_VJP261XUGF14F9,payment,WB-109122,7843400,INR,captured,emi,TRUE,Payment for WB-109122 Coir door mat,,,,156868,28236,1775471880,
pay_8WZZHTR9ZH9ZVL,payment,WB-109336,8371500,INR,captured,card,TRUE,Payment for WB-109336 Trolley bag 24 inch,,,,167430,30137,1775486460,
pay_CMJU4JLGZC3JK3,payment,WB-109628,989624,INR,captured,netbanking,TRUE,Payment for WB-109628 Copper water bottle,,,,19792,3563,1775508240,
pay_WWARN0FMH5YVMT,payment,WB-109695,6971863,INR,captured,wallet,TRUE,Payment for WB-109695 Steel tiffin carrier,,,,139437,25099,1775503020,
pay_9MVTPB4QPXNVXB,payment,WB-109697,7822600,INR,captured,netbanking,TRUE,Payment for WB-109697 Copper water bottle,,,,156452,28161,1775494680,
pay_Y2PZYW35GSUVX6,payment,WB-104045,9008000,INR,captured,card,TRUE,Payment for WB-104045 Copper water bottle,,,,180160,32429,1775551380,
pay_JEFZXFAR2XPR4X,payment,WB-104063,2189718,INR,captured,upi,TRUE,Payment for WB-104063 Copper water bottle,,,,43794,7883,1775585940,
pay_BMMJL4EL0YHPEW,payment,WB-104076,660488,INR,captured,emi,TRUE,Payment for WB-104076 Coir door mat,,,,13210,2378,1775555160,
pay_XW1EL26KJ08KFJ,payment,WB-104994,4740158,INR,captured,netbanking,TRUE,Payment for WB-104994 Mixer jar spare,,,,94803,17065,1775578020,
pay_RQFK5EHBE1V55G,payment,WB-105035,416200,INR,captured,upi,TRUE,Payment for WB-105035 Coir door mat,,,,8324,1498,1775579700,
pay_YDF2ZEEVRAJ10U,payment,WB-105127,3581445,INR,captured,emi,TRUE,Payment for WB-105127 Mixer jar spare,,,,71629,12893,1775576100,
pay_CBADMNE73ELFDR,payment,WB-105159,2554068,INR,captured,card,TRUE,Payment for WB-105159 Rubber foot mat,,,,51081,9195,1775579160,
pay_0CE1XJG8CV3KH4,payment,WB-105440,8214600,INR,captured,netbanking,TRUE,Payment for WB-105440 Mixer jar spare,,,,164292,29573,1775565120,
pay_NJESKMBK4XSWAR,payment,WB-105483,3729200,INR,captured,upi,TRUE,Payment for WB-105483 Trolley bag 24 inch,,,,74584,13425,1775556060,
pay_22Y1LFD33KQDBG,payment,WB-105639,3371271,INR,captured,upi,TRUE,Payment for WB-105639 Mixer jar spare,,,,67425,12136,1775592480,
pay_7VHQLTJVKETVDV,payment,WB-105679,9040000,INR,captured,card,TRUE,Payment for WB-105679 Trolley bag 24 inch,,,,180800,32544,1775580240,
pay_ZTBDN916CQSTGW,payment,WB-105852,5277695,INR,captured,netbanking,TRUE,Payment for WB-105852 Copper water bottle,,,,105554,19000,1775578560,
pay_1UR299PPE6ARH7,payment,WB-106006,9147854,INR,captured,wallet,TRUE,Payment for WB-106006 Steel tiffin carrier,,,,182957,32932,1775588460,
pay_YY6L3DKM3UFNBX,payment,WB-106122,1786149,INR,captured,netbanking,TRUE,Payment for WB-106122 Copper water bottle,,,,35723,6430,1775552160,
pay_VX2VYT4TN5WKC8,payment,WB-106170,6040100,INR,captured,netbanking,TRUE,Payment for WB-106170 Trolley bag 24 inch,,,,120802,21744,1775583780,
pay_PNM185MK3A92TG,payment,WB-106569,846500,INR,captured,card,TRUE,Payment for WB-106569 Steel tiffin carrier,,,,16930,3047,1775556900,
pay_G9HSPG2E5RQUQT,payment,WB-106730,4610400,INR,captured,emi,TRUE,Payment for WB-106730 Steel tiffin carrier,,,,92208,16597,1775583960,
pay_WFMQQC2J4PK4RW,payment,WB-106981,7929664,INR,captured,netbanking,TRUE,Payment for WB-106981 Rubber foot mat,,,,158593,28547,1775556840,
pay_4335YW1GKYMS2G,payment,WB-107065,6196676,INR,captured,netbanking,TRUE,Payment for WB-107065 Copper water bottle,,,,123934,22308,1775564820,
pay_UQCT1GJDW7L4EP,payment,WB-107355,6969800,INR,captured,wallet,TRUE,Payment for WB-107355 Mixer jar spare,,,,139396,25091,1775558280,
pay_46UB3T4WEA0TT4,payment,WB-107571,269934,INR,captured,emi,TRUE,Payment for WB-107571 Coir door mat,,,,5399,972,1775563440,
pay_B3JF8WUM1V40LN,payment,WB-107594,999000,INR,captured,card,TRUE,Payment for WB-107594 Mixer jar spare,,,,19980,3596,1775551560,
pay_8HQCQ9CJNK0CA5,payment,WB-107729,838500,INR,captured,card,TRUE,Payment for WB-107729 Steel tiffin carrier,,,,16770,3019,1775559600,
pay_FP38QJ64BHFJHD,payment,WB-107772,6775987,INR,captured,emi,TRUE,Payment for WB-107772 Rubber foot mat,,,,135520,24394,1775567340,
pay_55LQH4VAV9XC3N,payment,WB-107799,2111100,INR,captured,netbanking,TRUE,Payment for WB-107799 Steel tiffin carrier,,,,42222,7600,1775590320,
pay_DDP2SXVT01V0SL,payment,WB-108015,4362000,INR,captured,card,TRUE,Payment for WB-108015 Coir door mat,,,,87240,15703,1775549880,
pay_5RP3SAR7C1Z94G,payment,WB-108256,722615,INR,captured,netbanking,TRUE,Payment for WB-108256 Rubber foot mat,,,,14452,2601,1775586300,
pay_ZQ42J7MQZPC56Z,payment,WB-108325,67556,INR,captured,card,TRUE,Payment for WB-108325 Steel tiffin carrier,,,,1351,243,1775565360,
pay_PHADTR17RYG8UZ,payment,WB-108350,935100,INR,captured,netbanking,TRUE,Payment for WB-108350 Rubber foot mat,,,,18702,3366,1775587800,
pay_P0UCFQZ845BCKN,payment,WB-108392,3996804,INR,captured,wallet,TRUE,Payment for WB-108392 Mixer jar spare,,,,79936,14388,1775592360,
pay_LC96AGVZUW3JP8,payment,WB-108747,2572830,INR,captured,wallet,TRUE,Payment for WB-108747 Coir door mat,,,,51457,9262,1775590200,
pay_YU8F247P0RH2RU,payment,WB-108803,1869400,INR,captured,emi,TRUE,Payment for WB-108803 Copper water bottle,,,,37388,6730,1775590800,
pay_1FT4Z9RJXSAV2D,payment,WB-109055,4440270,INR,captured,upi,TRUE,Payment for WB-109055 Steel tiffin carrier,,,,88805,15985,1775558340,
pay_0GU4GHUAG5H5CK,payment,WB-109241,1694172,INR,captured,netbanking,TRUE,Payment for WB-109241 Trolley bag 24 inch,,,,33883,6099,1775559600,
pay_HLB9C5P8L9A80R,payment,WB-109401,5098393,INR,captured,wallet,TRUE,Payment for WB-109401 Trolley bag 24 inch,,,,101968,18354,1775561040,
pay_P2F1Y6Z7CBG2GV,payment,WB-109452,4674400,INR,captured,emi,TRUE,Payment for WB-109452 Coir door mat,,,,93488,16828,1775551740,
pay_BUJ0CZTPV6N4RR,payment,WB-109498,3144100,INR,captured,netbanking,TRUE,Payment for WB-109498 Rubber foot mat,,,,62882,11319,1775577180,
pay_Q7MLMRH5MQQ6VE,payment,WB-109504,4967296,INR,captured,upi,TRUE,Payment for WB-109504 Trolley bag 24 inch,,,,99346,17882,1775578740,
pay_YFFA3G6JT4FK45,payment,WB-109792,1217915,INR,captured,emi,TRUE,Payment for WB-109792 Rubber foot mat,,,,24358,4384,1775579100,
pay_R5XCXU0RTHWVBV,payment,WB-104039,4000000,INR,captured,card,TRUE,Payment for WB-104039 Copper water bottle,,,,80000,14400,1775635920,
pay_JC9W4Q4AAXSJ71,payment,WB-104142,2000400,INR,captured,emi,TRUE,Payment for WB-104142 Mixer jar spare,,,,40008,7201,1775655360,
pay_YJSKA4K6ECQXGB,payment,WB-104263,4060200,INR,captured,upi,TRUE,Payment for WB-104263 Copper water bottle,,,,81204,14617,1775661780,
pay_BFRSHZKLK80XV1,payment,WB-104377,2980300,INR,captured,wallet,TRUE,Payment for WB-104377 Steel tiffin carrier,,,,59606,10729,1775663580,
pay_DCFXENXM3W52E8,payment,WB-104466,6026400,INR,captured,emi,TRUE,Payment for WB-104466 Rubber foot mat,,,,120528,21695,1775642940,
pay_U35F6MHVA1BX9L,payment,WB-104774,6722228,INR,captured,upi,TRUE,Payment for WB-104774 Mixer jar spare,,,,134445,24200,1775664840,
pay_X87B73WLSVPGT9,payment,WB-104852,1210400,INR,captured,emi,TRUE,Payment for WB-104852 Rubber foot mat,,,,24208,4357,1775641620,
pay_TFH7BLSKTKB7TX,payment,WB-105036,3934574,INR,captured,card,TRUE,Payment for WB-105036 Trolley bag 24 inch,,,,78691,14164,1775639940,
pay_QTAXCY98RWL7EG,payment,WB-105058,576685,INR,captured,netbanking,TRUE,Payment for WB-105058 Coir door mat,,,,11534,2076,1775643600,
pay_V9X59GZ596GFHY,payment,WB-105106,3780800,INR,captured,wallet,TRUE,Payment for WB-105106 Steel tiffin carrier,,,,75616,13611,1775646600,
pay_R94DSUSBM1SLHV,payment,WB-105151,2852400,INR,captured,emi,TRUE,Payment for WB-105151 Trolley bag 24 inch,,,,57048,10269,1775638500,
pay_M2FV5XMCNVSLTU,payment,WB-105379,7863000,INR,captured,card,TRUE,Payment for WB-105379 Trolley bag 24 inch,,,,157260,28307,1775663160,
pay_T7ARPJ3XRCJJN3,payment,WB-105395,2337800,INR,captured,wallet,TRUE,Payment for WB-105395 Rubber foot mat,,,,46756,8416,1775639400,
pay_9JJEEB5R3SQ83F,payment,WB-105742,3269618,INR,captured,netbanking,TRUE,Payment for WB-105742 Copper water bottle,,,,65392,11771,1775677740,
pay_E7B44Y6LXUC6N3,payment,WB-105807,9083400,INR,captured,emi,TRUE,Payment for WB-105807 Rubber foot mat,,,,181668,32700,1775661780,
pay_BKV6TBJZ050X17,payment,WB-106105,2136047,INR,captured,card,TRUE,Payment for WB-106105 Rubber foot mat,,,,42721,7690,1775637060,
pay_5L9CX4AGLBFR88,payment,WB-106127,4078125,INR,captured,netbanking,TRUE,Payment for WB-106127 Coir door mat,,,,81562,14681,1775661660,
pay_7B342F5HPJH2M6,payment,WB-106329,4300800,INR,captured,wallet,TRUE,Payment for WB-106329 Mixer jar spare,,,,86016,15483,1775663400,
pay_0B0CFEXA7EQ7F8,payment,WB-106651,5374300,INR,captured,wallet,TRUE,Payment for WB-106651 Steel tiffin carrier,,,,107486,19347,1775646420,
pay_ZB8E512UZMPAWB,payment,WB-106700,6459800,INR,captured,wallet,TRUE,Payment for WB-106700 Coir door mat,,,,129196,23255,1775674020,
pay_8GAQ5RGFL8UHVR,payment,WB-106702,4593088,INR,captured,card,TRUE,Payment for WB-106702 Mixer jar spare,,,,91862,16535,1775658840,
pay_CS3EMM6FR2WB4E,payment,WB-106804,2258929,INR,captured,emi,TRUE,Payment for WB-106804 Coir door mat,,,,45179,8132,1775653380,
pay_146H1YCCJG6QZV,payment,WB-107267,5095690,INR,captured,netbanking,TRUE,Payment for WB-107267 Trolley bag 24 inch,,,,101914,18345,1775663760,
pay_QCBCC70TFWBWXY,payment,WB-107399,4371588,INR,captured,card,TRUE,Payment for WB-107399 Coir door mat,,,,87432,15738,1775655360,
pay_MMSC6E1C47QBFF,payment,WB-107437,5940565,INR,captured,card,TRUE,Payment for WB-107437 Copper water bottle,,,,118811,21386,1775678760,
pay_UV67K70AA9AWRR,payment,WB-107650,7853128,INR,captured,netbanking,TRUE,Payment for WB-107650 Trolley bag 24 inch,,,,157063,28271,1775639160,
pay_4S3C5GK5DL493D,payment,WB-107822,6936518,INR,captured,card,TRUE,Payment for WB-107822 Coir door mat,,,,138730,24971,1775660280,
pay_AWX5AULV715T61,payment,WB-107890,7849943,INR,captured,emi,TRUE,Payment for WB-107890 Mixer jar spare,,,,156999,28260,1775638860,
pay_WSE9HBBB7MLH77,payment,WB-108346,9026160,INR,captured,netbanking,TRUE,Payment for WB-108346 Copper water bottle,,,,180523,32494,1775660400,
pay_DXFZ1PDXWCNR56,payment,WB-108361,7252313,INR,captured,wallet,TRUE,Payment for WB-108361 Mixer jar spare,,,,145046,26108,1775670600,
pay_W5J2LG4GDFQTDM,payment,WB-108507,8873377,INR,captured,wallet,TRUE,Payment for WB-108507 Copper water bottle,,,,177468,31944,1775664420,
pay_YQC409JRP48WFE,payment,WB-108818,27600,INR,captured,netbanking,TRUE,Payment for WB-108818 Steel tiffin carrier,,,,552,99,1775647380,
pay_HV3RRJ1KMUS4KJ,payment,WB-109016,6872100,INR,captured,netbanking,TRUE,Payment for WB-109016 Rubber foot mat,,,,137442,24740,1775661780,
pay_HTEULFZLP03C4C,payment,WB-109168,1483500,INR,captured,card,TRUE,Payment for WB-109168 Trolley bag 24 inch,,,,29670,5341,1775645700,
pay_RZ4XXU9Q5ZN71G,payment,WB-109265,2009773,INR,captured,upi,TRUE,Payment for WB-109265 Steel tiffin carrier,,,,40195,7235,1775655420,
pay_ZXMLEBXPTW8PT7,payment,WB-109340,454823,INR,captured,wallet,TRUE,Payment for WB-109340 Trolley bag 24 inch,,,,9096,1637,1775635560,
pay_9E412XTUY3R4FS,payment,WB-109373,2800300,INR,captured,wallet,TRUE,Payment for WB-109373 Coir door mat,,,,56006,10081,1775657220,
pay_VNVS299K7J0ZT3,payment,WB-109612,8349399,INR,captured,wallet,TRUE,Payment for WB-109612 Steel tiffin carrier,,,,166988,30058,1775665260,
pay_U87FRU981489U8,payment,WB-109737,2349702,INR,captured,upi,TRUE,Payment for WB-109737 Copper water bottle,,,,46994,8459,1775676360,
pay_E9V0BRAUMLQGTD,payment,WB-104075,1581820,INR,captured,wallet,TRUE,Payment for WB-104075 Rubber foot mat,,,,31636,5694,1775753880,
pay_2DTJJ40XCEEM75,payment,WB-104388,5971882,INR,captured,wallet,TRUE,Payment for WB-104388 Mixer jar spare,,,,119438,21499,1775726100,
pay_2CUNBXWNYH4SLU,payment,WB-104463,2444500,INR,captured,card,TRUE,Payment for WB-104463 Steel tiffin carrier,,,,48890,8800,1775753880,
pay_HRJGW03SP26K63,payment,WB-104485,5225600,INR,captured,netbanking,TRUE,Payment for WB-104485 Trolley bag 24 inch,,,,104512,18812,1775730540,
pay_VFCD3K6HM39KHZ,payment,WB-104627,2520945,INR,captured,emi,TRUE,Payment for WB-104627 Steel tiffin carrier,,,,50419,9075,1775757480,
pay_15M964SP232F30,payment,WB-104649,633505,INR,captured,card,TRUE,Payment for WB-104649 Coir door mat,,,,12670,2281,1775747460,
pay_T9YCXUFPBYQA2L,payment,WB-105013,3270318,INR,captured,wallet,TRUE,Payment for WB-105013 Copper water bottle,,,,65406,11773,1775749320,
pay_FDJX35AV0ZQX4L,payment,WB-105053,6567500,INR,captured,card,TRUE,Payment for WB-105053 Rubber foot mat,,,,131350,23643,1775739120,
pay_PSBTV7RKK2T0W8,payment,WB-105153,3245200,INR,captured,upi,TRUE,Payment for WB-105153 Copper water bottle,,,,64904,11683,1775748600,
pay_QQ67RJWZM2PACM,payment,WB-105455,6602400,INR,captured,emi,TRUE,Payment for WB-105455 Coir door mat,,,,132048,23769,1775763360,
pay_5MW89C6F6RXP8C,payment,WB-105463,244197,INR,captured,netbanking,TRUE,Payment for WB-105463 Trolley bag 24 inch,,,,4884,879,1775743440,
pay_BZEVDC6UDM27QB,payment,WB-105590,4132281,INR,captured,upi,TRUE,Payment for WB-105590 Copper water bottle,,,,82646,14876,1775753220,
pay_1TWRMTESH38457,payment,WB-105643,5625200,INR,captured,upi,TRUE,Payment for WB-105643 Rubber foot mat,,,,112504,20251,1775742420,
pay_8GR3GDXM58E443,payment,WB-105905,4217339,INR,captured,wallet,TRUE,Payment for WB-105905 Coir door mat,,,,84347,15182,1775742600,
pay_HWCZB74RK1GJBL,payment,WB-105931,835600,INR,captured,netbanking,TRUE,Payment for WB-105931 Trolley bag 24 inch,,,,16712,3008,1775740560,
pay_Z3RQ59QS7B98LU,payment,WB-106047,6184113,INR,captured,netbanking,TRUE,Payment for WB-106047 Steel tiffin carrier,,,,123682,22263,1775733660,
pay_9NU8QM90EHYBS0,payment,WB-106049,3080600,INR,captured,netbanking,TRUE,Payment for WB-106049 Mixer jar spare,,,,61612,11090,1775755740,
pay_2EJVB2G5X7GK8E,payment,WB-106502,3513400,INR,captured,emi,TRUE,Payment for WB-106502 Coir door mat,,,,70268,12648,1775758860,
pay_03AYYMLS87KGHX,payment,WB-106563,7598008,INR,captured,card,TRUE,Payment for WB-106563 Copper water bottle,,,,151960,27353,1775746920,
pay_CASYUH37VYC48W,payment,WB-106767,4355274,INR,captured,upi,TRUE,Payment for WB-106767 Steel tiffin carrier,,,,87105,15679,1775731260,
pay_479KTAA038JXPW,payment,WB-106789,1469946,INR,captured,emi,TRUE,Payment for WB-106789 Trolley bag 24 inch,,,,29399,5292,1775734320,
pay_EAHTFRPA64J8F7,payment,WB-107052,2907000,INR,captured,card,TRUE,Payment for WB-107052 Mixer jar spare,,,,58140,10465,1775724900,
pay_Q5RBHCJ2UM8ACC,payment,WB-107169,7684760,INR,captured,upi,TRUE,Payment for WB-107169 Steel tiffin carrier,,,,153695,27665,1775762100,
pay_2E0GHAL6VAZR7M,payment,WB-107191,2540584,INR,captured,card,TRUE,Payment for WB-107191 Copper water bottle,,,,50812,9146,1775743740,
pay_2JWN460Z5MZ2WM,payment,WB-107214,4148700,INR,captured,upi,TRUE,Payment for WB-107214 Steel tiffin carrier,,,,82974,14935,1775728200,
pay_BNLPLN5CYFS281,payment,WB-107642,6543697,INR,captured,netbanking,TRUE,Payment for WB-107642 Coir door mat,,,,130874,23557,1775755260,
pay_4Z0ANZXDRN9XR8,payment,WB-107967,895700,INR,captured,upi,TRUE,Payment for WB-107967 Mixer jar spare,,,,17914,3225,1775762400,
pay_DMPHFRKY71BGEN,payment,WB-108080,2250900,INR,captured,emi,TRUE,Payment for WB-108080 Coir door mat,,,,45018,8103,1775731560,
pay_UBBJHSFPQ2SV6Y,payment,WB-108233,8978900,INR,captured,emi,TRUE,Payment for WB-108233 Steel tiffin carrier,,,,179578,32324,1775733840,
pay_9MFX73RATTZC3C,payment,WB-108384,6958533,INR,captured,card,TRUE,Payment for WB-108384 Rubber foot mat,,,,139171,25051,1775740260,
pay_WS4PQUJ189HVC3,payment,WB-108460,3388000,INR,captured,card,TRUE,Payment for WB-108460 Mixer jar spare,,,,67760,12197,1775759700,
pay_488AVSMMVNNYRS,payment,WB-108544,3996800,INR,captured,wallet,TRUE,Payment for WB-108544 Rubber foot mat,,,,79936,14388,1775761560,
pay_N9NN918VHS5XPH,payment,WB-108577,164908,INR,captured,emi,TRUE,Payment for WB-108577 Mixer jar spare,,,,3298,594,1775730300,
pay_N9RXDY3A0NPUZN,payment,WB-108647,1067700,INR,captured,upi,TRUE,Payment for WB-108647 Rubber foot mat,,,,21354,3844,1775767800,
pay_0JKJ3HC7BNH49U,payment,WB-108771,3209300,INR,captured,wallet,TRUE,Payment for WB-108771 Trolley bag 24 inch,,,,64186,11553,1775723340,
pay_4TN3NMJAK1MUBV,payment,WB-108780,1318590,INR,captured,card,TRUE,Payment for WB-108780 Mixer jar spare,,,,26372,4747,1775723400,
pay_LPP7APGHQ868W8,payment,WB-108795,3197500,INR,captured,card,TRUE,Payment for WB-108795 Rubber foot mat,,,,63950,11511,1775737260,
pay_GZMVQFKDWJTVPP,payment,WB-109805,7862000,INR,captured,card,TRUE,Payment for WB-109805 Copper water bottle,,,,157240,28303,1775748540,
pay_CFAH28MNP449A5,payment,WB-109851,4947500,INR,captured,card,TRUE,Payment for WB-109851 Trolley bag 24 inch,,,,98950,17811,1775728560,
pay_N64ZAC0QZS488V,payment,WB-104010,3719500,INR,captured,card,TRUE,Payment for WB-104010 Copper water bottle,,,,74390,13390,1775838900,
pay_UUDA7XJBWRGKFS,payment,WB-104153,214488,INR,captured,emi,TRUE,Payment for WB-104153 Copper water bottle,,,,4290,772,1775811540,
pay_1HRR2SR9HXB10Q,payment,WB-104607,2315325,INR,captured,wallet,TRUE,Payment for WB-104607 Rubber foot mat,,,,46306,8335,1775812860,
pay_6GJC6KWUDPJQFB,payment,WB-104621,3578300,INR,captured,wallet,TRUE,Payment for WB-104621 Steel tiffin carrier,,,,71566,12882,1775853180,
pay_74UGAHLM2CEDPB,payment,WB-104746,8618446,INR,captured,emi,TRUE,Payment for WB-104746 Rubber foot mat,,,,172369,31026,1775816220,
pay_6Z94R04RFPK74L,payment,WB-104908,992600,INR,captured,netbanking,TRUE,Payment for WB-104908 Trolley bag 24 inch,,,,19852,3573,1775842380,
pay_MP7DESHE6X284F,payment,WB-104964,8756464,INR,captured,emi,TRUE,Payment for WB-104964 Copper water bottle,,,,175129,31523,1775848440,
pay_B3UY87A69Z2E4Z,payment,WB-104965,5606053,INR,captured,card,TRUE,Payment for WB-104965 Rubber foot mat,,,,112121,20182,1775852040,
pay_XR1Q4NGD17P55X,payment,WB-105039,2304809,INR,captured,wallet,TRUE,Payment for WB-105039 Rubber foot mat,,,,46096,8297,1775836380,
pay_QSNX2B2W5568FE,payment,WB-105048,8700251,INR,captured,upi,TRUE,Payment for WB-105048 Mixer jar spare,,,,174005,31321,1775815800,
pay_947QAX4R3VPC8Y,payment,WB-105095,1809000,INR,captured,card,TRUE,Payment for WB-105095 Coir door mat,,,,36180,6512,1775812380,
pay_01YALP4PTQLP72,payment,WB-105653,2195000,INR,captured,card,TRUE,Payment for WB-105653 Coir door mat,,,,43900,7902,1775847960,
pay_YTA82YY5VZBUMP,payment,WB-105916,4232800,INR,captured,wallet,TRUE,Payment for WB-105916 Steel tiffin carrier,,,,84656,15238,1775821200,
pay_HFCTLHFUY4W7QG,payment,WB-105978,3811100,INR,captured,netbanking,TRUE,Payment for WB-105978 Trolley bag 24 inch,,,,76222,13720,1775815260,
pay_9M7AE5C30UN6H7,payment,WB-106029,6845800,INR,captured,wallet,TRUE,Payment for WB-106029 Copper water bottle,,,,136916,24645,1775835600,
pay_GR7RU40P032BWA,payment,WB-106455,41600,INR,captured,netbanking,TRUE,Payment for WB-106455 Trolley bag 24 inch,,,,832,150,1775812800,
pay_F7MS8JCKSXPYMG,payment,WB-106565,7703600,INR,captured,netbanking,TRUE,Payment for WB-106565 Coir door mat,,,,154072,27733,1775852640,
pay_GD12UJQ8PYTPZ3,payment,WB-106597,8072547,INR,captured,card,TRUE,Payment for WB-106597 Mixer jar spare,,,,161451,29061,1775823900,
pay_YQVJRYJ06UVKSV,payment,WB-106795,9188015,INR,captured,card,TRUE,Payment for WB-106795 Steel tiffin carrier,,,,183760,33077,1775817000,
pay_JBP0BVNGGUWHHP,payment,WB-106992,2975300,INR,captured,wallet,TRUE,Payment for WB-106992 Copper water bottle,,,,59506,10711,1775834940,
pay_XZTGEEAG2F1XS5,payment,WB-107243,6019600,INR,captured,netbanking,TRUE,Payment for WB-107243 Rubber foot mat,,,,120392,21671,1775827560,
pay_330300P3U01263,payment,WB-107710,8434300,INR,captured,wallet,TRUE,Payment for WB-107710 Mixer jar spare,,,,168686,30363,1775837520,
pay_RZYPF1UGL98JG2,payment,WB-107850,8990100,INR,captured,netbanking,TRUE,Payment for WB-107850 Steel tiffin carrier,,,,179802,32364,1775825160,
pay_RMZQ4J5NYCKF6T,payment,WB-107985,6721500,INR,captured,card,TRUE,Payment for WB-107985 Coir door mat,,,,134430,24197,1775837880,
pay_M7RJZ9HBD10W1B,payment,WB-108055,5269310,INR,captured,wallet,TRUE,Payment for WB-108055 Trolley bag 24 inch,,,,105386,18969,1775831460,
pay_4J6C0ZLPPYWPR3,payment,WB-108107,191300,INR,captured,wallet,TRUE,Payment for WB-108107 Coir door mat,,,,3826,689,1775816100,
pay_Y2K84DTQ542BNL,payment,WB-108333,4885131,INR,captured,netbanking,TRUE,Payment for WB-108333 Trolley bag 24 inch,,,,97703,17587,1775843940,
pay_KAPWAT01P7L3VA,payment,WB-108386,4807321,INR,captured,wallet,TRUE,Payment for WB-108386 Copper water bottle,,,,96146,17306,1775841180,
pay_YGFJV5YKCFP8XE,payment,WB-108473,7189300,INR,captured,wallet,TRUE,Payment for WB-108473 Coir door mat,,,,143786,25881,1775818980,
pay_2N6M3G4F0K0GQ6,payment,WB-108519,7896800,INR,captured,wallet,TRUE,Payment for WB-108519 Mixer jar spare,,,,157936,28428,1775808360,
pay_7JTQ9MPNHX4G0P,payment,WB-108784,7419200,INR,captured,upi,TRUE,Payment for WB-108784 Copper water bottle,,,,148384,26709,1775839620,
pay_AQDXY3WKENA4W8,payment,WB-108807,1644373,INR,captured,wallet,TRUE,Payment for WB-108807 Mixer jar spare,,,,32887,5920,1775808600,
pay_BFYQZ3PP13X42J,payment,WB-108974,9093900,INR,captured,emi,TRUE,Payment for WB-108974 Steel tiffin carrier,,,,181878,32738,1775854200,
pay_H1TZHU9303JR9Z,payment,WB-109014,3098300,INR,captured,wallet,TRUE,Payment for WB-109014 Mixer jar spare,,,,61966,11154,1775819400,
pay_FZWBX06CE2WMWL,payment,WB-109032,1559318,INR,captured,wallet,TRUE,Payment for WB-109032 Rubber foot mat,,,,31186,5613,1775822820,
pay_1R9ZLCLCBEZTFB,payment,WB-109360,1682100,INR,captured,netbanking,TRUE,Payment for WB-109360 Coir door mat,,,,33642,6056,1775838720,
pay_CZZ4VRXQKXTDX4,payment,WB-109574,4839800,INR,captured,wallet,TRUE,Payment for WB-109574 Trolley bag 24 inch,,,,96796,17423,1775839920,
pay_W0KE0QSSNBF8Z3,payment,WB-109821,9077600,INR,captured,netbanking,TRUE,Payment for WB-109821 Steel tiffin carrier,,,,181552,32679,1775850960,
