Order Reference,Placed On,Customer Name,Status,Currency,Item Name,Qty,Total Amount,GST,Sales Channel,Notes
WB-104254,2026-03-01T20:09:41Z,Devgiri Paints LLP,PAID,INR,Rubber foot mat,2,11911.83,908.53,Mobile app,Web order - Rubber foot mat
WB-104726,2026-03-01T13:35:15Z,Sohrab Auto Spares LLP,PAID,INR,Copper water bottle,4,7133.87,544.11,Marketplace,Web order - Copper water bottle
WB-104831,2026-03-01T09:24:26Z,Neelkanth Ceramics Pvt Ltd,PAID,INR,Steel tiffin carrier,3,31679.00,2416.19,Phone order,Web order - Steel tiffin carrier
WB-105613,2026-03-01T13:03:36Z,Kesari Handlooms Pvt Ltd,PAID,INR,Rubber foot mat,2,17839.08,1360.61,Mobile app,Web order - Rubber foot mat
WB-105634,2026-03-01T16:31:17Z,Marudhar Furnishings LLP,PAID,INR,Trolley bag 24 inch,2,6953.91,530.38,Mobile app,Web order - Trolley bag 24 inch
WB-105713,2026-03-01T08:03:53Z,Bhoomi Tiles and Sanitary LLP,PAID,INR,Rubber foot mat,4,44944.00,3427.93,Marketplace,Web order - Rubber foot mat
WB-105723,2026-03-01T20:53:33Z,Jashan Sports Goods Pvt Ltd,PAID,INR,Steel tiffin carrier,1,82320.41,6278.68,Web,Web order - Steel tiffin carrier
WB-105728,2026-03-01T18:56:26Z,Ekansh Glassworks Private Limited,PAID,INR,Trolley bag 24 inch,2,89192.59,6802.82,Mobile app,Web order - Trolley bag 24 inch
WB-105758,2026-03-01T11:47:06Z,Kaveri Rubber Works Pvt Ltd,PAID,INR,Steel tiffin carrier,1,70760.00,5396.95,Web,Web order - Steel tiffin carrier
WB-106120,2026-03-01T13:13:00Z,Chirag Battery House Pvt Ltd,PAID,INR,Steel tiffin carrier,3,45585.00,3476.82,Phone order,Web order - Steel tiffin carrier
WB-106142,2026-03-01T12:49:53Z,Bhavani Steel Trading Pvt Ltd,PAID,INR,Rubber foot mat,4,34271.81,2613.95,Marketplace,Web order - Rubber foot mat
WB-106169,2026-03-01T20:18:01Z,Vindhya Plastics Private Limited,PAID,INR,Rubber foot mat,2,77729.43,5928.52,Mobile app,Web order - Rubber foot mat
WB-106266,2026-03-01T12:02:30Z,Sitara Packaging Solutions Pvt Ltd,PAID,INR,Coir door mat,1,53617.51,4089.47,Web,Web order - Coir door mat
WB-106608,2026-03-01T15:26:53Z,Prithvi Seeds and Feeds Pvt Ltd,PAID,INR,Copper water bottle,4,24667.00,1881.38,Marketplace,Web order - Copper water bottle
WB-106764,2026-03-01T15:26:53Z,Ambar Cold Rooms Pvt Ltd,PAID,INR,Coir door mat,1,47599.00,3630.43,Web,Web order - Coir door mat
WB-106851,2026-03-01T20:01:46Z,Ranjeet Timber Depot Pvt Ltd,PAID,INR,Coir door mat,1,18806.00,1434.36,Web,Web order - Coir door mat
WB-106887,2026-03-01T19:06:46Z,Tarangini Prints LLP,PAID,INR,Copper water bottle,2,22496.00,1715.80,Mobile app,Web order - Copper water bottle
WB-106987,2026-03-01T11:38:45Z,Barkat Stationers Private Limited,PAID,INR,Rubber foot mat,4,72006.75,5492.04,Marketplace,Web order - Rubber foot mat
WB-107004,2026-03-01T14:15:06Z,Shubhankar Electricals LLP,PAID,INR,Steel tiffin carrier,3,11936.00,910.37,Phone order,Web order - Steel tiffin carrier
WB-107070,2026-03-01T09:21:53Z,Yamini Home Needs Pvt Ltd,PAID,INR,Mixer jar spare,1,12670.00,966.36,Web,Web order - Mixer jar spare
WB-107168,2026-03-01T18:30:53Z,Tanmay Toolroom Private Limited,PAID,INR,Copper water bottle,2,34558.00,2635.78,Mobile app,Web order - Copper water bottle
WB-107190,2026-03-01T15:20:10Z,Chandravat Metals Private Limited,PAID,INR,Copper water bottle,4,4815.32,367.27,Marketplace,Web order - Copper water bottle
WB-107341,2026-03-01T13:26:33Z,Rukmini Provisions Private Limited,PAID,INR,Trolley bag 24 inch,4,12421.00,947.36,Marketplace,Web order - Trolley bag 24 inch
WB-107465,2026-03-01T18:07:13Z,Anokhi Kitchenware Pvt Ltd,PAID,INR,Mixer jar spare,1,54679.00,4170.43,Web,Web order - Mixer jar spare
WB-107468,2026-03-01T15:00:20Z,Ojas Lighting Private Limited,PAID,INR,Coir door mat,3,76011.00,5797.45,Phone order,Web order - Coir door mat
WB-107552,2026-03-01T09:04:40Z,Sanchit Hardware Depot Pvt Ltd,PAID,INR,Mixer jar spare,3,35319.00,2693.82,Phone order,Web order - Mixer jar spare
WB-107636,2026-03-01T13:31:38Z,Kalanjali Crafts Pvt Ltd,PAID,INR,Mixer jar spare,3,46343.94,3534.71,Phone order,Web order - Mixer jar spare
WB-107844,2026-03-01T16:18:40Z,Madhuban Nurseries Pvt Ltd,PAID,INR,Coir door mat,3,19713.00,1503.53,Phone order,Web order - Coir door mat
WB-108049,2026-03-01T18:41:20Z,Utsav Bakers LLP,PAID,INR,Trolley bag 24 inch,4,4740.00,361.53,Marketplace,Web order - Trolley bag 24 inch
WB-108089,2026-03-01T14:35:54Z,Palashwood Interiors Pvt Ltd,PAID,INR,Steel tiffin carrier,1,50720.23,3868.49,Web,Web order - Steel tiffin carrier
WB-108313,2026-03-01T20:18:21Z,Nirvaan Agro Mills Pvt Ltd,PAID,INR,Coir door mat,3,53050.25,4046.21,Phone order,Web order - Coir door mat
WB-108565,2026-03-01T18:50:40Z,Ojas Lighting Private Limited,PAID,INR,Coir door mat,3,37470.00,2857.88,Phone order,Web order - Coir door mat
WB-108766,2026-03-01T15:08:34Z,Vaayu Organics Private Limited,PAID,INR,Trolley bag 24 inch,4,89318.84,6812.45,Marketplace,Web order - Trolley bag 24 inch
WB-108938,2026-03-01T20:01:47Z,Tarangini Prints LLP,PAID,INR,Copper water bottle,2,89240.03,6806.44,Mobile app,Web order - Copper water bottle
WB-109154,2026-03-01T10:02:51Z,Palashwood Interiors Pvt Ltd,PAID,INR,Steel tiffin carrier,1,4298.13,327.82,Web,Web order - Steel tiffin carrier
WB-109422,2026-03-01T16:46:41Z,Suvarna Weaves LLP,PAID,INR,Trolley bag 24 inch,2,51166.23,3902.51,Mobile app,Web order - Trolley bag 24 inch
WB-109468,2026-03-01T08:09:40Z,Girnar Pipes and Fittings Pvt Ltd,PAID,INR,Mixer jar spare,1,11654.42,888.90,Web,Web order - Mixer jar spare
WB-109596,2026-03-01T12:36:57Z,Naaz Fabrics Private Limited,PAID,INR,Copper water bottle,2,32398.11,2471.04,Mobile app,Web order - Copper water bottle
WB-109691,2026-03-01T17:12:13Z,Meghdoot Packaging LLP,PAID,INR,Mixer jar spare,3,55093.00,4202.01,Phone order,Web order - Mixer jar spare
WB-104030,2026-03-02T17:55:39Z,Madhuban Nurseries Pvt Ltd,PAID,INR,Coir door mat,3,42142.78,3214.28,Phone order,Web order - Coir door mat
WB-104084,2026-03-02T08:12:33Z,Sanchit Hardware Depot Pvt Ltd,PAID,INR,Mixer jar spare,3,83134.00,6340.73,Phone order,Web order - Mixer jar spare
WB-104182,2026-03-02T15:12:12Z,Naaz Fabrics Private Limited,PAID,INR,Copper water bottle,2,89420.78,6820.23,Mobile app,Web order - Copper water bottle
WB-104267,2026-03-02T17:52:46Z,Jashan Sports Goods Pvt Ltd,PAID,INR,Steel tiffin carrier,1,54365.00,4146.48,Web,Web order - Steel tiffin carrier
WB-104677,2026-03-02T15:45:35Z,Kaveri Rubber Works Pvt Ltd,PAID,INR,Steel tiffin carrier,1,8156.85,622.13,Web,Web order - Steel tiffin carrier
WB-105141,2026-03-02T17:23:41Z,Kalanjali Crafts Pvt Ltd,PAID,INR,Mixer jar spare,3,84406.83,6437.81,Phone order,Web order - Mixer jar spare
WB-105507,2026-03-02T14:39:12Z,Yamini Home Needs Pvt Ltd,PAID,INR,Mixer jar spare,1,80579.16,6145.87,Web,Web order - Mixer jar spare
WB-105520,2026-03-02T19:00:20Z,Rukmini Provisions Private Limited,PAID,INR,Trolley bag 24 inch,4,312.00,23.80,Marketplace,Web order - Trolley bag 24 inch
WB-105591,2026-03-02T14:52:26Z,Utsav Bakers LLP,PAID,INR,Trolley bag 24 inch,4,32057.00,2445.03,Marketplace,Web order - Trolley bag 24 inch
WB-105712,2026-03-02T18:35:33Z,Kesari Handlooms Pvt Ltd,PAID,INR,Rubber foot mat,2,83566.00,6373.68,Mobile app,Web order - Rubber foot mat
WB-105776,2026-03-02T12:12:12Z,Tarangini Prints LLP,PAID,INR,Copper water bottle,2,7544.18,575.40,Mobile app,Web order - Copper water bottle
WB-105811,2026-03-02T17:59:16Z,Chirag Battery House Pvt Ltd,PAID,INR,Steel tiffin carrier,3,26356.10,2010.21,Phone order,Web order - Steel tiffin carrier
WB-106144,2026-03-02T20:37:22Z,Devgiri Paints LLP,PAID,INR,Rubber foot mat,2,17757.68,1354.40,Mobile app,Web order - Rubber foot mat
WB-106195,2026-03-02T15:40:57Z,Sitara Packaging Solutions Pvt Ltd,PAID,INR,Coir door mat,1,82747.72,6311.27,Web,Web order - Coir door mat
WB-106384,2026-03-02T19:29:06Z,Vindhya Plastics Private Limited,PAID,INR,Rubber foot mat,2,5924.00,451.83,Mobile app,Web order - Rubber foot mat
WB-106606,2026-03-02T16:19:24Z,Nirvaan Agro Mills Pvt Ltd,PAID,INR,Coir door mat,3,7467.12,569.53,Phone order,Web order - Coir door mat
WB-106647,2026-03-02T16:15:27Z,Ojas Lighting Private Limited,PAID,INR,Coir door mat,3,60218.02,4592.90,Phone order,Web order - Coir door mat
WB-106654,2026-03-02T14:49:33Z,Tanmay Toolroom Private Limited,PAID,INR,Copper water bottle,2,14959.00,1140.94,Mobile app,Web order - Copper water bottle
WB-106777,2026-03-02T20:41:40Z,Marudhar Furnishings LLP,PAID,INR,Trolley bag 24 inch,2,29271.00,2232.53,Mobile app,Web order - Trolley bag 24 inch
WB-106849,2026-03-02T19:55:20Z,Utsav Bakers LLP,PAID,INR,Trolley bag 24 inch,4,71151.00,5426.77,Marketplace,Web order - Trolley bag 24 inch
WB-107043,2026-03-02T16:29:48Z,Sohrab Auto Spares LLP,PAID,INR,Copper water bottle,4,24402.24,1861.19,Marketplace,Web order - Copper water bottle
WB-107532,2026-03-02T20:38:06Z,Suvarna Weaves LLP,PAID,INR,Trolley bag 24 inch,2,63497.00,4842.99,Mobile app,Web order - Trolley bag 24 inch
WB-108023,2026-03-02T13:10:06Z,Ranjeet Timber Depot Pvt Ltd,PAID,INR,Coir door mat,1,82541.00,6295.50,Web,Web order - Coir door mat
WB-108047,2026-03-02T11:20:06Z,Kesari Handlooms Pvt Ltd,PAID,INR,Rubber foot mat,2,79274.00,6046.32,Mobile app,Web order - Rubber foot mat
WB-108110,2026-03-02T13:35:34Z,Anokhi Kitchenware Pvt Ltd,PAID,INR,Mixer jar spare,1,23240.84,1772.61,Web,Web order - Mixer jar spare
WB-108279,2026-03-02T09:15:47Z,Palashwood Interiors Pvt Ltd,PAID,INR,Steel tiffin carrier,1,33292.43,2539.25,Web,Web order - Steel tiffin carrier
WB-108498,2026-03-02T09:13:40Z,Shubhankar Electricals LLP,PAID,INR,Steel tiffin carrier,3,14923.21,1138.21,Phone order,Web order - Steel tiffin carrier
WB-108600,2026-03-02T18:21:14Z,Prithvi Seeds and Feeds Pvt Ltd,PAID,INR,Copper water bottle,4,45999.44,3508.43,Marketplace,Web order - Copper water bottle
WB-108815,2026-03-02T09:08:38Z,Barkat Stationers Private Limited,PAID,INR,Rubber foot mat,4,60536.94,4617.22,Marketplace,Web order - Rubber foot mat
WB-108984,2026-03-02T19:43:27Z,Ekansh Glassworks Private Limited,PAID,USD,Trolley bag 24 inch,2,1066.42,81.34,Mobile app,Web order - Trolley bag 24 inch
WB-109028,2026-03-02T13:03:53Z,Yamini Home Needs Pvt Ltd,PAID,INR,Mixer jar spare,1,89872.00,6854.64,Web,Web order - Mixer jar spare
WB-109193,2026-03-02T16:12:33Z,Girnar Pipes and Fittings Pvt Ltd,PAID,INR,Mixer jar spare,1,43120.00,3288.81,Web,Web order - Mixer jar spare
WB-109330,2026-03-02T11:07:13Z,Chandravat Metals Private Limited,PAID,INR,Copper water bottle,4,32449.00,2474.92,Marketplace,Web order - Copper water bottle
WB-109394,2026-03-02T16:38:46Z,Bhavani Steel Trading Pvt Ltd,PAID,INR,Rubber foot mat,4,77225.00,5890.04,Marketplace,Web order - Rubber foot mat
WB-109559,2026-03-02T15:29:06Z,Neelkanth Ceramics Pvt Ltd,PAID,INR,Steel tiffin carrier,3,2180.00,166.27,Phone order,Web order - Steel tiffin carrier
WB-109575,2026-03-02T16:38:06Z,Ambar Cold Rooms Pvt Ltd,PAID,INR,Coir door mat,1,38459.00,2933.31,Web,Web order - Coir door mat
WB-109759,2026-03-02T20:10:26Z,Vaayu Organics Private Limited,PAID,INR,Trolley bag 24 inch,4,38978.00,2972.90,Marketplace,Web order - Trolley bag 24 inch
WB-109895,2026-03-02T13:09:42Z,Bhoomi Tiles and Sanitary LLP,PAID,INR,Rubber foot mat,4,10484.46,799.66,Marketplace,Web order - Rubber foot mat
WB-109922,2026-03-02T17:26:33Z,Meghdoot Packaging LLP,PAID,INR,Mixer jar spare,3,3880.00,295.93,Phone order,Web order - Mixer jar spare
WB-104176,2026-03-03T14:55:00Z,Bhavani Steel Trading Pvt Ltd,PAID,INR,Rubber foot mat,4,65808.00,5019.25,Marketplace,Web order - Rubber foot mat
WB-104183,2026-03-03T15:40:13Z,Ranjeet Timber Depot Pvt Ltd,PAID,INR,Coir door mat,1,59449.00,4534.25,Web,Web order - Coir door mat
WB-104251,2026-03-03T08:09:00Z,Vindhya Plastics Private Limited,PAID,INR,Rubber foot mat,2,43650.00,3329.24,Mobile app,Web order - Rubber foot mat
WB-104255,2026-03-03T16:13:58Z,Tarangini Prints LLP,PAID,INR,Copper water bottle,2,34750.76,2650.48,Mobile app,Web order - Copper water bottle
WB-104298,2026-03-03T18:00:42Z,Nirvaan Agro Mills Pvt Ltd,PAID,INR,Coir door mat,3,35513.47,2708.65,Phone order,Web order - Coir door mat
WB-104307,2026-03-03T15:16:53Z,Yamini Home Needs Pvt Ltd,PAID,INR,Mixer jar spare,1,16234.00,1238.19,Web,Web order - Mixer jar spare
WB-104429,2026-03-03T12:12:53Z,Bhoomi Tiles and Sanitary LLP,PAID,INR,Rubber foot mat,4,26818.00,2045.44,Marketplace,Web order - Rubber foot mat
WB-104576,2026-03-03T14:41:40Z,Naaz Fabrics Private Limited,PAID,INR,Copper water bottle,2,91632.00,6988.88,Mobile app,Web order - Copper water bottle
WB-104869,2026-03-03T10:46:20Z,Anokhi Kitchenware Pvt Ltd,PAID,INR,Mixer jar spare,1,15684.00,1196.24,Web,Web order - Mixer jar spare
WB-105061,2026-03-03T20:20:10Z,Neelkanth Ceramics Pvt Ltd,PAID,INR,Steel tiffin carrier,3,38441.11,2931.95,Phone order,Web order - Steel tiffin carrier
WB-105220,2026-03-03T19:16:33Z,Kaveri Rubber Works Pvt Ltd,PAID,INR,Steel tiffin carrier,1,84952.00,6479.39,Web,Web order - Steel tiffin carrier
WB-105370,2026-03-03T19:15:26Z,Neelkanth Ceramics Pvt Ltd,PAID,INR,Steel tiffin carrier,3,54953.00,4191.33,Phone order,Web order - Steel tiffin carrier
WB-105578,2026-03-03T19:55:38Z,Ranjeet Timber Depot Pvt Ltd,PAID,INR,Coir door mat,1,53187.56,4056.68,Web,Web order - Coir door mat
WB-105589,2026-03-03T19:08:58Z,Shubhankar Electricals LLP,PAID,INR,Steel tiffin carrier,3,76012.16,5797.54,Phone order,Web order - Steel tiffin carrier
WB-105834,2026-03-03T12:44:32Z,Sitara Packaging Solutions Pvt Ltd,PAID,INR,Coir door mat,1,69020.17,5264.25,Web,Web order - Coir door mat
WB-106009,2026-03-03T17:38:28Z,Ambar Cold Rooms Pvt Ltd,PAID,INR,Coir door mat,1,50307.26,3836.99,Web,Web order - Coir door mat
WB-106075,2026-03-03T10:52:26Z,Sanchit Hardware Depot Pvt Ltd,PAID,INR,Mixer jar spare,3,62711.00,4783.04,Phone order,Web order - Mixer jar spare
WB-106098,2026-03-03T16:30:13Z,Ekansh Glassworks Private Limited,PAID,INR,Trolley bag 24 inch,2,25042.00,1909.98,Mobile app,Web order - Trolley bag 24 inch
WB-106401,2026-03-03T18:55:20Z,Ojas Lighting Private Limited,PAID,INR,Coir door mat,3,29967.00,2285.62,Phone order,Web order - Coir door mat
WB-106866,2026-03-03T12:24:46Z,Jashan Sports Goods Pvt Ltd,PAID,INR,Steel tiffin carrier,1,35969.00,2743.40,Web,Web order - Steel tiffin carrier
WB-107017,2026-03-03T17:40:53Z,Chandravat Metals Private Limited,PAID,INR,Copper water bottle,4,23101.00,1761.94,Marketplace,Web order - Copper water bottle
WB-107192,2026-03-03T13:47:03Z,Tanmay Toolroom Private Limited,PAID,INR,Copper water bottle,2,76633.31,5844.91,Mobile app,Web order - Copper water bottle
WB-107345,2026-03-03T16:08:17Z,Suvarna Weaves LLP,PAID,INR,Trolley bag 24 inch,2,70427.33,5371.58,Mobile app,Web order - Trolley bag 24 inch
WB-107439,2026-03-03T13:43:46Z,Barkat Stationers Private Limited,PAID,INR,Rubber foot mat,4,11885.00,906.48,Marketplace,Web order - Rubber foot mat
WB-107681,2026-03-03T17:11:28Z,Meghdoot Packaging LLP,PAID,INR,Mixer jar spare,3,50795.04,3874.20,Phone order,Web order - Mixer jar spare
WB-107784,2026-03-03T13:20:26Z,Sohrab Auto Spares LLP,PAID,INR,Copper water bottle,4,70226.00,5356.22,Marketplace,Web order - Copper water bottle
WB-108520,2026-03-03T11:24:06Z,Prithvi Seeds and Feeds Pvt Ltd,PAID,INR,Copper water bottle,4,22358.00,1705.27,Marketplace,Web order - Copper water bottle
WB-108524,2026-03-03T15:18:19Z,Rukmini Provisions Private Limited,PAID,INR,Trolley bag 24 inch,4,56349.57,4297.85,Marketplace,Web order - Trolley bag 24 inch
WB-108613,2026-03-03T15:16:53Z,Madhuban Nurseries Pvt Ltd,PAID,INR,Coir door mat,3,41623.00,3174.64,Phone order,Web order - Coir door mat
WB-108662,2026-03-03T10:43:26Z,Devgiri Paints LLP,PAID,INR,Rubber foot mat,2,80813.60,6163.75,Mobile app,Web order - Rubber foot mat
WB-108965,2026-03-03T10:41:40Z,Girnar Pipes and Fittings Pvt Ltd,PAID,INR,Mixer jar spare,1,45300.00,3455.08,Web,Web order - Mixer jar spare
WB-109081,2026-03-03T20:10:06Z,Marudhar Furnishings LLP,PAID,INR,Trolley bag 24 inch,2,76106.00,5804.69,Mobile app,Web order - Trolley bag 24 inch
WB-109092,2026-03-03T19:15:46Z,Prithvi Seeds and Feeds Pvt Ltd,PAID,INR,Copper water bottle,4,77612.00,5919.56,Marketplace,Web order - Copper water bottle
WB-109144,2026-03-03T13:16:13Z,Vaayu Organics Private Limited,PAID,INR,Trolley bag 24 inch,4,42754.00,3260.90,Marketplace,Web order - Trolley bag 24 inch
WB-109277,2026-03-03T08:12:53Z,Kesari Handlooms Pvt Ltd,PAID,INR,Rubber foot mat,2,19306.61,1472.54,Mobile app,Web order - Rubber foot mat
WB-109427,2026-03-03T18:58:54Z,Chirag Battery House Pvt Ltd,PAID,INR,Steel tiffin carrier,3,48320.83,3685.49,Phone order,Web order - Steel tiffin carrier
WB-109449,2026-03-03T13:56:06Z,Utsav Bakers LLP,PAID,INR,Trolley bag 24 inch,4,49943.00,3809.21,Marketplace,Web order - Trolley bag 24 inch
WB-109932,2026-03-03T16:45:56Z,Palashwood Interiors Pvt Ltd,PAID,INR,Steel tiffin carrier,1,79955.89,6098.33,Web,Web order - Steel tiffin carrier
WB-109969,2026-03-03T18:46:41Z,Kalanjali Crafts Pvt Ltd,PAID,INR,Mixer jar spare,3,82030.84,6256.59,Phone order,Web order - Mixer jar spare
WB-104130,2026-03-04T11:10:26Z,Yamini Home Needs Pvt Ltd,PAID,INR,Mixer jar spare,1,4720.40,360.03,Web,Web order - Mixer jar spare
WB-104289,2026-03-04T10:49:33Z,Sanchit Hardware Depot Pvt Ltd,PAID,INR,Mixer jar spare,3,69364.00,5290.47,Phone order,Web order - Mixer jar spare
WB-104671,2026-03-04T08:56:03Z,Suvarna Weaves LLP,PAID,INR,Trolley bag 24 inch,2,45707.51,3486.17,Mobile app,Web order - Trolley bag 24 inch
WB-104744,2026-03-04T11:44:54Z,Neelkanth Ceramics Pvt Ltd,PAID,INR,Steel tiffin carrier,3,79651.64,6075.13,Phone order,Web order - Steel tiffin carrier
WB-104782,2026-03-04T09:01:26Z,Barkat Stationers Private Limited,PAID,INR,Rubber foot mat,4,29960.00,2285.08,Marketplace,Web order - Rubber foot mat
WB-104875,2026-03-04T20:04:40Z,Shubhankar Electricals LLP,PAID,INR,Steel tiffin carrier,3,11334.00,864.46,Phone order,Web order - Steel tiffin carrier
WB-104901,2026-03-04T09:26:55Z,Kesari Handlooms Pvt Ltd,PAID,INR,Rubber foot mat,2,69758.85,5320.59,Mobile app,Web order - Rubber foot mat
WB-104997,2026-03-04T15:26:16Z,Meghdoot Packaging LLP,PAID,INR,Mixer jar spare,3,73627.70,5615.67,Phone order,Web order - Mixer jar spare
WB-105031,2026-03-04T11:06:08Z,Bhoomi Tiles and Sanitary LLP,PAID,INR,Rubber foot mat,4,63313.46,4828.99,Marketplace,Web order - Rubber foot mat
WB-105449,2026-03-04T17:16:50Z,Ambar Cold Rooms Pvt Ltd,PAID,INR,Coir door mat,1,86644.52,6608.48,Web,Web order - Coir door mat
WB-105500,2026-03-04T10:32:20Z,Anokhi Kitchenware Pvt Ltd,PAID,INR,Mixer jar spare,1,72357.00,5518.75,Web,Web order - Mixer jar spare
WB-105574,2026-03-04T15:53:13Z,Sohrab Auto Spares LLP,PAID,INR,Copper water bottle,4,5233.00,399.13,Marketplace,Web order - Copper water bottle
WB-105975,2026-03-04T14:55:19Z,Nirvaan Agro Mills Pvt Ltd,PAID,INR,Coir door mat,3,7549.78,575.83,Phone order,Web order - Coir door mat
WB-106000,2026-03-04T13:45:38Z,Utsav Bakers LLP,PAID,INR,Trolley bag 24 inch,4,39302.34,2997.64,Marketplace,Web order - Trolley bag 24 inch
WB-106106,2026-03-04T14:26:15Z,Sitara Packaging Solutions Pvt Ltd,PAID,INR,Coir door mat,1,23996.26,1830.22,Web,Web order - Coir door mat
WB-106287,2026-03-04T20:30:33Z,Naaz Fabrics Private Limited,PAID,INR,Copper water bottle,2,76834.00,5860.22,Mobile app,Web order - Copper water bottle
WB-106369,2026-03-04T10:31:14Z,Devgiri Paints LLP,PAID,INR,Rubber foot mat,2,23123.24,1763.64,Mobile app,Web order - Rubber foot mat
WB-106476,2026-03-04T11:30:30Z,Bhavani Steel Trading Pvt Ltd,PAID,INR,Rubber foot mat,4,71475.30,5451.51,Marketplace,Web order - Rubber foot mat
WB-106510,2026-03-04T11:36:58Z,Barkat Stationers Private Limited,PAID,INR,Rubber foot mat,4,32983.16,2515.66,Marketplace,Web order - Rubber foot mat
WB-106827,2026-03-04T11:27:40Z,Vindhya Plastics Private Limited,PAID,INR,Rubber foot mat,2,29737.20,2268.09,Mobile app,Web order - Rubber foot mat
WB-107106,2026-03-04T16:50:00Z,Jashan Sports Goods Pvt Ltd,PAID,INR,Steel tiffin carrier,1,68085.00,5192.92,Web,Web order - Steel tiffin carrier
WB-107222,2026-03-04T14:21:13Z,Girnar Pipes and Fittings Pvt Ltd,PAID,INR,Mixer jar spare,1,80257.00,6121.30,Web,Web order - Mixer jar spare
WB-107896,2026-03-04T13:13:40Z,Kalanjali Crafts Pvt Ltd,PAID,INR,Mixer jar spare,3,57324.00,4372.17,Phone order,Web order - Mixer jar spare
WB-107973,2026-03-04T17:09:40Z,Marudhar Furnishings LLP,PAID,INR,Trolley bag 24 inch,2,73758.00,5625.61,Mobile app,Web order - Trolley bag 24 inch
WB-108034,2026-03-04T19:40:33Z,Madhuban Nurseries Pvt Ltd,PAID,INR,Coir door mat,3,22789.00,1738.14,Phone order,Web order - Coir door mat
WB-108129,2026-03-04T15:13:00Z,Ojas Lighting Private Limited,PAID,INR,Coir door mat,3,10602.00,808.63,Phone order,Web order - Coir door mat
WB-108148,2026-03-04T09:36:20Z,Tanmay Toolroom Private Limited,PAID,INR,Copper water bottle,2,55572.00,4238.54,Mobile app,Web order - Copper water bottle
WB-108165,2026-03-04T17:56:26Z,Ekansh Glassworks Private Limited,PAID,INR,Trolley bag 24 inch,2,17378.00,1325.44,Mobile app,Web order - Trolley bag 24 inch
WB-108204,2026-03-04T08:57:29Z,Palashwood Interiors Pvt Ltd,PAID,INR,Steel tiffin carrier,1,77305.47,5896.18,Web,Web order - Steel tiffin carrier
WB-108855,2026-03-04T20:07:53Z,Chandravat Metals Private Limited,PAID,INR,Copper water bottle,4,59444.79,4533.92,Marketplace,Web order - Copper water bottle
WB-108860,2026-03-04T17:18:38Z,Vaayu Organics Private Limited,PAID,INR,Trolley bag 24 inch,4,88742.95,6768.53,Marketplace,Web order - Trolley bag 24 inch
WB-109232,2026-03-04T15:00:40Z,Prithvi Seeds and Feeds Pvt Ltd,PAID,INR,Copper water bottle,4,65091.00,4964.57,Marketplace,Web order - Copper water bottle
WB-109302,2026-03-04T16:32:40Z,Tarangini Prints LLP,PAID,INR,Copper water bottle,2,50673.00,3864.89,Mobile app,Web order - Copper water bottle
WB-109417,2026-03-04T15:22:58Z,Meghdoot Packaging LLP,PAID,INR,Mixer jar spare,3,77675.36,5924.39,Phone order,Web order - Mixer jar spare
WB-109546,2026-03-04T12:01:06Z,Rukmini Provisions Private Limited,PAID,INR,Trolley bag 24 inch,4,79841.00,6089.57,Marketplace,Web order - Trolley bag 24 inch
WB-109626,2026-03-04T11:16:29Z,Kaveri Rubber Works Pvt Ltd,PAID,INR,Steel tiffin carrier,1,8410.49,641.48,Web,Web order - Steel tiffin carrier
WB-109736,2026-03-04T11:16:53Z,Ranjeet Timber Depot Pvt Ltd,PAID,INR,Coir door mat,1,78010.00,5949.92,Web,Web order - Coir door mat
WB-109804,2026-03-04T12:32:00Z,Ekansh Glassworks Private Limited,PAID,INR,Trolley bag 24 inch,2,73683.00,5619.89,Mobile app,Web order - Trolley bag 24 inch
WB-109943,2026-03-04T20:44:14Z,Chirag Battery House Pvt Ltd,PAID,INR,Steel tiffin carrier,3,79402.03,6056.09,Phone order,Web order - Steel tiffin carrier
WB-104175,2026-03-05T15:56:23Z,Chandravat Metals Private Limited,PAID,INR,Copper water bottle,4,77983.90,5947.92,Marketplace,Web order - Copper water bottle
WB-104258,2026-03-05T20:27:00Z,Naaz Fabrics Private Limited,PAID,INR,Copper water bottle,2,57006.00,4347.92,Mobile app,Web order - Copper water bottle
WB-104662,2026-03-05T17:49:53Z,Vaayu Organics Private Limited,PAID,INR,Trolley bag 24 inch,4,7783.00,593.62,Marketplace,Web order - Trolley bag 24 inch
WB-104934,2026-03-05T18:14:03Z,Kaveri Rubber Works Pvt Ltd,PAID,INR,Steel tiffin carrier,1,48346.30,3687.43,Web,Web order - Steel tiffin carrier
WB-104987,2026-03-05T20:24:46Z,Ambar Cold Rooms Pvt Ltd,PAID,INR,Coir door mat,1,79493.00,6063.03,Web,Web order - Coir door mat
WB-105275,2026-03-05T20:00:04Z,Devgiri Paints LLP,PAID,INR,Rubber foot mat,2,11395.92,869.18,Mobile app,Web order - Rubber foot mat
WB-105796,2026-03-05T19:29:46Z,Chirag Battery House Pvt Ltd,PAID,INR,Steel tiffin carrier,3,90554.00,6906.66,Phone order,Web order - Steel tiffin carrier
WB-105874,2026-03-05T16:25:09Z,Jashan Sports Goods Pvt Ltd,PAID,INR,Steel tiffin carrier,1,39369.89,3002.79,Web,Web order - Steel tiffin carrier
WB-105991,2026-03-05T11:04:40Z,Shubhankar Electricals LLP,PAID,INR,Steel tiffin carrier,3,74865.00,5710.04,Phone order,Web order - Steel tiffin carrier
WB-106014,2026-03-05T10:41:00Z,Rukmini Provisions Private Limited,PAID,INR,Trolley bag 24 inch,4,47484.00,3621.66,Marketplace,Web order - Trolley bag 24 inch
WB-106268,2026-03-05T13:43:29Z,Bhoomi Tiles and Sanitary LLP,PAID,INR,Rubber foot mat,4,80720.08,6156.62,Marketplace,Web order - Rubber foot mat
WB-106304,2026-03-05T19:38:08Z,Naaz Fabrics Private Limited,PAID,INR,Copper water bottle,2,64409.66,4912.60,Mobile app,Web order - Copper water bottle
WB-106330,2026-03-05T14:07:13Z,Kaveri Rubber Works Pvt Ltd,PAID,INR,Steel tiffin carrier,1,42745.00,3260.21,Web,Web order - Steel tiffin carrier
WB-106472,2026-03-05T13:56:46Z,Utsav Bakers LLP,PAID,INR,Trolley bag 24 inch,4,67087.39,5116.83,Marketplace,Web order - Trolley bag 24 inch
WB-106500,2026-03-05T11:15:08Z,Barkat Stationers Private Limited,PAID,INR,Rubber foot mat,4,45702.25,3485.76,Marketplace,Web order - Rubber foot mat
WB-106551,2026-03-05T20:10:46Z,Suvarna Weaves LLP,PAID,INR,Trolley bag 24 inch,2,52628.00,4014.00,Mobile app,Web order - Trolley bag 24 inch
WB-106709,2026-03-05T18:44:33Z,Nirvaan Agro Mills Pvt Ltd,PAID,INR,Coir door mat,3,60058.00,4580.69,Phone order,Web order - Coir door mat
WB-106768,2026-03-05T08:35:13Z,Meghdoot Packaging LLP,PAID,INR,Mixer jar spare,3,76936.00,5868.00,Phone order,Web order - Mixer jar spare
WB-106892,2026-03-05T12:24:26Z,Palashwood Interiors Pvt Ltd,PAID,INR,Steel tiffin carrier,1,29690.00,2264.49,Web,Web order - Steel tiffin carrier
WB-106918,2026-03-05T15:29:06Z,Bhavani Steel Trading Pvt Ltd,PAID,INR,Rubber foot mat,4,52958.00,4039.17,Marketplace,Web order - Rubber foot mat
WB-106943,2026-03-05T20:24:27Z,Girnar Pipes and Fittings Pvt Ltd,PAID,INR,Mixer jar spare,1,71576.03,5459.19,Web,Web order - Mixer jar spare
WB-107012,2026-03-05T17:54:57Z,Tarangini Prints LLP,PAID,INR,Copper water bottle,2,13204.73,1007.14,Mobile app,Web order - Copper water bottle
WB-107257,2026-03-05T16:14:22Z,Sohrab Auto Spares LLP,PAID,INR,Copper water bottle,4,75685.26,5772.60,Marketplace,Web order - Copper water bottle
WB-107471,2026-03-05T13:30:33Z,Sanchit Hardware Depot Pvt Ltd,PAID,INR,Mixer jar spare,3,21025.00,1603.60,Phone order,Web order - Mixer jar spare
WB-107476,2026-03-05T12:49:13Z,Ekansh Glassworks Private Limited,PAID,INR,Trolley bag 24 inch,2,57586.00,4392.15,Mobile app,Web order - Trolley bag 24 inch
WB-107853,2026-03-05T15:20:06Z,Ojas Lighting Private Limited,PAID,INR,Coir door mat,3,23231.00,1771.86,Phone order,Web order - Coir door mat
WB-108198,2026-03-05T08:23:40Z,Vindhya Plastics Private Limited,PAID,INR,Rubber foot mat,2,34424.40,2625.59,Mobile app,Web order - Rubber foot mat
WB-108283,2026-03-05T14:09:00Z,Madhuban Nurseries Pvt Ltd,PAID,INR,Coir door mat,3,18144.00,1383.86,Phone order,Web order - Coir door mat
WB-108446,2026-03-05T08:37:21Z,Marudhar Furnishings LLP,PAID,INR,Trolley bag 24 inch,2,29457.64,2246.77,Mobile app,Web order - Trolley bag 24 inch
WB-108491,2026-03-05T10:01:06Z,Kalanjali Crafts Pvt Ltd,PAID,INR,Mixer jar spare,3,35381.00,2698.55,Phone order,Web order - Mixer jar spare
WB-108503,2026-03-05T16:41:00Z,Yamini Home Needs Pvt Ltd,PAID,INR,Mixer jar spare,1,4779.00,364.50,Web,Web order - Mixer jar spare
WB-108949,2026-03-05T08:36:37Z,Neelkanth Ceramics Pvt Ltd,PAID,INR,Steel tiffin carrier,3,61523.31,4692.46,Phone order,Web order - Steel tiffin carrier
WB-109030,2026-03-05T17:13:40Z,Tanmay Toolroom Private Limited,PAID,INR,Copper water bottle,2,16023.00,1222.09,Mobile app,Web order - Copper water bottle
WB-109257,2026-03-05T18:46:02Z,Kesari Handlooms Pvt Ltd,PAID,INR,Rubber foot mat,2,88146.06,6723.00,Mobile app,Web order - Rubber foot mat
WB-109398,2026-03-05T10:35:13Z,Sitara Packaging Solutions Pvt Ltd,PAID,INR,Coir door mat,1,51781.00,3949.40,Web,Web order - Coir door mat
WB-109544,2026-03-05T17:46:39Z,Ranjeet Timber Depot Pvt Ltd,PAID,INR,Coir door mat,1,75806.39,5781.84,Web,Web order - Coir door mat
WB-109643,2026-03-05T14:07:13Z,Prithvi Seeds and Feeds Pvt Ltd,PAID,INR,Copper water bottle,4,41107.00,3135.28,Marketplace,Web order - Copper water bottle
WB-109765,2026-03-05T14:38:46Z,Anokhi Kitchenware Pvt Ltd,PAID,INR,Mixer jar spare,1,22937.00,1749.43,Web,Web order - Mixer jar spare
WB-109931,2026-03-05T15:39:49Z,Madhuban Nurseries Pvt Ltd,PAID,INR,Coir door mat,3,35877.28,2736.40,Phone order,Web order - Coir door mat
WB-104125,2026-03-06T20:18:41Z,Devgiri Paints LLP,PAID,INR,Rubber foot mat,2,84063.03,6411.59,Mobile app,Web order - Rubber foot mat
WB-104691,2026-03-06T14:15:26Z,Ojas Lighting Private Limited,PAID,INR,Coir door mat,3,64898.00,4949.85,Phone order,Web order - Coir door mat
WB-104750,2026-03-06T12:02:29Z,Vaayu Organics Private Limited,PAID,INR,Trolley bag 24 inch,4,16107.29,1228.52,Marketplace,Web order - Trolley bag 24 inch
WB-105054,2026-03-06T10:15:26Z,Bhavani Steel Trading Pvt Ltd,PAID,INR,Rubber foot mat,4,36584.00,2790.31,Marketplace,Web order - Rubber foot mat
WB-105096,2026-03-06T20:47:06Z,Ekansh Glassworks Private Limited,PAID,INR,Trolley bag 24 inch,2,76844.00,5860.98,Mobile app,Web order - Trolley bag 24 inch
WB-105148,2026-03-06T10:28:03Z,Shubhankar Electricals LLP,PAID,INR,Steel tiffin carrier,3,58059.10,4428.24,Phone order,Web order - Steel tiffin carrier
WB-105313,2026-03-06T20:36:40Z,Girnar Pipes and Fittings Pvt Ltd,PAID,INR,Mixer jar spare,1,91920.00,7010.85,Web,Web order - Mixer jar spare
WB-105535,2026-03-06T17:23:00Z,Nirvaan Agro Mills Pvt Ltd,PAID,INR,Coir door mat,3,22545.00,1719.53,Phone order,Web order - Coir door mat
WB-105579,2026-03-06T14:04:00Z,Tanmay Toolroom Private Limited,PAID,INR,Copper water bottle,2,62775.00,4787.92,Mobile app,Web order - Copper water bottle
WB-105692,2026-03-06T15:21:51Z,Meghdoot Packaging LLP,PAID,INR,Mixer jar spare,3,57831.93,4410.91,Phone order,Web order - Mixer jar spare
WB-105780,2026-03-06T11:46:23Z,Anokhi Kitchenware Pvt Ltd,PAID,INR,Mixer jar spare,1,67772.50,5169.09,Web,Web order - Mixer jar spare
WB-105872,2026-03-06T16:48:29Z,Suvarna Weaves LLP,PAID,INR,Trolley bag 24 inch,2,67515.29,5149.47,Mobile app,Web order - Trolley bag 24 inch
WB-105899,2026-03-06T13:23:00Z,Kalanjali Crafts Pvt Ltd,PAID,INR,Mixer jar spare,3,79407.00,6056.47,Phone order,Web order - Mixer jar spare
WB-106313,2026-03-06T19:20:26Z,Utsav Bakers LLP,PAID,INR,Trolley bag 24 inch,4,23426.00,1786.73,Marketplace,Web order - Trolley bag 24 inch
WB-106658,2026-03-06T08:55:00Z,Chirag Battery House Pvt Ltd,PAID,INR,Steel tiffin carrier,3,50364.00,3841.32,Phone order,Web order - Steel tiffin carrier
WB-106825,2026-03-06T13:50:20Z,Ambar Cold Rooms Pvt Ltd,PAID,INR,Coir door mat,1,59154.00,4511.75,Web,Web order - Coir door mat
WB-107057,2026-03-06T09:47:06Z,Madhuban Nurseries Pvt Ltd,PAID,INR,Coir door mat,3,29576.00,2255.80,Phone order,Web order - Coir door mat
WB-107136,2026-03-06T15:30:13Z,Kesari Handlooms Pvt Ltd,PAID,INR,Rubber foot mat,2,19075.00,1454.87,Mobile app,Web order - Rubber foot mat
WB-107202,2026-03-06T20:43:29Z,Rukmini Provisions Private Limited,PAID,INR,Trolley bag 24 inch,4,56594.67,4316.54,Marketplace,Web order - Trolley bag 24 inch
WB-107285,2026-03-06T08:45:15Z,Marudhar Furnishings LLP,PAID,INR,Trolley bag 24 inch,2,42710.86,3257.61,Mobile app,Web order - Trolley bag 24 inch
WB-107404,2026-03-06T16:33:25Z,Sohrab Auto Spares LLP,PAID,INR,Copper water bottle,4,15986.57,1219.31,Marketplace,Web order - Copper water bottle
WB-107527,2026-03-06T19:51:22Z,Tarangini Prints LLP,PAID,INR,Copper water bottle,2,46588.26,3553.34,Mobile app,Web order - Copper water bottle
WB-107572,2026-03-06T15:16:53Z,Sanchit Hardware Depot Pvt Ltd,PAID,INR,Mixer jar spare,3,21967.00,1675.45,Phone order,Web order - Mixer jar spare
WB-107585,2026-03-06T19:16:50Z,Chandravat Metals Private Limited,PAID,INR,Copper water bottle,4,32333.12,2466.09,Marketplace,Web order - Copper water bottle
WB-107728,2026-03-06T16:10:46Z,Vaayu Organics Private Limited,PAID,INR,Trolley bag 24 inch,4,16124.00,1229.80,Marketplace,Web order - Trolley bag 24 inch
WB-107804,2026-03-06T15:47:04Z,Vindhya Plastics Private Limited,PAID,INR,Rubber foot mat,2,36736.34,2801.92,Mobile app,Web order - Rubber foot mat
WB-108079,2026-03-06T10:12:53Z,Jashan Sports Goods Pvt Ltd,PAID,INR,Steel tiffin carrier,1,36412.00,2777.19,Web,Web order - Steel tiffin carrier
WB-108212,2026-03-06T12:49:33Z,Sitara Packaging Solutions Pvt Ltd,PAID,INR,Coir door mat,1,4078.00,311.03,Web,Web order - Coir door mat
WB-108383,2026-03-06T20:47:46Z,Kaveri Rubber Works Pvt Ltd,PAID,INR,Steel tiffin carrier,1,5045.00,384.79,Web,Web order - Steel tiffin carrier
WB-108413,2026-03-06T15:28:05Z,Barkat Stationers Private Limited,PAID,INR,Rubber foot mat,4,52466.56,4001.69,Marketplace,Web order - Rubber foot mat
WB-108547,2026-03-06T11:00:02Z,Yamini Home Needs Pvt Ltd,PAID,INR,Mixer jar spare,1,8260.28,630.02,Web,Web order - Mixer jar spare
WB-108561,2026-03-06T18:55:00Z,Palashwood Interiors Pvt Ltd,PAID,INR,Steel tiffin carrier,1,9765.00,744.79,Web,Web order - Steel tiffin carrier
WB-108743,2026-03-06T10:46:00Z,Devgiri Paints LLP,PAID,INR,Rubber foot mat,2,61002.00,4652.69,Mobile app,Web order - Rubber foot mat
WB-108956,2026-03-06T10:43:46Z,Bhoomi Tiles and Sanitary LLP,PAID,INR,Rubber foot mat,4,40901.00,3119.57,Marketplace,Web order - Rubber foot mat
WB-109029,2026-03-06T17:00:40Z,Ranjeet Timber Depot Pvt Ltd,PAID,INR,Coir door mat,1,20280.00,1546.78,Web,Web order - Coir door mat
WB-109195,2026-03-06T10:23:00Z,Prithvi Seeds and Feeds Pvt Ltd,PAID,INR,Copper water bottle,4,44541.00,3397.19,Marketplace,Web order - Copper water bottle
WB-109303,2026-03-06T20:44:33Z,Naaz Fabrics Private Limited,PAID,INR,Copper water bottle,2,90103.61,6872.31,Mobile app,Web order - Copper water bottle
WB-109509,2026-03-06T08:38:46Z,Girnar Pipes and Fittings Pvt Ltd,PAID,INR,Mixer jar spare,1,39434.00,3007.68,Web,Web order - Mixer jar spare
WB-109744,2026-03-06T17:05:22Z,Neelkanth Ceramics Pvt Ltd,PAID,INR,Steel tiffin carrier,3,45209.46,3448.18,Phone order,Web order - Steel tiffin carrier
WB-104266,2026-03-07T17:24:05Z,Sohrab Auto Spares LLP,PAID,INR,Copper water bottle,4,47700.16,3638.15,Marketplace,Web order - Copper water bottle
WB-104295,2026-03-07T08:34:07Z,Anokhi Kitchenware Pvt Ltd,PAID,INR,Mixer jar spare,1,38349.23,2924.94,Web,Web order - Mixer jar spare
WB-104483,2026-03-07T19:53:33Z,Kesari Handlooms Pvt Ltd,PAID,INR,Rubber foot mat,2,19351.01,1475.92,Mobile app,Web order - Rubber foot mat
WB-104778,2026-03-07T19:12:53Z,Meghdoot Packaging LLP,PAID,INR,Mixer jar spare,3,8916.99,680.11,Phone order,Web order - Mixer jar spare
WB-105183,2026-03-07T17:46:39Z,Nirvaan Agro Mills Pvt Ltd,PAID,INR,Coir door mat,3,65814.58,5019.76,Phone order,Web order - Coir door mat
WB-105359,2026-03-07T15:07:30Z,Barkat Stationers Private Limited,PAID,INR,Rubber foot mat,4,74319.32,5668.42,Marketplace,Web order - Rubber foot mat
WB-105568,2026-03-07T17:20:46Z,Chirag Battery House Pvt Ltd,PAID,INR,Steel tiffin carrier,3,24884.60,1897.98,Phone order,Web order - Steel tiffin carrier
WB-105572,2026-03-07T18:35:55Z,Bhoomi Tiles and Sanitary LLP,PAID,INR,Rubber foot mat,4,12367.66,943.30,Marketplace,Web order - Rubber foot mat
WB-105783,2026-03-07T17:46:20Z,Tanmay Toolroom Private Limited,PAID,INR,Copper water bottle,2,10887.00,830.36,Mobile app,Web order - Copper water bottle
WB-105890,2026-03-07T12:24:06Z,Utsav Bakers LLP,PAID,INR,Trolley bag 24 inch,4,14402.00,1098.46,Marketplace,Web order - Trolley bag 24 inch
WB-105966,2026-03-07T18:10:06Z,Madhuban Nurseries Pvt Ltd,PAID,INR,Coir door mat,3,64406.00,4912.32,Phone order,Web order - Coir door mat
WB-106149,2026-03-07T20:33:46Z,Shubhankar Electricals LLP,PAID,INR,Steel tiffin carrier,3,19949.00,1521.53,Phone order,Web order - Steel tiffin carrier
WB-106201,2026-03-07T19:46:00Z,Sanchit Hardware Depot Pvt Ltd,PAID,INR,Mixer jar spare,3,18765.00,1431.23,Phone order,Web order - Mixer jar spare
WB-106291,2026-03-07T19:27:17Z,Girnar Pipes and Fittings Pvt Ltd,PAID,INR,Mixer jar spare,1,62957.33,4801.83,Web,Web order - Mixer jar spare
WB-106292,2026-03-07T17:52:06Z,Tarangini Prints LLP,PAID,INR,Copper water bottle,2,80300.00,6124.58,Mobile app,Web order - Copper water bottle
WB-106334,2026-03-07T14:12:13Z,Prithvi Seeds and Feeds Pvt Ltd,PAID,INR,Copper water bottle,4,87385.00,6664.96,Marketplace,Web order - Copper water bottle
WB-106348,2026-03-07T12:25:10Z,Naaz Fabrics Private Limited,PAID,INR,Copper water bottle,2,68385.92,5215.88,Mobile app,Web order - Copper water bottle
WB-106431,2026-03-07T11:36:20Z,Rukmini Provisions Private Limited,PAID,INR,Trolley bag 24 inch,4,84471.00,6442.70,Marketplace,Web order - Trolley bag 24 inch
WB-106910,2026-03-07T13:06:46Z,Vindhya Plastics Private Limited,PAID,INR,Rubber foot mat,2,40631.00,3098.97,Mobile app,Web order - Rubber foot mat
WB-107023,2026-03-07T11:20:50Z,Kaveri Rubber Works Pvt Ltd,PAID,INR,Steel tiffin carrier,1,31974.90,2438.76,Web,Web order - Steel tiffin carrier
WB-107062,2026-03-07T20:24:06Z,Shubhankar Electricals LLP,PAID,INR,Steel tiffin carrier,3,61202.00,4667.95,Phone order,Web order - Steel tiffin carrier
WB-107234,2026-03-07T20:18:00Z,Vaayu Organics Private Limited,PAID,INR,Trolley bag 24 inch,4,35469.00,2705.26,Marketplace,Web order - Trolley bag 24 inch
WB-108016,2026-03-07T20:52:47Z,Devgiri Paints LLP,PAID,INR,Rubber foot mat,2,3657.22,278.94,Mobile app,Web order - Rubber foot mat
WB-108051,2026-03-07T14:24:26Z,Kalanjali Crafts Pvt Ltd,PAID,INR,Mixer jar spare,3,65959.99,5030.85,Phone order,Web order - Mixer jar spare
WB-108186,2026-03-07T14:32:39Z,Palashwood Interiors Pvt Ltd,PAID,INR,Steel tiffin carrier,1,57318.59,4371.76,Web,Web order - Steel tiffin carrier
WB-108372,2026-03-07T17:33:06Z,Ojas Lighting Private Limited,PAID,INR,Coir door mat,3,42959.00,3276.53,Phone order,Web order - Coir door mat
WB-108567,2026-03-07T17:36:40Z,Jashan Sports Goods Pvt Ltd,PAID,INR,Steel tiffin carrier,1,69339.00,5288.57,Web,Web order - Steel tiffin carrier
WB-108585,2026-03-07T12:09:20Z,Sohrab Auto Spares LLP,PAID,INR,Copper water bottle,4,72182.42,5505.44,Marketplace,Web order - Copper water bottle
WB-108821,2026-03-07T15:13:16Z,Suvarna Weaves LLP,PAID,INR,Trolley bag 24 inch,2,65435.90,4990.87,Mobile app,Web order - Trolley bag 24 inch
WB-108933,2026-03-07T10:41:00Z,Ekansh Glassworks Private Limited,PAID,INR,Trolley bag 24 inch,2,82701.00,6307.70,Mobile app,Web order - Trolley bag 24 inch
WB-109479,2026-03-07T12:58:53Z,Marudhar Furnishings LLP,PAID,INR,Trolley bag 24 inch,2,13057.00,995.87,Mobile app,Web order - Trolley bag 24 inch
WB-109553,2026-03-07T13:06:06Z,Ranjeet Timber Depot Pvt Ltd,PAID,INR,Coir door mat,1,62471.00,4764.74,Web,Web order - Coir door mat
WB-109629,2026-03-07T11:20:06Z,Chandravat Metals Private Limited,PAID,INR,Copper water bottle,4,9659.00,736.70,Marketplace,Web order - Copper water bottle
WB-109635,2026-03-07T17:32:40Z,Yamini Home Needs Pvt Ltd,PAID,INR,Mixer jar spare,1,20604.00,1571.49,Web,Web order - Mixer jar spare
WB-109638,2026-03-07T20:04:40Z,Bhavani Steel Trading Pvt Ltd,PAID,INR,Rubber foot mat,4,5109.61,389.72,Marketplace,Web order - Rubber foot mat
WB-109720,2026-03-07T19:33:44Z,Neelkanth Ceramics Pvt Ltd,PAID,INR,Steel tiffin carrier,3,14871.12,1134.24,Phone order,Web order - Steel tiffin carrier
WB-109763,2026-03-07T15:03:13Z,Sitara Packaging Solutions Pvt Ltd,PAID,INR,Coir door mat,1,42331.00,3228.64,Web,Web order - Coir door mat
WB-109779,2026-03-07T09:53:13Z,Ambar Cold Rooms Pvt Ltd,PAID,INR,Coir door mat,1,25825.00,1969.70,Web,Web order - Coir door mat
WB-104098,2026-03-08T12:19:23Z,Kalanjali Crafts Pvt Ltd,PAID,INR,Mixer jar spare,3,59415.10,4531.66,Phone order,Web order - Mixer jar spare
WB-104119,2026-03-08T16:15:06Z,Ambar Cold Rooms Pvt Ltd,PAID,INR,Coir door mat,1,90794.00,6924.97,Web,Web order - Coir door mat
WB-104172,2026-03-08T10:09:00Z,Sanchit Hardware Depot Pvt Ltd,PAID,INR,Mixer jar spare,3,87291.00,6657.79,Phone order,Web order - Mixer jar spare
WB-104457,2026-03-08T18:39:12Z,Shubhankar Electricals LLP,PAID,INR,Steel tiffin carrier,3,43209.37,3295.63,Phone order,Web order - Steel tiffin carrier
WB-104493,2026-03-08T10:29:46Z,Sohrab Auto Spares LLP,PAID,INR,Copper water bottle,4,14036.00,1070.54,Marketplace,Web order - Copper water bottle
WB-104611,2026-03-08T16:21:53Z,Chandravat Metals Private Limited,PAID,INR,Copper water bottle,4,34900.00,2661.86,Marketplace,Web order - Copper water bottle
WB-104615,2026-03-08T13:53:33Z,Prithvi Seeds and Feeds Pvt Ltd,PAID,INR,Copper water bottle,4,21925.00,1672.25,Marketplace,Web order - Copper water bottle
WB-104648,2026-03-08T12:24:26Z,Neelkanth Ceramics Pvt Ltd,PAID,INR,Steel tiffin carrier,3,57536.00,4388.34,Phone order,Web order - Steel tiffin carrier
WB-104665,2026-03-08T11:24:06Z,Meghdoot Packaging LLP,PAID,INR,Mixer jar spare,3,37919.00,2892.13,Phone order,Web order - Mixer jar spare
WB-104669,2026-03-08T15:20:46Z,Rukmini Provisions Private Limited,PAID,INR,Trolley bag 24 inch,4,45617.00,3479.26,Marketplace,Web order - Trolley bag 24 inch
WB-104914,2026-03-08T11:40:13Z,Ekansh Glassworks Private Limited,PAID,INR,Trolley bag 24 inch,2,91741.00,6997.19,Mobile app,Web order - Trolley bag 24 inch
WB-105134,2026-03-08T10:51:42Z,Madhuban Nurseries Pvt Ltd,PAID,INR,Coir door mat,3,81345.07,6204.28,Phone order,Web order - Coir door mat
WB-105655,2026-03-08T13:43:06Z,Devgiri Paints LLP,PAID,INR,Rubber foot mat,2,69761.00,5320.75,Mobile app,Web order - Rubber foot mat
WB-105736,2026-03-08T10:18:40Z,Utsav Bakers LLP,PAID,INR,Trolley bag 24 inch,4,17373.00,1325.06,Marketplace,Web order - Trolley bag 24 inch
WB-105911,2026-03-08T08:11:09Z,Nirvaan Agro Mills Pvt Ltd,PAID,INR,Coir door mat,3,76761.29,5854.67,Phone order,Web order - Coir door mat
WB-106088,2026-03-08T12:04:20Z,Anokhi Kitchenware Pvt Ltd,PAID,INR,Mixer jar spare,1,45069.00,3437.47,Web,Web order - Mixer jar spare
WB-106184,2026-03-08T13:23:43Z,Naaz Fabrics Private Limited,PAID,INR,Copper water bottle,2,13926.10,1062.16,Mobile app,Web order - Copper water bottle
WB-106224,2026-03-08T14:06:08Z,Vindhya Plastics Private Limited,PAID,INR,Rubber foot mat,2,59850.24,4564.85,Mobile app,Web order - Rubber foot mat
WB-106265,2026-03-08T18:29:28Z,Suvarna Weaves LLP,PAID,INR,Trolley bag 24 inch,2,12132.84,925.39,Mobile app,Web order - Trolley bag 24 inch
WB-106760,2026-03-08T18:13:00Z,Sitara Packaging Solutions Pvt Ltd,PAID,INR,Coir door mat,1,19260.00,1468.98,Web,Web order - Coir door mat
WB-106836,2026-03-08T19:12:32Z,Bhoomi Tiles and Sanitary LLP,PAID,INR,Rubber foot mat,4,18690.37,1425.54,Marketplace,Web order - Rubber foot mat
WB-106843,2026-03-08T12:46:40Z,Vaayu Organics Private Limited,PAID,INR,Trolley bag 24 inch,4,23835.00,1817.92,Marketplace,Web order - Trolley bag 24 inch
WB-106922,2026-03-08T09:33:25Z,Bhavani Steel Trading Pvt Ltd,PAID,INR,Rubber foot mat,4,7188.16,548.25,Marketplace,Web order - Rubber foot mat
WB-107181,2026-03-08T16:58:33Z,Sanchit Hardware Depot Pvt Ltd,PAID,INR,Mixer jar spare,3,16255.00,1239.79,Phone order,Web order - Mixer jar spare
WB-107350,2026-03-08T19:26:16Z,Chirag Battery House Pvt Ltd,PAID,INR,Steel tiffin carrier,3,91622.30,6988.14,Phone order,Web order - Steel tiffin carrier
WB-107406,2026-03-08T20:49:16Z,Jashan Sports Goods Pvt Ltd,PAID,INR,Steel tiffin carrier,1,44926.69,3426.61,Web,Web order - Steel tiffin carrier
WB-107521,2026-03-08T17:46:20Z,Ranjeet Timber Depot Pvt Ltd,PAID,INR,Coir door mat,1,65596.22,5003.10,Web,Web order - Coir door mat
WB-107633,2026-03-08T14:02:31Z,Kaveri Rubber Works Pvt Ltd,PAID,INR,Steel tiffin carrier,1,30755.74,2345.78,Web,Web order - Steel tiffin carrier
WB-107679,2026-03-08T19:00:40Z,Sitara Packaging Solutions Pvt Ltd,PAID,INR,Coir door mat,1,70473.00,5375.06,Web,Web order - Coir door mat
WB-108127,2026-03-08T09:29:48Z,Yamini Home Needs Pvt Ltd,PAID,INR,Mixer jar spare,1,57372.86,4375.90,Web,Web order - Mixer jar spare
WB-108725,2026-03-08T15:31:57Z,Girnar Pipes and Fittings Pvt Ltd,PAID,INR,Mixer jar spare,1,70874.93,5405.72,Web,Web order - Mixer jar spare
WB-108861,2026-03-08T17:20:06Z,Palashwood Interiors Pvt Ltd,PAID,INR,Steel tiffin carrier,1,83252.00,6349.73,Web,Web order - Steel tiffin carrier
WB-109242,2026-03-08T17:25:52Z,Tanmay Toolroom Private Limited,PAID,INR,Copper water bottle,2,15072.97,1149.63,Mobile app,Web order - Copper water bottle
WB-109349,2026-03-08T19:29:46Z,Marudhar Furnishings LLP,PAID,INR,Trolley bag 24 inch,2,65984.00,5032.68,Mobile app,Web order - Trolley bag 24 inch
WB-109442,2026-03-08T19:09:00Z,Kesari Handlooms Pvt Ltd,PAID,INR,Rubber foot mat,2,36864.00,2811.66,Mobile app,Web order - Rubber foot mat
WB-109511,2026-03-08T20:16:33Z,Ojas Lighting Private Limited,PAID,INR,Coir door mat,3,77323.60,5897.56,Phone order,Web order - Coir door mat
WB-109589,2026-03-08T20:36:20Z,Suvarna Weaves LLP,PAID,INR,Trolley bag 24 inch,2,15207.00,1159.86,Mobile app,Web order - Trolley bag 24 inch
WB-109823,2026-03-08T15:26:33Z,Barkat Stationers Private Limited,PAID,INR,Rubber foot mat,4,7904.79,602.91,Marketplace,Web order - Rubber foot mat
WB-109966,2026-03-08T15:29:06Z,Tarangini Prints LLP,PAID,INR,Copper water bottle,2,40345.40,3077.19,Mobile app,Web order - Copper water bottle
WB-104061,2026-03-09T13:13:19Z,Bhavani Steel Trading Pvt Ltd,PAID,INR,Rubber foot mat,4,47277.58,3605.92,Marketplace,Web order - Rubber foot mat
WB-104107,2026-03-09T17:18:18Z,Vindhya Plastics Private Limited,PAID,INR,Rubber foot mat,2,400.14,30.52,Mobile app,Web order - Rubber foot mat
WB-104515,2026-03-09T19:55:39Z,Sohrab Auto Spares LLP,PAID,INR,Copper water bottle,4,49583.98,3781.83,Marketplace,Web order - Copper water bottle
WB-104590,2026-03-09T12:55:00Z,Kesari Handlooms Pvt Ltd,PAID,INR,Rubber foot mat,2,55746.00,4251.81,Mobile app,Web order - Rubber foot mat
WB-104624,2026-03-09T20:44:33Z,Tarangini Prints LLP,PAID,INR,Copper water bottle,2,80767.00,6160.19,Mobile app,Web order - Copper water bottle
WB-104727,2026-03-09T09:13:18Z,Bhoomi Tiles and Sanitary LLP,PAID,INR,Rubber foot mat,4,25515.56,1946.10,Marketplace,Web order - Rubber foot mat
WB-104800,2026-03-09T08:52:06Z,Marudhar Furnishings LLP,PAID,INR,Trolley bag 24 inch,2,44732.00,3411.76,Mobile app,Web order - Trolley bag 24 inch
WB-105004,2026-03-09T08:03:13Z,Ambar Cold Rooms Pvt Ltd,PAID,INR,Coir door mat,1,23377.00,1782.99,Web,Web order - Coir door mat
WB-105005,2026-03-09T12:18:20Z,Prithvi Seeds and Feeds Pvt Ltd,PAID,INR,Copper water bottle,4,62106.00,4736.90,Marketplace,Web order - Copper water bottle
WB-105062,2026-03-09T09:40:53Z,Chandravat Metals Private Limited,PAID,INR,Copper water bottle,4,9880.00,753.56,Marketplace,Web order - Copper water bottle
WB-105078,2026-03-09T15:45:35Z,Shubhankar Electricals LLP,PAID,INR,Steel tiffin carrier,3,73840.67,5631.92,Phone order,Web order - Steel tiffin carrier
WB-105253,2026-03-09T18:18:40Z,Suvarna Weaves LLP,PAID,INR,Trolley bag 24 inch,2,56802.00,4332.36,Mobile app,Web order - Trolley bag 24 inch
WB-105300,2026-03-09T13:03:33Z,Nirvaan Agro Mills Pvt Ltd,PAID,INR,Coir door mat,3,75566.81,5763.57,Phone order,Web order - Coir door mat
WB-105322,2026-03-09T11:33:06Z,Utsav Bakers LLP,PAID,INR,Trolley bag 24 inch,4,20963.00,1598.87,Marketplace,Web order - Trolley bag 24 inch
WB-105540,2026-03-09T08:35:13Z,Madhuban Nurseries Pvt Ltd,PAID,INR,Coir door mat,3,22063.00,1682.77,Phone order,Web order - Coir door mat
WB-106004,2026-03-09T19:55:20Z,Naaz Fabrics Private Limited,PAID,INR,Copper water bottle,2,3174.00,242.08,Mobile app,Web order - Copper water bottle
WB-106024,2026-03-09T10:07:12Z,Kalanjali Crafts Pvt Ltd,PAID,INR,Mixer jar spare,3,31138.56,2374.97,Phone order,Web order - Mixer jar spare
WB-106051,2026-03-09T16:12:13Z,Kaveri Rubber Works Pvt Ltd,PAID,INR,Steel tiffin carrier,1,26194.00,1997.85,Web,Web order - Steel tiffin carrier
WB-106259,2026-03-09T08:46:59Z,Barkat Stationers Private Limited,PAID,INR,Rubber foot mat,4,14248.79,1086.77,Marketplace,Web order - Rubber foot mat
WB-106305,2026-03-09T17:15:45Z,Ekansh Glassworks Private Limited,PAID,INR,Trolley bag 24 inch,2,6452.55,492.14,Mobile app,Web order - Trolley bag 24 inch
WB-106352,2026-03-09T16:24:46Z,Yamini Home Needs Pvt Ltd,PAID,INR,Mixer jar spare,1,81482.00,6214.73,Web,Web order - Mixer jar spare
WB-106396,2026-03-09T16:13:57Z,Vaayu Organics Private Limited,PAID,INR,Trolley bag 24 inch,4,2482.13,189.32,Marketplace,Web order - Trolley bag 24 inch
WB-106406,2026-03-09T14:42:43Z,Ranjeet Timber Depot Pvt Ltd,PAID,INR,Coir door mat,1,9170.50,699.44,Web,Web order - Coir door mat
WB-106978,2026-03-09T16:13:58Z,Tanmay Toolroom Private Limited,PAID,INR,Copper water bottle,2,28853.96,2200.73,Mobile app,Web order - Copper water bottle
WB-107075,2026-03-09T18:55:40Z,Sanchit Hardware Depot Pvt Ltd,PAID,INR,Mixer jar spare,3,69825.00,5325.64,Phone order,Web order - Mixer jar spare
WB-107177,2026-03-09T12:13:37Z,Palashwood Interiors Pvt Ltd,PAID,INR,Steel tiffin carrier,1,64367.32,4909.37,Web,Web order - Steel tiffin carrier
WB-107315,2026-03-09T19:51:22Z,Sitara Packaging Solutions Pvt Ltd,PAID,INR,Coir door mat,1,42165.66,3216.02,Web,Web order - Coir door mat
WB-107845,2026-03-09T19:55:00Z,Jashan Sports Goods Pvt Ltd,PAID,INR,Steel tiffin carrier,1,50130.00,3823.47,Web,Web order - Steel tiffin carrier
WB-107867,2026-03-09T12:34:28Z,Neelkanth Ceramics Pvt Ltd,PAID,INR,Steel tiffin carrier,3,75890.65,5788.27,Phone order,Web order - Steel tiffin carrier
WB-108017,2026-03-09T11:27:01Z,Tanmay Toolroom Private Limited,PAID,INR,Copper water bottle,2,68776.23,5245.64,Mobile app,Web order - Copper water bottle
WB-108024,2026-03-09T12:06:26Z,Ojas Lighting Private Limited,PAID,INR,Coir door mat,3,10367.00,790.70,Phone order,Web order - Coir door mat
WB-108066,2026-03-09T18:41:40Z,Devgiri Paints LLP,PAID,INR,Rubber foot mat,2,52788.00,4026.20,Mobile app,Web order - Rubber foot mat
WB-108068,2026-03-09T13:10:26Z,Girnar Pipes and Fittings Pvt Ltd,PAID,INR,Mixer jar spare,1,40499.00,3088.91,Web,Web order - Mixer jar spare
WB-108424,2026-03-09T15:32:42Z,Jashan Sports Goods Pvt Ltd,PAID,INR,Steel tiffin carrier,1,62232.66,4746.56,Web,Web order - Steel tiffin carrier
WB-108765,2026-03-09T14:47:46Z,Meghdoot Packaging LLP,PAID,INR,Mixer jar spare,3,47750.00,3641.95,Phone order,Web order - Mixer jar spare
WB-109064,2026-03-09T18:21:13Z,Chirag Battery House Pvt Ltd,PAID,INR,Steel tiffin carrier,3,59594.81,4545.37,Phone order,Web order - Steel tiffin carrier
WB-109312,2026-03-09T14:21:13Z,Anokhi Kitchenware Pvt Ltd,PAID,INR,Mixer jar spare,1,65515.00,4996.91,Web,Web order - Mixer jar spare
WB-109723,2026-03-09T13:50:40Z,Rukmini Provisions Private Limited,PAID,INR,Trolley bag 24 inch,4,25302.00,1929.81,Marketplace,Web order - Trolley bag 24 inch
WB-109841,2026-03-09T18:16:31Z,Bhavani Steel Trading Pvt Ltd,PAID,INR,Rubber foot mat,4,2396.74,182.80,Marketplace,Web order - Rubber foot mat
WB-104114,2026-03-10T11:28:04Z,Tarangini Prints LLP,PAID,INR,Copper water bottle,2,38239.32,2916.56,Mobile app,Web order - Copper water bottle
WB-104160,2026-03-10T17:13:20Z,Bhoomi Tiles and Sanitary LLP,PAID,INR,Rubber foot mat,4,78540.00,5990.34,Marketplace,Web order - Rubber foot mat
WB-104349,2026-03-10T20:00:03Z,Sanchit Hardware Depot Pvt Ltd,PAID,INR,Mixer jar spare,3,84942.09,6478.63,Phone order,Web order - Mixer jar spare
WB-104468,2026-03-10T14:58:33Z,Anokhi Kitchenware Pvt Ltd,PAID,INR,Mixer jar spare,1,34858.00,2658.66,Web,Web order - Mixer jar spare
WB-104474,2026-03-10T16:21:32Z,Nirvaan Agro Mills Pvt Ltd,PAID,INR,Coir door mat,3,38776.58,2957.54,Phone order,Web order - Coir door mat
WB-104520,2026-03-10T16:24:47Z,Girnar Pipes and Fittings Pvt Ltd,PAID,INR,Mixer jar spare,1,30540.22,2329.34,Web,Web order - Mixer jar spare
WB-105007,2026-03-10T17:33:07Z,Kaveri Rubber Works Pvt Ltd,PAID,INR,Steel tiffin carrier,1,76865.61,5862.63,Web,Web order - Steel tiffin carrier
WB-105017,2026-03-10T18:30:53Z,Jashan Sports Goods Pvt Ltd,PAID,INR,Steel tiffin carrier,1,5074.00,387.00,Web,Web order - Steel tiffin carrier
WB-105051,2026-03-10T13:17:17Z,Suvarna Weaves LLP,PAID,INR,Trolley bag 24 inch,2,39244.11,2993.19,Mobile app,Web order - Trolley bag 24 inch
WB-105112,2026-03-10T18:34:09Z,Kesari Handlooms Pvt Ltd,PAID,INR,Rubber foot mat,2,89642.09,6837.11,Mobile app,Web order - Rubber foot mat
WB-105438,2026-03-10T19:29:06Z,Bhavani Steel Trading Pvt Ltd,PAID,INR,Rubber foot mat,4,56702.00,4324.73,Marketplace,Web order - Rubber foot mat
WB-105822,2026-03-10T19:15:06Z,Sitara Packaging Solutions Pvt Ltd,PAID,INR,Coir door mat,1,11819.00,901.45,Web,Web order - Coir door mat
WB-106005,2026-03-10T16:17:57Z,Ambar Cold Rooms Pvt Ltd,PAID,INR,Coir door mat,1,53089.11,4049.17,Web,Web order - Coir door mat
WB-106092,2026-03-10T09:07:53Z,Marudhar Furnishings LLP,PAID,INR,Trolley bag 24 inch,2,35764.00,2727.76,Mobile app,Web order - Trolley bag 24 inch
WB-106949,2026-03-10T20:04:40Z,Yamini Home Needs Pvt Ltd,PAID,INR,Mixer jar spare,1,75216.00,5736.81,Web,Web order - Mixer jar spare
WB-107306,2026-03-10T08:14:41Z,Neelkanth Ceramics Pvt Ltd,PAID,INR,Steel tiffin carrier,3,87744.04,6692.34,Phone order,Web order - Steel tiffin carrier
WB-107357,2026-03-10T19:29:26Z,Shubhankar Electricals LLP,PAID,INR,Steel tiffin carrier,3,14168.58,1080.65,Phone order,Web order - Steel tiffin carrier
WB-107475,2026-03-10T09:55:21Z,Barkat Stationers Private Limited,PAID,INR,Rubber foot mat,4,34530.05,2633.65,Marketplace,Web order - Rubber foot mat
WB-107576,2026-03-10T16:16:11Z,Naaz Fabrics Private Limited,PAID,INR,Copper water bottle,2,65334.93,4983.17,Mobile app,Web order - Copper water bottle
WB-107607,2026-03-10T19:20:26Z,Devgiri Paints LLP,PAID,INR,Rubber foot mat,2,40625.00,3098.52,Mobile app,Web order - Rubber foot mat
WB-107621,2026-03-10T09:18:42Z,Prithvi Seeds and Feeds Pvt Ltd,PAID,INR,Copper water bottle,4,82986.66,6329.49,Marketplace,Web order - Copper water bottle
WB-107697,2026-03-10T12:30:30Z,Vaayu Organics Private Limited,PAID,INR,Trolley bag 24 inch,4,31344.32,2390.67,Marketplace,Web order - Trolley bag 24 inch
WB-107950,2026-03-10T18:22:57Z,Nirvaan Agro Mills Pvt Ltd,PAID,INR,Coir door mat,3,4597.12,350.63,Phone order,Web order - Coir door mat
WB-108100,2026-03-10T19:49:13Z,Madhuban Nurseries Pvt Ltd,PAID,INR,Coir door mat,3,63436.00,4838.34,Phone order,Web order - Coir door mat
WB-108257,2026-03-10T08:20:46Z,Rukmini Provisions Private Limited,PAID,INR,Trolley bag 24 inch,4,455.00,34.70,Marketplace,Web order - Trolley bag 24 inch
WB-108440,2026-03-10T15:03:13Z,Ranjeet Timber Depot Pvt Ltd,PAID,INR,Coir door mat,1,10390.00,792.46,Web,Web order - Coir door mat
WB-108527,2026-03-10T08:35:32Z,Vindhya Plastics Private Limited,PAID,INR,Rubber foot mat,2,51765.36,3948.21,Mobile app,Web order - Rubber foot mat
WB-108576,2026-03-10T10:35:33Z,Palashwood Interiors Pvt Ltd,PAID,INR,Steel tiffin carrier,1,22843.00,1742.26,Web,Web order - Steel tiffin carrier
WB-108698,2026-03-10T11:56:26Z,Meghdoot Packaging LLP,PAID,INR,Mixer jar spare,3,10124.00,772.17,Phone order,Web order - Mixer jar spare
WB-108797,2026-03-10T19:16:13Z,Ojas Lighting Private Limited,PAID,INR,Coir door mat,3,75397.00,5750.62,Phone order,Web order - Coir door mat
WB-108941,2026-03-10T11:50:20Z,Utsav Bakers LLP,PAID,INR,Trolley bag 24 inch,4,35988.00,2744.85,Marketplace,Web order - Trolley bag 24 inch
WB-109059,2026-03-10T16:01:46Z,Anokhi Kitchenware Pvt Ltd,PAID,INR,Mixer jar spare,1,29804.00,2273.19,Web,Web order - Mixer jar spare
WB-109070,2026-03-10T14:18:20Z,Tanmay Toolroom Private Limited,PAID,INR,Copper water bottle,2,41046.00,3130.63,Mobile app,Web order - Copper water bottle
WB-109138,2026-03-10T17:09:40Z,Rukmini Provisions Private Limited,PAID,INR,Trolley bag 24 inch,4,83586.00,6375.20,Marketplace,Web order - Trolley bag 24 inch
WB-109226,2026-03-10T08:25:09Z,Chirag Battery House Pvt Ltd,PAID,INR,Steel tiffin carrier,3,35976.87,2744.00,Phone order,Web order - Steel tiffin carrier
WB-109353,2026-03-10T19:00:40Z,Kalanjali Crafts Pvt Ltd,PAID,INR,Mixer jar spare,3,56550.00,4313.14,Phone order,Web order - Mixer jar spare
WB-109423,2026-03-10T18:27:20Z,Sohrab Auto Spares LLP,PAID,INR,Copper water bottle,4,55516.20,4234.29,Marketplace,Web order - Copper water bottle
WB-109619,2026-03-10T15:01:05Z,Chandravat Metals Private Limited,PAID,INR,Copper water bottle,4,75394.96,5750.46,Marketplace,Web order - Copper water bottle
WB-109978,2026-03-10T20:50:00Z,Ekansh Glassworks Private Limited,PAID,INR,Trolley bag 24 inch,2,87390.00,6665.34,Mobile app,Web order - Trolley bag 24 inch
WB-104097,2026-03-11T13:03:33Z,Rukmini Provisions Private Limited,PAID,INR,Trolley bag 24 inch,4,10702.00,816.25,Marketplace,Web order - Trolley bag 24 inch
WB-104147,2026-03-11T14:41:40Z,Jashan Sports Goods Pvt Ltd,PAID,INR,Steel tiffin carrier,1,65424.00,4989.97,Web,Web order - Steel tiffin carrier
WB-104157,2026-03-11T20:58:13Z,Ambar Cold Rooms Pvt Ltd,PAID,INR,Coir door mat,1,28462.00,2170.83,Web,Web order - Coir door mat
WB-104311,2026-03-11T11:02:32Z,Vindhya Plastics Private Limited,PAID,INR,Rubber foot mat,2,31106.76,2372.55,Mobile app,Web order - Rubber foot mat
WB-104538,2026-03-11T12:06:06Z,Utsav Bakers LLP,PAID,INR,Trolley bag 24 inch,4,61090.40,4659.44,Marketplace,Web order - Trolley bag 24 inch
WB-104792,2026-03-11T13:13:00Z,Sanchit Hardware Depot Pvt Ltd,PAID,INR,Mixer jar spare,3,48861.00,3726.69,Phone order,Web order - Mixer jar spare
WB-104844,2026-03-11T09:10:46Z,Tanmay Toolroom Private Limited,PAID,INR,Copper water bottle,2,88898.00,6780.36,Mobile app,Web order - Copper water bottle
WB-104928,2026-03-11T15:56:46Z,Chandravat Metals Private Limited,PAID,INR,Copper water bottle,4,75020.00,5721.86,Marketplace,Web order - Copper water bottle
WB-104976,2026-03-11T10:39:30Z,Bhavani Steel Trading Pvt Ltd,PAID,INR,Rubber foot mat,4,54612.91,4165.39,Marketplace,Web order - Rubber foot mat
WB-104996,2026-03-11T13:06:46Z,Sohrab Auto Spares LLP,PAID,INR,Copper water bottle,4,66839.00,5097.89,Marketplace,Web order - Copper water bottle
WB-105043,2026-03-11T11:47:26Z,Vaayu Organics Private Limited,PAID,INR,Trolley bag 24 inch,4,13976.00,1065.97,Marketplace,Web order - Trolley bag 24 inch
WB-105046,2026-03-11T12:41:20Z,Kesari Handlooms Pvt Ltd,PAID,INR,Rubber foot mat,2,56454.00,4305.81,Mobile app,Web order - Rubber foot mat
WB-105103,2026-03-11T14:35:53Z,Meghdoot Packaging LLP,PAID,INR,Mixer jar spare,3,77911.00,5942.36,Phone order,Web order - Mixer jar spare
WB-105345,2026-03-11T17:13:40Z,Marudhar Furnishings LLP,PAID,INR,Trolley bag 24 inch,2,62706.00,4782.66,Mobile app,Web order - Trolley bag 24 inch
WB-105354,2026-03-11T13:32:02Z,Ranjeet Timber Depot Pvt Ltd,PAID,INR,Coir door mat,1,71881.27,5482.47,Web,Web order - Coir door mat
WB-105550,2026-03-11T18:56:44Z,Anokhi Kitchenware Pvt Ltd,PAID,INR,Mixer jar spare,1,6528.14,497.91,Web,Web order - Mixer jar spare
WB-105734,2026-03-11T08:29:06Z,Ekansh Glassworks Private Limited,PAID,INR,Trolley bag 24 inch,2,10744.39,819.49,Mobile app,Web order - Trolley bag 24 inch
WB-106999,2026-03-11T17:53:10Z,Kaveri Rubber Works Pvt Ltd,PAID,INR,Steel tiffin carrier,1,49107.90,3745.52,Web,Web order - Steel tiffin carrier
WB-107329,2026-03-11T09:40:36Z,Barkat Stationers Private Limited,PAID,INR,Rubber foot mat,4,75439.10,5753.83,Marketplace,Web order - Rubber foot mat
WB-107381,2026-03-11T18:22:57Z,Sitara Packaging Solutions Pvt Ltd,PAID,INR,Coir door mat,1,13769.92,1050.25,Web,Web order - Coir door mat
WB-107469,2026-03-11T11:23:00Z,Kalanjali Crafts Pvt Ltd,PAID,INR,Mixer jar spare,3,85725.00,6538.35,Phone order,Web order - Mixer jar spare
WB-107529,2026-03-11T17:26:13Z,Chirag Battery House Pvt Ltd,PAID,INR,Steel tiffin carrier,3,14800.00,1128.81,Phone order,Web order - Steel tiffin carrier
WB-107779,2026-03-11T18:47:06Z,Neelkanth Ceramics Pvt Ltd,PAID,INR,Steel tiffin carrier,3,50893.39,3881.70,Phone order,Web order - Steel tiffin carrier
WB-108039,2026-03-11T08:32:20Z,Prithvi Seeds and Feeds Pvt Ltd,PAID,INR,Copper water bottle,4,30354.00,2315.14,Marketplace,Web order - Copper water bottle
WB-108043,2026-03-11T08:45:56Z,Devgiri Paints LLP,PAID,INR,Rubber foot mat,2,33319.70,2541.33,Mobile app,Web order - Rubber foot mat
WB-108163,2026-03-11T16:02:50Z,Vindhya Plastics Private Limited,PAID,INR,Rubber foot mat,2,70356.32,5366.16,Mobile app,Web order - Rubber foot mat
WB-108324,2026-03-11T17:13:16Z,Nirvaan Agro Mills Pvt Ltd,PAID,INR,Coir door mat,3,50600.30,3859.34,Phone order,Web order - Coir door mat
WB-108422,2026-03-11T13:56:26Z,Girnar Pipes and Fittings Pvt Ltd,PAID,INR,Mixer jar spare,1,14453.00,1102.35,Web,Web order - Mixer jar spare
WB-108545,2026-03-11T16:10:26Z,Suvarna Weaves LLP,PAID,INR,Trolley bag 24 inch,2,13121.00,1000.75,Mobile app,Web order - Trolley bag 24 inch
WB-108558,2026-03-11T14:21:33Z,Tarangini Prints LLP,PAID,INR,Copper water bottle,2,11843.19,903.29,Mobile app,Web order - Copper water bottle
WB-108775,2026-03-11T18:24:06Z,Madhuban Nurseries Pvt Ltd,PAID,INR,Coir door mat,3,52778.00,4025.44,Phone order,Web order - Coir door mat
WB-108901,2026-03-11T11:23:40Z,Chandravat Metals Private Limited,PAID,INR,Copper water bottle,4,22116.00,1686.81,Marketplace,Web order - Copper water bottle
WB-108947,2026-03-11T18:04:40Z,Yamini Home Needs Pvt Ltd,PAID,INR,Mixer jar spare,1,34032.00,2595.66,Web,Web order - Mixer jar spare
WB-109105,2026-03-11T11:36:20Z,Ojas Lighting Private Limited,PAID,INR,Coir door mat,3,76281.00,5818.04,Phone order,Web order - Coir door mat
WB-109113,2026-03-11T12:58:53Z,Naaz Fabrics Private Limited,PAID,INR,Copper water bottle,2,31566.39,2407.61,Mobile app,Web order - Copper water bottle
WB-109309,2026-03-11T16:08:37Z,Chirag Battery House Pvt Ltd,PAID,INR,Steel tiffin carrier,3,38213.33,2914.58,Phone order,Web order - Steel tiffin carrier
WB-109389,2026-03-11T20:11:10Z,Shubhankar Electricals LLP,PAID,INR,Steel tiffin carrier,3,58836.90,4487.56,Phone order,Web order - Steel tiffin carrier
WB-109408,2026-03-11T11:47:26Z,Palashwood Interiors Pvt Ltd,PAID,INR,Steel tiffin carrier,1,81134.00,6188.19,Web,Web order - Steel tiffin carrier
WB-109873,2026-03-11T12:41:20Z,Bhoomi Tiles and Sanitary LLP,PAID,INR,Rubber foot mat,4,49902.00,3806.08,Marketplace,Web order - Rubber foot mat
WB-104008,2026-03-12T15:19:06Z,Ojas Lighting Private Limited,PAID,INR,Coir door mat,3,86621.58,6606.73,Phone order,Web order - Coir door mat
WB-104264,2026-03-12T13:43:46Z,Bhavani Steel Trading Pvt Ltd,PAID,INR,Rubber foot mat,4,13523.00,1031.42,Marketplace,Web order - Rubber foot mat
WB-104324,2026-03-12T09:21:13Z,Ranjeet Timber Depot Pvt Ltd,PAID,INR,Coir door mat,1,86926.00,6629.95,Web,Web order - Coir door mat
WB-104392,2026-03-12T09:07:33Z,Tanmay Toolroom Private Limited,PAID,INR,Copper water bottle,2,89272.00,6808.88,Mobile app,Web order - Copper water bottle
WB-104555,2026-03-12T17:29:46Z,Palashwood Interiors Pvt Ltd,PAID,INR,Steel tiffin carrier,1,21524.00,1641.66,Web,Web order - Steel tiffin carrier
WB-104574,2026-03-12T13:43:26Z,Devgiri Paints LLP,PAID,INR,Rubber foot mat,2,36728.00,2801.29,Mobile app,Web order - Rubber foot mat
WB-104692,2026-03-12T11:30:33Z,Prithvi Seeds and Feeds Pvt Ltd,PAID,INR,Copper water bottle,4,78940.00,6020.85,Marketplace,Web order - Copper water bottle
WB-104708,2026-03-12T08:42:02Z,Rukmini Provisions Private Limited,PAID,INR,Trolley bag 24 inch,4,42921.06,3273.64,Marketplace,Web order - Trolley bag 24 inch
WB-104711,2026-03-12T12:42:44Z,Suvarna Weaves LLP,PAID,INR,Trolley bag 24 inch,2,7626.13,581.65,Mobile app,Web order - Trolley bag 24 inch
WB-104815,2026-03-12T10:35:12Z,Chandravat Metals Private Limited,PAID,INR,Copper water bottle,4,45228.98,3449.67,Marketplace,Web order - Copper water bottle
WB-104826,2026-03-12T10:55:20Z,Anokhi Kitchenware Pvt Ltd,PAID,INR,Mixer jar spare,1,76533.00,5837.26,Web,Web order - Mixer jar spare
WB-104941,2026-03-12T13:21:11Z,Chirag Battery House Pvt Ltd,PAID,INR,Steel tiffin carrier,3,57488.75,4384.74,Phone order,Web order - Steel tiffin carrier
WB-105026,2026-03-12T11:06:29Z,Tarangini Prints LLP,PAID,INR,Copper water bottle,2,84334.48,6432.29,Mobile app,Web order - Copper water bottle
WB-105069,2026-03-12T16:12:33Z,Sitara Packaging Solutions Pvt Ltd,PAID,INR,Coir door mat,1,44758.00,3413.75,Web,Web order - Coir door mat
WB-105088,2026-03-12T17:29:06Z,Sohrab Auto Spares LLP,PAID,INR,Copper water bottle,4,65477.00,4994.01,Marketplace,Web order - Copper water bottle
WB-105184,2026-03-12T16:55:40Z,Naaz Fabrics Private Limited,PAID,INR,Copper water bottle,2,4890.00,372.97,Mobile app,Web order - Copper water bottle
WB-105247,2026-03-12T16:10:46Z,Marudhar Furnishings LLP,PAID,INR,Trolley bag 24 inch,2,87377.00,6664.35,Mobile app,Web order - Trolley bag 24 inch
WB-105252,2026-03-12T16:34:48Z,Shubhankar Electricals LLP,PAID,INR,Steel tiffin carrier,3,90336.26,6890.05,Phone order,Web order - Steel tiffin carrier
WB-105476,2026-03-12T15:00:00Z,Kesari Handlooms Pvt Ltd,PAID,INR,Rubber foot mat,2,69732.00,5318.54,Mobile app,Web order - Rubber foot mat
WB-105494,2026-03-12T11:13:40Z,Madhuban Nurseries Pvt Ltd,PAID,INR,Coir door mat,3,20235.00,1543.35,Phone order,Web order - Coir door mat
WB-105825,2026-03-12T19:23:20Z,Ambar Cold Rooms Pvt Ltd,PAID,INR,Coir door mat,1,73284.00,5589.46,Web,Web order - Coir door mat
WB-106078,2026-03-12T18:41:00Z,Barkat Stationers Private Limited,PAID,INR,Rubber foot mat,4,31221.00,2381.26,Marketplace,Web order - Rubber foot mat
WB-106316,2026-03-12T12:29:06Z,Neelkanth Ceramics Pvt Ltd,PAID,INR,Steel tiffin carrier,3,45119.00,3441.28,Phone order,Web order - Steel tiffin carrier
WB-106428,2026-03-12T20:37:42Z,Ekansh Glassworks Private Limited,PAID,INR,Trolley bag 24 inch,2,21088.28,1608.43,Mobile app,Web order - Trolley bag 24 inch
WB-106469,2026-03-12T10:43:26Z,Jashan Sports Goods Pvt Ltd,PAID,INR,Steel tiffin carrier,1,36260.00,2765.59,Web,Web order - Steel tiffin carrier
WB-106483,2026-03-12T09:00:03Z,Bhoomi Tiles and Sanitary LLP,PAID,INR,Rubber foot mat,4,44226.10,3373.18,Marketplace,Web order - Rubber foot mat
WB-106782,2026-03-12T17:12:33Z,Marudhar Furnishings LLP,PAID,INR,Trolley bag 24 inch,2,12887.19,982.92,Mobile app,Web order - Trolley bag 24 inch
WB-106794,2026-03-12T20:21:13Z,Utsav Bakers LLP,PAID,INR,Trolley bag 24 inch,4,40009.00,3051.53,Marketplace,Web order - Trolley bag 24 inch
WB-107564,2026-03-12T10:38:06Z,Vindhya Plastics Private Limited,PAID,INR,Rubber foot mat,2,18101.00,1380.58,Mobile app,Web order - Rubber foot mat
WB-107795,2026-03-12T14:20:09Z,Vaayu Organics Private Limited,PAID,INR,Trolley bag 24 inch,4,91137.87,6951.19,Marketplace,Web order - Trolley bag 24 inch
WB-107835,2026-03-12T13:46:40Z,Kalanjali Crafts Pvt Ltd,PAID,INR,Mixer jar spare,3,90408.00,6895.53,Phone order,Web order - Mixer jar spare
WB-107894,2026-03-12T15:16:53Z,Kaveri Rubber Works Pvt Ltd,PAID,INR,Steel tiffin carrier,1,52270.00,3986.69,Web,Web order - Steel tiffin carrier
WB-107899,2026-03-12T15:12:32Z,Kalanjali Crafts Pvt Ltd,PAID,INR,Mixer jar spare,3,88492.58,6749.43,Phone order,Web order - Mixer jar spare
WB-108242,2026-03-12T10:08:16Z,Yamini Home Needs Pvt Ltd,PAID,INR,Mixer jar spare,1,78898.08,6017.65,Web,Web order - Mixer jar spare
WB-108271,2026-03-12T14:57:28Z,Sanchit Hardware Depot Pvt Ltd,PAID,INR,Mixer jar spare,3,51471.86,3925.82,Phone order,Web order - Mixer jar spare
WB-108675,2026-03-12T17:03:13Z,Ambar Cold Rooms Pvt Ltd,PAID,INR,Coir door mat,1,69592.00,5307.86,Web,Web order - Coir door mat
WB-109057,2026-03-12T19:41:39Z,Nirvaan Agro Mills Pvt Ltd,PAID,INR,Coir door mat,3,39262.78,2994.62,Phone order,Web order - Coir door mat
WB-109364,2026-03-12T14:13:38Z,Girnar Pipes and Fittings Pvt Ltd,PAID,INR,Mixer jar spare,1,76231.15,5814.24,Web,Web order - Mixer jar spare
WB-109562,2026-03-12T10:21:33Z,Meghdoot Packaging LLP,PAID,INR,Mixer jar spare,3,12358.00,942.56,Phone order,Web order - Mixer jar spare
WB-104177,2026-03-13T13:00:00Z,Bhoomi Tiles and Sanitary LLP,PAID,INR,Rubber foot mat,4,58851.00,4488.64,Marketplace,Web order - Rubber foot mat
WB-104221,2026-03-13T10:46:20Z,Prithvi Seeds and Feeds Pvt Ltd,PAID,INR,Copper water bottle,4,59910.00,4569.41,Marketplace,Web order - Copper water bottle
WB-104347,2026-03-13T17:49:32Z,Anokhi Kitchenware Pvt Ltd,PAID,INR,Mixer jar spare,1,2486.78,189.67,Web,Web order - Mixer jar spare
WB-104435,2026-03-13T10:38:26Z,Palashwood Interiors Pvt Ltd,PAID,INR,Steel tiffin carrier,1,85805.00,6544.45,Web,Web order - Steel tiffin carrier
WB-104580,2026-03-13T12:59:37Z,Yamini Home Needs Pvt Ltd,PAID,INR,Mixer jar spare,1,2612.93,199.29,Web,Web order - Mixer jar spare
WB-104614,2026-03-13T16:50:58Z,Sanchit Hardware Depot Pvt Ltd,PAID,INR,Mixer jar spare,3,50066.95,3818.67,Phone order,Web order - Mixer jar spare
WB-104641,2026-03-13T12:49:53Z,Neelkanth Ceramics Pvt Ltd,PAID,INR,Steel tiffin carrier,3,75877.00,5787.23,Phone order,Web order - Steel tiffin carrier
WB-105203,2026-03-13T08:52:26Z,Kesari Handlooms Pvt Ltd,PAID,INR,Rubber foot mat,2,28897.98,2204.08,Mobile app,Web order - Rubber foot mat
WB-105423,2026-03-13T19:52:25Z,Shubhankar Electricals LLP,PAID,INR,Steel tiffin carrier,3,38328.16,2923.33,Phone order,Web order - Steel tiffin carrier
WB-105839,2026-03-13T11:24:46Z,Chirag Battery House Pvt Ltd,PAID,INR,Steel tiffin carrier,3,42287.00,3225.28,Phone order,Web order - Steel tiffin carrier
WB-105853,2026-03-13T18:13:20Z,Devgiri Paints LLP,PAID,INR,Rubber foot mat,2,74679.00,5695.86,Mobile app,Web order - Rubber foot mat
WB-105880,2026-03-13T12:44:13Z,Marudhar Furnishings LLP,PAID,INR,Trolley bag 24 inch,2,55370.19,4223.15,Mobile app,Web order - Trolley bag 24 inch
WB-106274,2026-03-13T15:45:56Z,Chandravat Metals Private Limited,PAID,INR,Copper water bottle,4,71438.28,5448.68,Marketplace,Web order - Copper water bottle
WB-106279,2026-03-13T16:50:00Z,Kalanjali Crafts Pvt Ltd,PAID,INR,Mixer jar spare,3,7479.00,570.43,Phone order,Web order - Mixer jar spare
WB-106298,2026-03-13T19:10:23Z,Rukmini Provisions Private Limited,PAID,INR,Trolley bag 24 inch,4,65841.11,5021.78,Marketplace,Web order - Trolley bag 24 inch
WB-106402,2026-03-13T18:53:13Z,Barkat Stationers Private Limited,PAID,INR,Office paper quarterly supply,1,22900.00,1746.61,Web,Office paper quarterly supply
WB-106536,2026-03-13T19:43:46Z,Girnar Pipes and Fittings Pvt Ltd,PAID,INR,Mixer jar spare,1,56813.00,4333.19,Web,Web order - Mixer jar spare
WB-107132,2026-03-13T15:36:20Z,Meghdoot Packaging LLP,PAID,INR,Mixer jar spare,3,65283.00,4979.21,Phone order,Web order - Mixer jar spare
WB-107208,2026-03-13T10:41:20Z,Nirvaan Agro Mills Pvt Ltd,PAID,INR,Coir door mat,3,80790.00,6161.95,Phone order,Web order - Coir door mat
WB-107305,2026-03-13T17:06:26Z,Madhuban Nurseries Pvt Ltd,PAID,INR,Coir door mat,3,47924.00,3655.22,Phone order,Web order - Coir door mat
WB-107702,2026-03-13T15:50:40Z,Ekansh Glassworks Private Limited,PAID,INR,Trolley bag 24 inch,2,86961.00,6632.62,Mobile app,Web order - Trolley bag 24 inch
WB-107817,2026-03-13T19:35:53Z,Sitara Packaging Solutions Pvt Ltd,PAID,INR,Coir door mat,1,54862.00,4184.39,Web,Web order - Coir door mat
WB-107836,2026-03-13T09:40:33Z,Kaveri Rubber Works Pvt Ltd,PAID,INR,Steel tiffin carrier,1,33904.00,2585.90,Web,Web order - Steel tiffin carrier
WB-107881,2026-03-13T12:39:49Z,Tarangini Prints LLP,PAID,INR,Copper water bottle,2,91101.29,6948.40,Mobile app,Web order - Copper water bottle
WB-108276,2026-03-13T17:16:33Z,Palashwood Interiors Pvt Ltd,PAID,INR,Steel tiffin carrier,1,54415.00,4150.30,Web,Web order - Steel tiffin carrier
WB-108337,2026-03-13T12:04:38Z,Jashan Sports Goods Pvt Ltd,PAID,INR,Steel tiffin carrier,1,36442.16,2779.49,Web,Web order - Steel tiffin carrier
WB-108605,2026-03-13T13:10:06Z,Sohrab Auto Spares LLP,PAID,INR,Copper water bottle,4,54695.00,4171.65,Marketplace,Web order - Copper water bottle
WB-108716,2026-03-13T14:07:13Z,Barkat Stationers Private Limited,PAID,INR,Rubber foot mat,4,20632.00,1573.63,Marketplace,Web order - Rubber foot mat
WB-108852,2026-03-13T20:21:33Z,Ranjeet Timber Depot Pvt Ltd,PAID,INR,Coir door mat,1,20080.00,1531.53,Web,Web order - Coir door mat
WB-108856,2026-03-13T16:19:45Z,Utsav Bakers LLP,PAID,INR,Trolley bag 24 inch,4,30617.57,2335.24,Marketplace,Web order - Trolley bag 24 inch
WB-108961,2026-03-13T15:34:51Z,Vaayu Organics Private Limited,PAID,INR,Trolley bag 24 inch,4,831.33,63.41,Marketplace,Web order - Trolley bag 24 inch
WB-109031,2026-03-13T11:23:02Z,Bhoomi Tiles and Sanitary LLP,PAID,INR,Rubber foot mat,4,55188.08,4209.26,Marketplace,Web order - Rubber foot mat
WB-109124,2026-03-13T20:44:53Z,Tanmay Toolroom Private Limited,PAID,INR,Copper water bottle,2,38725.00,2953.60,Mobile app,Web order - Copper water bottle
WB-109397,2026-03-13T09:01:46Z,Ambar Cold Rooms Pvt Ltd,PAID,INR,Coir door mat,1,20678.00,1577.14,Web,Web order - Coir door mat
WB-109475,2026-03-13T13:30:53Z,Ojas Lighting Private Limited,PAID,INR,Coir door mat,3,78901.00,6017.87,Phone order,Web order - Coir door mat
WB-109488,2026-03-13T19:04:18Z,Vindhya Plastics Private Limited,PAID,INR,Rubber foot mat,2,44203.15,3371.43,Mobile app,Web order - Rubber foot mat
WB-109531,2026-03-13T13:33:46Z,Suvarna Weaves LLP,PAID,INR,Trolley bag 24 inch,2,81257.00,6197.57,Mobile app,Web order - Trolley bag 24 inch
WB-109709,2026-03-13T13:33:06Z,Tarangini Prints LLP,PAID,INR,Copper water bottle,2,58871.00,4490.16,Mobile app,Web order - Copper water bottle
WB-109712,2026-03-13T09:04:20Z,Naaz Fabrics Private Limited,PAID,INR,Copper water bottle,2,89646.00,6837.41,Mobile app,Web order - Copper water bottle
WB-109740,2026-03-13T19:02:28Z,Bhavani Steel Trading Pvt Ltd,PAID,INR,Rubber foot mat,4,4594.46,350.42,Marketplace,Web order - Rubber foot mat
WB-104165,2026-03-14T17:13:40Z,Marudhar Furnishings LLP,PAID,INR,Trolley bag 24 inch,2,76629.00,5844.58,Mobile app,Web order - Trolley bag 24 inch
WB-104220,2026-03-14T08:30:30Z,Meghdoot Packaging LLP,PAID,INR,Mixer jar spare,3,63144.90,4816.14,Phone order,Web order - Mixer jar spare
WB-104239,2026-03-14T17:35:32Z,Suvarna Weaves LLP,PAID,INR,Trolley bag 24 inch,2,30986.18,2363.35,Mobile app,Web order - Trolley bag 24 inch
WB-104269,2026-03-14T16:15:46Z,Ojas Lighting Private Limited,PAID,INR,Coir door mat,3,20633.00,1573.70,Phone order,Web order - Coir door mat
WB-104902,2026-03-14T11:32:21Z,Sitara Packaging Solutions Pvt Ltd,PAID,INR,Coir door mat,1,76615.84,5843.58,Web,Web order - Coir door mat
WB-104935,2026-03-14T09:13:59Z,Kalanjali Crafts Pvt Ltd,PAID,INR,Mixer jar spare,3,74273.38,5664.92,Phone order,Web order - Mixer jar spare
WB-105226,2026-03-14T11:03:13Z,Bhoomi Tiles and Sanitary LLP,PAID,INR,Rubber foot mat,4,75442.00,5754.05,Marketplace,Web order - Rubber foot mat
WB-105491,2026-03-14T20:56:06Z,Neelkanth Ceramics Pvt Ltd,PAID,INR,Steel tiffin carrier,3,26309.00,2006.62,Phone order,Web order - Steel tiffin carrier
WB-105585,2026-03-14T14:07:33Z,Sanchit Hardware Depot Pvt Ltd,PAID,INR,Mixer jar spare,3,71956.00,5488.17,Phone order,Web order - Mixer jar spare
WB-105598,2026-03-14T09:25:31Z,Utsav Bakers LLP,PAID,INR,Trolley bag 24 inch,4,47825.13,3647.68,Marketplace,Web order - Trolley bag 24 inch
WB-105875,2026-03-14T09:53:53Z,Palashwood Interiors Pvt Ltd,PAID,INR,Steel tiffin carrier,1,85557.41,6525.57,Web,Web order - Steel tiffin carrier
WB-106436,2026-03-14T17:20:28Z,Anokhi Kitchenware Pvt Ltd,PAID,INR,Mixer jar spare,1,51857.04,3955.20,Web,Web order - Mixer jar spare
WB-106515,2026-03-14T20:19:26Z,Sohrab Auto Spares LLP,PAID,INR,Copper water bottle,4,13340.58,1017.50,Marketplace,Web order - Copper water bottle
WB-106728,2026-03-14T17:30:51Z,Ambar Cold Rooms Pvt Ltd,PAID,INR,Coir door mat,1,1961.74,149.62,Web,Web order - Coir door mat
WB-106779,2026-03-14T17:15:26Z,Devgiri Paints LLP,PAID,INR,Rubber foot mat,2,3777.18,288.09,Mobile app,Web order - Rubber foot mat
WB-106904,2026-03-14T10:52:26Z,Nirvaan Agro Mills Pvt Ltd,PAID,INR,Coir door mat,3,16028.00,1222.47,Phone order,Web order - Coir door mat
WB-107133,2026-03-14T10:26:13Z,Jashan Sports Goods Pvt Ltd,PAID,INR,Steel tiffin carrier,1,22873.00,1744.55,Web,Web order - Steel tiffin carrier
WB-107152,2026-03-14T08:38:06Z,Vaayu Organics Private Limited,PAID,INR,Trolley bag 24 inch,4,28514.00,2174.80,Marketplace,Web order - Trolley bag 24 inch
WB-107253,2026-03-14T19:26:54Z,Chandravat Metals Private Limited,PAID,INR,Copper water bottle,4,58714.03,4478.19,Marketplace,Web order - Copper water bottle
WB-107567,2026-03-14T09:50:00Z,Tanmay Toolroom Private Limited,PAID,INR,Copper water bottle,2,49131.00,3747.28,Mobile app,Web order - Copper water bottle
WB-107658,2026-03-14T15:28:22Z,Rukmini Provisions Private Limited,PAID,INR,Trolley bag 24 inch,4,18029.46,1375.13,Marketplace,Web order - Trolley bag 24 inch
WB-107670,2026-03-14T14:38:06Z,Vindhya Plastics Private Limited,PAID,INR,Rubber foot mat,2,13655.00,1041.48,Mobile app,Web order - Rubber foot mat
WB-107753,2026-03-14T15:40:53Z,Bhavani Steel Trading Pvt Ltd,PAID,INR,Rubber foot mat,4,47437.00,3618.08,Marketplace,Web order - Rubber foot mat
WB-107941,2026-03-14T16:15:46Z,Barkat Stationers Private Limited,PAID,INR,Rubber foot mat,4,32099.00,2448.23,Marketplace,Web order - Rubber foot mat
WB-108178,2026-03-14T11:50:00Z,Naaz Fabrics Private Limited,PAID,INR,Copper water bottle,2,1863.00,142.09,Mobile app,Web order - Copper water bottle
WB-108210,2026-03-14T09:01:46Z,Utsav Bakers LLP,PAID,INR,Trolley bag 24 inch,4,53438.00,4075.78,Marketplace,Web order - Trolley bag 24 inch
WB-108309,2026-03-14T19:36:00Z,Chirag Battery House Pvt Ltd,PAID,INR,Steel tiffin carrier,3,6237.00,475.70,Phone order,Web order - Steel tiffin carrier
WB-108548,2026-03-14T18:44:53Z,Kaveri Rubber Works Pvt Ltd,PAID,INR,Steel tiffin carrier,1,74527.00,5684.26,Web,Web order - Steel tiffin carrier
WB-109003,2026-03-14T16:04:00Z,Tarangini Prints LLP,PAID,INR,Copper water bottle,2,85122.00,6492.36,Mobile app,Web order - Copper water bottle
WB-109039,2026-03-14T18:38:48Z,Yamini Home Needs Pvt Ltd,PAID,INR,Mixer jar spare,1,21930.85,1672.69,Web,Web order - Mixer jar spare
WB-109061,2026-03-14T20:22:17Z,Girnar Pipes and Fittings Pvt Ltd,PAID,INR,Mixer jar spare,1,25852.12,1971.77,Web,Web order - Mixer jar spare
WB-109075,2026-03-14T12:44:31Z,Prithvi Seeds and Feeds Pvt Ltd,PAID,INR,Copper water bottle,4,83270.74,6351.16,Marketplace,Web order - Copper water bottle
WB-109352,2026-03-14T15:14:44Z,Ojas Lighting Private Limited,PAID,INR,Coir door mat,3,56996.52,4347.19,Phone order,Web order - Coir door mat
WB-109424,2026-03-14T09:13:59Z,Ekansh Glassworks Private Limited,PAID,INR,Trolley bag 24 inch,2,85411.78,6514.46,Mobile app,Web order - Trolley bag 24 inch
WB-109426,2026-03-14T12:04:00Z,Madhuban Nurseries Pvt Ltd,PAID,INR,Coir door mat,3,50256.00,3833.08,Phone order,Web order - Coir door mat
WB-109605,2026-03-14T16:04:20Z,Kesari Handlooms Pvt Ltd,PAID,INR,Rubber foot mat,2,84849.00,6471.53,Mobile app,Web order - Rubber foot mat
WB-109746,2026-03-14T19:49:13Z,Ranjeet Timber Depot Pvt Ltd,PAID,INR,Coir door mat,1,81454.00,6212.59,Web,Web order - Coir door mat
WB-109977,2026-03-14T18:02:12Z,Shubhankar Electricals LLP,PAID,INR,Steel tiffin carrier,3,38048.76,2902.02,Phone order,Web order - Steel tiffin carrier
WB-104168,2026-03-15T09:43:30Z,Devgiri Paints LLP,PAID,INR,Rubber foot mat,2,18335.71,1398.49,Mobile app,Web order - Rubber foot mat
WB-104215,2026-03-15T13:53:53Z,Ojas Lighting Private Limited,PAID,INR,Coir door mat,3,73249.00,5586.79,Phone order,Web order - Coir door mat
WB-104228,2026-03-15T10:39:49Z,Kalanjali Crafts Pvt Ltd,PAID,INR,Mixer jar spare,3,64495.48,4919.15,Phone order,Web order - Mixer jar spare
WB-104328,2026-03-15T14:47:06Z,Barkat Stationers Private Limited,PAID,INR,Rubber foot mat,4,87771.80,6694.46,Marketplace,Web order - Rubber foot mat
WB-104462,2026-03-15T08:46:20Z,Anokhi Kitchenware Pvt Ltd,PAID,INR,Mixer jar spare,1,18726.00,1428.25,Web,Web order - Mixer jar spare
WB-104475,2026-03-15T17:36:20Z,Kesari Handlooms Pvt Ltd,PAID,INR,Rubber foot mat,2,42585.00,3248.01,Mobile app,Web order - Rubber foot mat
WB-104622,2026-03-15T12:32:00Z,Chirag Battery House Pvt Ltd,PAID,INR,Steel tiffin carrier,3,53208.00,4058.24,Phone order,Web order - Steel tiffin carrier
WB-104723,2026-03-15T14:58:33Z,Jashan Sports Goods Pvt Ltd,PAID,INR,Steel tiffin carrier,1,82360.00,6281.69,Web,Web order - Steel tiffin carrier
WB-104741,2026-03-15T15:13:40Z,Naaz Fabrics Private Limited,PAID,INR,Copper water bottle,2,7599.00,579.58,Mobile app,Web order - Copper water bottle
WB-104993,2026-03-15T17:12:35Z,Palashwood Interiors Pvt Ltd,PAID,INR,Steel tiffin carrier,1,6756.47,515.32,Web,Web order - Steel tiffin carrier
WB-105502,2026-03-15T14:25:10Z,Yamini Home Needs Pvt Ltd,PAID,INR,Mixer jar spare,1,80741.12,6158.22,Web,Web order - Mixer jar spare
WB-105797,2026-03-15T18:54:17Z,Sitara Packaging Solutions Pvt Ltd,PAID,INR,Coir door mat,1,42158.31,3215.46,Web,Web order - Coir door mat
WB-106093,2026-03-15T09:00:00Z,Bhavani Steel Trading Pvt Ltd,PAID,INR,Rubber foot mat,4,42822.00,3266.08,Marketplace,Web order - Rubber foot mat
WB-106359,2026-03-15T20:30:53Z,Meghdoot Packaging LLP,PAID,INR,Mixer jar spare,3,19231.00,1466.77,Phone order,Web order - Mixer jar spare
WB-106495,2026-03-15T14:07:33Z,Utsav Bakers LLP,PAID,INR,Trolley bag 24 inch,4,85879.00,6550.09,Marketplace,Web order - Trolley bag 24 inch
WB-106530,2026-03-15T19:20:26Z,Neelkanth Ceramics Pvt Ltd,PAID,INR,Steel tiffin carrier,3,57005.00,4347.84,Phone order,Web order - Steel tiffin carrier
WB-107207,2026-03-15T10:55:40Z,Chandravat Metals Private Limited,PAID,INR,Copper water bottle,4,64794.00,4941.92,Marketplace,Web order - Copper water bottle
WB-107396,2026-03-15T15:09:00Z,Prithvi Seeds and Feeds Pvt Ltd,PAID,INR,Copper water bottle,4,3636.00,277.32,Marketplace,Web order - Copper water bottle
WB-107510,2026-03-15T19:35:33Z,Shubhankar Electricals LLP,PAID,INR,Steel tiffin carrier,3,64963.00,4954.81,Phone order,Web order - Steel tiffin carrier
WB-107598,2026-03-15T15:47:44Z,Rukmini Provisions Private Limited,PAID,INR,Trolley bag 24 inch,4,57484.32,4384.40,Marketplace,Web order - Trolley bag 24 inch
WB-107629,2026-03-15T19:23:20Z,Bhoomi Tiles and Sanitary LLP,PAID,INR,Rubber foot mat,4,74922.00,5714.39,Marketplace,Web order - Rubber foot mat
WB-107655,2026-03-15T11:07:53Z,Vindhya Plastics Private Limited,PAID,INR,Rubber foot mat,2,76948.00,5868.92,Mobile app,Web order - Rubber foot mat
WB-108052,2026-03-15T13:16:53Z,Marudhar Furnishings LLP,PAID,INR,Trolley bag 24 inch,2,38440.59,2931.91,Mobile app,Web order - Trolley bag 24 inch
WB-108053,2026-03-15T19:20:46Z,Kaveri Rubber Works Pvt Ltd,PAID,INR,Steel tiffin carrier,1,16601.00,1266.18,Web,Web order - Steel tiffin carrier
WB-108071,2026-03-15T18:21:53Z,Sohrab Auto Spares LLP,PAID,INR,Copper water bottle,4,31858.00,2429.85,Marketplace,Web order - Copper water bottle
WB-108098,2026-03-15T14:21:13Z,Girnar Pipes and Fittings Pvt Ltd,PAID,INR,Mixer jar spare,1,86809.00,6621.03,Web,Web order - Mixer jar spare
WB-108342,2026-03-15T11:44:33Z,Suvarna Weaves LLP,PAID,INR,Trolley bag 24 inch,2,24560.20,1873.24,Mobile app,Web order - Trolley bag 24 inch
WB-108681,2026-03-15T17:16:13Z,Tanmay Toolroom Private Limited,PAID,INR,Copper water bottle,2,26842.00,2047.27,Mobile app,Web order - Copper water bottle
WB-108695,2026-03-15T13:59:39Z,Sanchit Hardware Depot Pvt Ltd,PAID,INR,Mixer jar spare,3,46347.59,3534.99,Phone order,Web order - Mixer jar spare
WB-108825,2026-03-15T13:13:00Z,Nirvaan Agro Mills Pvt Ltd,PAID,INR,Coir door mat,3,30024.00,2289.97,Phone order,Web order - Coir door mat
WB-108841,2026-03-15T08:40:53Z,Neelkanth Ceramics Pvt Ltd,PAID,INR,Steel tiffin carrier,3,89908.00,6857.39,Phone order,Web order - Steel tiffin carrier
WB-108936,2026-03-15T09:04:20Z,Kesari Handlooms Pvt Ltd,PAID,INR,Rubber foot mat,2,14953.20,1140.50,Mobile app,Web order - Rubber foot mat
WB-108954,2026-03-15T20:55:20Z,Ambar Cold Rooms Pvt Ltd,PAID,INR,Coir door mat,1,48382.82,3690.22,Web,Web order - Coir door mat
WB-109131,2026-03-15T18:04:00Z,Ekansh Glassworks Private Limited,PAID,INR,Trolley bag 24 inch,2,21474.00,1637.85,Mobile app,Web order - Trolley bag 24 inch
WB-109480,2026-03-15T10:56:03Z,Ranjeet Timber Depot Pvt Ltd,PAID,INR,Coir door mat,1,47579.49,3628.94,Web,Web order - Coir door mat
WB-109514,2026-03-15T09:16:32Z,Tarangini Prints LLP,PAID,INR,Copper water bottle,2,72971.17,5565.60,Mobile app,Web order - Copper water bottle
WB-109798,2026-03-15T14:38:26Z,Madhuban Nurseries Pvt Ltd,PAID,INR,Coir door mat,3,67435.99,5143.42,Phone order,Web order - Coir door mat
WB-109825,2026-03-15T11:47:26Z,Vaayu Organics Private Limited,PAID,INR,Trolley bag 24 inch,4,90798.20,6925.29,Marketplace,Web order - Trolley bag 24 inch
WB-109912,2026-03-15T20:33:26Z,Yamini Home Needs Pvt Ltd,PAID,INR,Mixer jar spare,1,41516.00,3166.47,Web,Web order - Mixer jar spare
WB-104027,2026-03-16T11:10:46Z,Chirag Battery House Pvt Ltd,PAID,INR,Steel tiffin carrier,3,45725.00,3487.50,Phone order,Web order - Steel tiffin carrier
WB-104166,2026-03-16T10:46:20Z,Nirvaan Agro Mills Pvt Ltd,PAID,INR,Coir door mat,3,77928.00,5943.66,Phone order,Web order - Coir door mat
WB-104265,2026-03-16T15:25:11Z,Tarangini Prints LLP,PAID,INR,Copper water bottle,2,23574.95,1798.09,Mobile app,Web order - Copper water bottle
WB-104344,2026-03-16T17:00:20Z,Sitara Packaging Solutions Pvt Ltd,PAID,INR,Coir door mat,1,10725.00,818.01,Web,Web order - Coir door mat
WB-104522,2026-03-16T11:27:40Z,Utsav Bakers LLP,PAID,INR,Trolley bag 24 inch,4,65118.00,4966.63,Marketplace,Web order - Trolley bag 24 inch
WB-104568,2026-03-16T16:01:06Z,Anokhi Kitchenware Pvt Ltd,PAID,INR,Mixer jar spare,1,31005.19,2364.80,Web,Web order - Mixer jar spare
WB-104722,2026-03-16T12:21:33Z,Meghdoot Packaging LLP,PAID,INR,Mixer jar spare,3,34705.00,2646.99,Phone order,Web order - Mixer jar spare
WB-104745,2026-03-16T12:22:17Z,Bhavani Steel Trading Pvt Ltd,PAID,INR,Rubber foot mat,4,30157.73,2300.17,Marketplace,Web order - Rubber foot mat
WB-104883,2026-03-16T20:12:54Z,Barkat Stationers Private Limited,PAID,INR,Rubber foot mat,4,76238.83,5814.83,Marketplace,Web order - Rubber foot mat
WB-105156,2026-03-16T19:48:48Z,Sohrab Auto Spares LLP,PAID,INR,Copper water bottle,4,50838.84,3877.54,Marketplace,Web order - Copper water bottle
WB-105470,2026-03-16T13:20:46Z,Ekansh Glassworks Private Limited,PAID,INR,Trolley bag 24 inch,2,59306.00,4523.34,Mobile app,Web order - Trolley bag 24 inch
WB-105563,2026-03-16T08:06:46Z,Shubhankar Electricals LLP,PAID,INR,Steel tiffin carrier,3,21092.00,1608.71,Phone order,Web order - Steel tiffin carrier
WB-106118,2026-03-16T08:44:32Z,Rukmini Provisions Private Limited,PAID,INR,Trolley bag 24 inch,4,26619.37,2030.29,Marketplace,Web order - Trolley bag 24 inch
WB-106230,2026-03-16T15:56:26Z,Tanmay Toolroom Private Limited,PAID,INR,Copper water bottle,2,26972.00,2057.19,Mobile app,Web order - Copper water bottle
WB-106471,2026-03-16T08:43:46Z,Ranjeet Timber Depot Pvt Ltd,PAID,INR,Coir door mat,1,58685.00,4475.97,Web,Web order - Coir door mat
WB-106567,2026-03-16T08:53:50Z,Vindhya Plastics Private Limited,PAID,INR,Rubber foot mat,2,61642.51,4701.55,Mobile app,Web order - Rubber foot mat
WB-106627,2026-03-16T09:26:35Z,Ojas Lighting Private Limited,PAID,INR,Coir door mat,3,73144.07,5578.78,Phone order,Web order - Coir door mat
WB-106859,2026-03-16T17:05:01Z,Ranjeet Timber Depot Pvt Ltd,PAID,INR,Coir door mat,1,90691.25,6917.13,Web,Web order - Coir door mat
WB-106897,2026-03-16T16:21:33Z,Neelkanth Ceramics Pvt Ltd,PAID,INR,Steel tiffin carrier,3,54829.00,4181.87,Phone order,Web order - Steel tiffin carrier
WB-107488,2026-03-16T18:30:33Z,Jashan Sports Goods Pvt Ltd,PAID,INR,Steel tiffin carrier,1,32374.00,2469.20,Web,Web order - Steel tiffin carrier
WB-107530,2026-03-16T20:24:06Z,Yamini Home Needs Pvt Ltd,PAID,INR,Mixer jar spare,1,62021.00,4730.42,Web,Web order - Mixer jar spare
WB-107573,2026-03-16T18:44:53Z,Ambar Cold Rooms Pvt Ltd,PAID,INR,Coir door mat,1,35215.00,2685.89,Web,Web order - Coir door mat
WB-107870,2026-03-16T18:58:13Z,Kalanjali Crafts Pvt Ltd,PAID,INR,Mixer jar spare,3,90472.00,6900.41,Phone order,Web order - Mixer jar spare
WB-107929,2026-03-16T19:50:18Z,Chandravat Metals Private Limited,PAID,INR,Copper water bottle,4,35356.14,2696.65,Marketplace,Web order - Copper water bottle
WB-108014,2026-03-16T09:26:55Z,Prithvi Seeds and Feeds Pvt Ltd,PAID,INR,Copper water bottle,4,72871.05,5557.96,Marketplace,Web order - Copper water bottle
WB-108253,2026-03-16T11:03:53Z,Kaveri Rubber Works Pvt Ltd,PAID,INR,Steel tiffin carrier,1,74732.19,5699.91,Web,Web order - Steel tiffin carrier
WB-108335,2026-03-16T11:30:13Z,Palashwood Interiors Pvt Ltd,PAID,INR,Steel tiffin carrier,1,6322.00,482.19,Web,Web order - Steel tiffin carrier
WB-108542,2026-03-16T10:09:20Z,Sanchit Hardware Depot Pvt Ltd,PAID,INR,Mixer jar spare,3,84561.00,6449.57,Phone order,Web order - Mixer jar spare
WB-108568,2026-03-16T13:43:49Z,Suvarna Weaves LLP,PAID,INR,Trolley bag 24 inch,2,16073.69,1225.96,Mobile app,Web order - Trolley bag 24 inch
WB-108723,2026-03-16T08:15:46Z,Prithvi Seeds and Feeds Pvt Ltd,PAID,INR,Copper water bottle,4,86855.00,6624.53,Marketplace,Web order - Copper water bottle
WB-108830,2026-03-16T15:13:59Z,Naaz Fabrics Private Limited,PAID,INR,Copper water bottle,2,42051.59,3207.32,Mobile app,Web order - Copper water bottle
WB-108872,2026-03-16T09:30:33Z,Madhuban Nurseries Pvt Ltd,PAID,INR,Coir door mat,3,35299.00,2692.30,Phone order,Web order - Coir door mat
WB-109086,2026-03-16T16:12:13Z,Girnar Pipes and Fittings Pvt Ltd,PAID,INR,Mixer jar spare,1,22918.00,1747.98,Web,Web order - Mixer jar spare
WB-109103,2026-03-16T09:36:40Z,Ekansh Glassworks Private Limited,PAID,INR,Trolley bag 24 inch,2,6159.00,469.75,Mobile app,Web order - Trolley bag 24 inch
WB-109260,2026-03-16T08:52:26Z,Vaayu Organics Private Limited,PAID,INR,Trolley bag 24 inch,4,35450.00,2703.81,Marketplace,Web order - Trolley bag 24 inch
WB-109334,2026-03-16T11:23:40Z,Bhoomi Tiles and Sanitary LLP,PAID,INR,Rubber foot mat,4,18021.00,1374.48,Marketplace,Web order - Rubber foot mat
WB-109483,2026-03-16T11:44:53Z,Devgiri Paints LLP,PAID,INR,Rubber foot mat,2,42469.00,3239.16,Mobile app,Web order - Rubber foot mat
WB-109701,2026-03-16T18:33:26Z,Marudhar Furnishings LLP,PAID,INR,Trolley bag 24 inch,2,6884.00,525.05,Mobile app,Web order - Trolley bag 24 inch
WB-109809,2026-03-16T13:26:13Z,Kesari Handlooms Pvt Ltd,PAID,INR,Rubber foot mat,2,11056.00,843.25,Mobile app,Web order - Rubber foot mat
WB-104309,2026-03-17T15:24:07Z,Sitara Packaging Solutions Pvt Ltd,PAID,INR,Coir door mat,1,70983.23,5413.98,Web,Web order - Coir door mat
WB-104456,2026-03-17T20:07:33Z,Kalanjali Crafts Pvt Ltd,PAID,INR,Mixer jar spare,3,51364.00,3917.59,Phone order,Web order - Mixer jar spare
WB-104489,2026-03-17T08:09:20Z,Yamini Home Needs Pvt Ltd,PAID,INR,Mixer jar spare,1,58119.00,4432.81,Web,Web order - Mixer jar spare
WB-104646,2026-03-17T20:01:26Z,Naaz Fabrics Private Limited,PAID,INR,Copper water bottle,2,68219.00,5203.14,Mobile app,Web order - Copper water bottle
WB-104757,2026-03-17T09:10:06Z,Tarangini Prints LLP,PAID,INR,Copper water bottle,2,79616.00,6072.41,Mobile app,Web order - Copper water bottle
WB-104776,2026-03-17T09:49:35Z,Girnar Pipes and Fittings Pvt Ltd,PAID,INR,Mixer jar spare,1,15567.46,1187.35,Web,Web order - Mixer jar spare
WB-105187,2026-03-17T17:19:22Z,Sanchit Hardware Depot Pvt Ltd,PAID,INR,Mixer jar spare,3,3278.47,250.05,Phone order,Web order - Mixer jar spare
WB-105198,2026-03-17T13:13:16Z,Palashwood Interiors Pvt Ltd,PAID,INR,Steel tiffin carrier,1,57667.09,4398.34,Web,Web order - Steel tiffin carrier
WB-105245,2026-03-17T17:16:53Z,Anokhi Kitchenware Pvt Ltd,PAID,INR,Mixer jar spare,1,83626.00,6378.25,Web,Web order - Mixer jar spare
WB-105416,2026-03-17T18:18:20Z,Barkat Stationers Private Limited,PAID,INR,Rubber foot mat,4,31686.00,2416.73,Marketplace,Web order - Rubber foot mat
WB-105517,2026-03-17T20:38:26Z,Meghdoot Packaging LLP,PAID,INR,Mixer jar spare,3,54215.00,4135.04,Phone order,Web order - Mixer jar spare
WB-105860,2026-03-17T13:02:28Z,Shubhankar Electricals LLP,PAID,INR,Steel tiffin carrier,3,76455.86,5831.38,Phone order,Web order - Steel tiffin carrier
WB-105884,2026-03-17T17:26:13Z,Ranjeet Timber Depot Pvt Ltd,PAID,INR,Coir door mat,1,66397.00,5064.18,Web,Web order - Coir door mat
WB-105983,2026-03-17T19:39:49Z,Rukmini Provisions Private Limited,PAID,INR,Trolley bag 24 inch,4,6697.48,510.82,Marketplace,Web order - Trolley bag 24 inch
WB-106684,2026-03-17T08:40:54Z,Madhuban Nurseries Pvt Ltd,PAID,INR,Coir door mat,3,78933.42,6020.35,Phone order,Web order - Coir door mat
WB-106867,2026-03-17T13:34:28Z,Kaveri Rubber Works Pvt Ltd,PAID,INR,Steel tiffin carrier,1,74159.04,5656.20,Web,Web order - Steel tiffin carrier
WB-106934,2026-03-17T10:34:27Z,Vindhya Plastics Private Limited,PAID,INR,Rubber foot mat,2,5550.23,423.32,Mobile app,Web order - Rubber foot mat
WB-106942,2026-03-17T16:30:53Z,Nirvaan Agro Mills Pvt Ltd,PAID,INR,Coir door mat,3,14668.00,1118.75,Phone order,Web order - Coir door mat
WB-106984,2026-03-17T18:04:20Z,Ekansh Glassworks Private Limited,PAID,INR,Trolley bag 24 inch,2,34305.00,2616.48,Mobile app,Web order - Trolley bag 24 inch
WB-107003,2026-03-17T19:40:13Z,Tanmay Toolroom Private Limited,PAID,INR,Copper water bottle,2,73021.00,5569.40,Mobile app,Web order - Copper water bottle
WB-107185,2026-03-17T10:18:40Z,Sohrab Auto Spares LLP,PAID,INR,Copper water bottle,4,76341.00,5822.62,Marketplace,Web order - Copper water bottle
WB-107295,2026-03-17T14:52:06Z,Barkat Stationers Private Limited,PAID,INR,Rubber foot mat,4,62633.00,4777.09,Marketplace,Web order - Rubber foot mat
WB-107568,2026-03-17T16:24:06Z,Bhavani Steel Trading Pvt Ltd,PAID,INR,Rubber foot mat,4,30431.00,2321.01,Marketplace,Web order - Rubber foot mat
WB-107639,2026-03-17T17:49:33Z,Ambar Cold Rooms Pvt Ltd,PAID,INR,Coir door mat,1,86680.00,6611.19,Web,Web order - Coir door mat
WB-107709,2026-03-17T13:07:34Z,Marudhar Furnishings LLP,PAID,INR,Trolley bag 24 inch,2,9969.43,760.38,Mobile app,Web order - Trolley bag 24 inch
WB-107865,2026-03-17T20:38:46Z,Chirag Battery House Pvt Ltd,PAID,INR,Steel tiffin carrier,3,24458.00,1865.44,Phone order,Web order - Steel tiffin carrier
WB-108443,2026-03-17T20:41:40Z,Suvarna Weaves LLP,PAID,INR,Trolley bag 24 inch,2,17805.00,1358.01,Mobile app,Web order - Trolley bag 24 inch
WB-108511,2026-03-17T14:52:06Z,Kaveri Rubber Works Pvt Ltd,PAID,INR,Steel tiffin carrier,1,18407.00,1403.92,Web,Web order - Steel tiffin carrier
WB-108644,2026-03-17T17:14:04Z,Bhoomi Tiles and Sanitary LLP,PAID,INR,Rubber foot mat,4,13222.93,1008.53,Marketplace,Web order - Rubber foot mat
WB-108750,2026-03-17T08:58:53Z,Ojas Lighting Private Limited,PAID,INR,Coir door mat,3,74833.00,5707.60,Phone order,Web order - Coir door mat
WB-108971,2026-03-17T10:46:40Z,Chandravat Metals Private Limited,PAID,INR,Copper water bottle,4,54723.00,4173.79,Marketplace,Web order - Copper water bottle
WB-109067,2026-03-17T18:01:47Z,Utsav Bakers LLP,PAID,INR,Trolley bag 24 inch,4,11037.21,841.82,Marketplace,Web order - Trolley bag 24 inch
WB-109178,2026-03-17T08:17:35Z,Neelkanth Ceramics Pvt Ltd,PAID,INR,Steel tiffin carrier,3,42598.05,3249.00,Phone order,Web order - Steel tiffin carrier
WB-109189,2026-03-17T12:18:00Z,Vaayu Organics Private Limited,PAID,INR,Trolley bag 24 inch,4,68112.00,5194.98,Marketplace,Web order - Trolley bag 24 inch
WB-109379,2026-03-17T20:44:13Z,Jashan Sports Goods Pvt Ltd,PAID,INR,Steel tiffin carrier,1,72358.59,5518.88,Web,Web order - Steel tiffin carrier
WB-109497,2026-03-17T17:53:13Z,Kesari Handlooms Pvt Ltd,PAID,INR,Rubber foot mat,2,75082.00,5726.59,Mobile app,Web order - Rubber foot mat
WB-109739,2026-03-17T20:47:06Z,Devgiri Paints LLP,PAID,INR,Rubber foot mat,2,35566.38,2712.69,Mobile app,Web order - Rubber foot mat
WB-109897,2026-03-17T08:40:33Z,Prithvi Seeds and Feeds Pvt Ltd,PAID,INR,Copper water bottle,4,60697.00,4629.43,Marketplace,Web order - Copper water bottle
WB-109908,2026-03-17T11:44:33Z,Meghdoot Packaging LLP,PAID,INR,Mixer jar spare,3,68131.00,5196.43,Phone order,Web order - Mixer jar spare
WB-104015,2026-03-18T16:23:01Z,Suvarna Weaves LLP,PAID,INR,Trolley bag 24 inch,2,81934.23,6249.22,Mobile app,Web order - Trolley bag 24 inch
WB-104033,2026-03-18T16:41:20Z,Neelkanth Ceramics Pvt Ltd,PAID,INR,Steel tiffin carrier,3,4506.00,343.68,Phone order,Web order - Steel tiffin carrier
WB-104248,2026-03-18T10:01:46Z,Vaayu Organics Private Limited,PAID,INR,Trolley bag 24 inch,4,62844.80,4793.25,Marketplace,Web order - Trolley bag 24 inch
WB-104424,2026-03-18T09:03:33Z,Chandravat Metals Private Limited,PAID,INR,Copper water bottle,4,45287.19,3454.11,Marketplace,Web order - Copper water bottle
WB-104577,2026-03-18T18:50:58Z,Madhuban Nurseries Pvt Ltd,PAID,INR,Coir door mat,3,50792.35,3873.99,Phone order,Web order - Coir door mat
WB-104791,2026-03-18T15:49:53Z,Palashwood Interiors Pvt Ltd,PAID,INR,Steel tiffin carrier,1,61603.00,4698.53,Web,Web order - Steel tiffin carrier
WB-105682,2026-03-18T10:43:46Z,Sohrab Auto Spares LLP,PAID,INR,Copper water bottle,4,50729.00,3869.16,Marketplace,Web order - Copper water bottle
WB-105763,2026-03-18T11:44:13Z,Prithvi Seeds and Feeds Pvt Ltd,PAID,INR,Copper water bottle,4,72499.00,5529.58,Marketplace,Web order - Copper water bottle
WB-105784,2026-03-18T10:49:53Z,Sitara Packaging Solutions Pvt Ltd,PAID,INR,Coir door mat,1,24701.19,1883.99,Web,Web order - Coir door mat
WB-106058,2026-03-18T20:28:25Z,Anokhi Kitchenware Pvt Ltd,PAID,INR,Mixer jar spare,1,67965.15,5183.78,Web,Web order - Mixer jar spare
WB-106349,2026-03-18T17:09:20Z,Kesari Handlooms Pvt Ltd,PAID,INR,Rubber foot mat,2,51099.00,3897.38,Mobile app,Web order - Rubber foot mat
WB-106392,2026-03-18T12:24:26Z,Bhavani Steel Trading Pvt Ltd,PAID,INR,Rubber foot mat,4,67364.00,5137.93,Marketplace,Web order - Rubber foot mat
WB-106593,2026-03-18T11:36:40Z,Girnar Pipes and Fittings Pvt Ltd,PAID,INR,Mixer jar spare,1,6393.00,487.60,Web,Web order - Mixer jar spare
WB-106656,2026-03-18T13:23:40Z,Vindhya Plastics Private Limited,PAID,INR,Rubber foot mat,2,5970.00,455.34,Mobile app,Web order - Rubber foot mat
WB-106689,2026-03-18T10:56:04Z,Tanmay Toolroom Private Limited,PAID,INR,Copper water bottle,2,77718.74,5927.70,Mobile app,Web order - Copper water bottle
WB-106793,2026-03-18T13:07:13Z,Meghdoot Packaging LLP,PAID,INR,Mixer jar spare,3,40054.00,3054.97,Phone order,Web order - Mixer jar spare
WB-106860,2026-03-18T12:01:26Z,Kaveri Rubber Works Pvt Ltd,PAID,INR,Steel tiffin carrier,1,21418.99,1633.65,Web,Web order - Steel tiffin carrier
WB-106966,2026-03-18T12:03:34Z,Naaz Fabrics Private Limited,PAID,INR,Copper water bottle,2,33563.82,2559.95,Mobile app,Web order - Copper water bottle
WB-107194,2026-03-18T14:49:53Z,Shubhankar Electricals LLP,PAID,INR,Steel tiffin carrier,3,4039.00,308.06,Phone order,Web order - Steel tiffin carrier
WB-107318,2026-03-18T09:56:45Z,Jashan Sports Goods Pvt Ltd,PAID,INR,Steel tiffin carrier,1,72679.96,5543.39,Web,Web order - Steel tiffin carrier
WB-107879,2026-03-18T20:20:50Z,Barkat Stationers Private Limited,PAID,INR,Rubber foot mat,4,89819.70,6850.66,Marketplace,Web order - Rubber foot mat
WB-107908,2026-03-18T18:58:53Z,Marudhar Furnishings LLP,PAID,INR,Trolley bag 24 inch,2,85831.00,6546.43,Mobile app,Web order - Trolley bag 24 inch
WB-107924,2026-03-18T17:06:26Z,Nirvaan Agro Mills Pvt Ltd,PAID,INR,Coir door mat,3,56933.00,4342.35,Phone order,Web order - Coir door mat
WB-108028,2026-03-18T12:44:13Z,Tarangini Prints LLP,PAID,INR,Copper water bottle,2,34240.00,2611.53,Mobile app,Web order - Copper water bottle
WB-108202,2026-03-18T11:07:34Z,Kalanjali Crafts Pvt Ltd,PAID,INR,Mixer jar spare,3,87704.23,6689.31,Phone order,Web order - Mixer jar spare
WB-108395,2026-03-18T16:27:40Z,Utsav Bakers LLP,PAID,INR,Trolley bag 24 inch,4,19137.00,1459.60,Marketplace,Web order - Trolley bag 24 inch
WB-108447,2026-03-18T17:12:52Z,Naaz Fabrics Private Limited,PAID,INR,Copper water bottle,2,34890.97,2661.18,Mobile app,Web order - Copper water bottle
WB-108502,2026-03-18T11:33:46Z,Bhoomi Tiles and Sanitary LLP,PAID,INR,Rubber foot mat,4,44168.00,3368.75,Marketplace,Web order - Rubber foot mat
WB-109045,2026-03-18T17:32:19Z,Ekansh Glassworks Private Limited,PAID,INR,Trolley bag 24 inch,2,26937.58,2054.56,Mobile app,Web order - Trolley bag 24 inch
WB-109139,2026-03-18T09:21:53Z,Ambar Cold Rooms Pvt Ltd,PAID,INR,Coir door mat,1,46249.00,3527.47,Web,Web order - Coir door mat
WB-109182,2026-03-18T16:35:34Z,Ojas Lighting Private Limited,PAID,INR,Coir door mat,3,72357.43,5518.79,Phone order,Web order - Coir door mat
WB-109246,2026-03-18T19:03:13Z,Chirag Battery House Pvt Ltd,PAID,INR,Steel tiffin carrier,3,27238.00,2077.47,Phone order,Web order - Steel tiffin carrier
WB-109375,2026-03-18T08:54:15Z,Sanchit Hardware Depot Pvt Ltd,PAID,INR,Mixer jar spare,3,48195.46,3675.92,Phone order,Web order - Mixer jar spare
WB-109584,2026-03-18T11:20:46Z,Madhuban Nurseries Pvt Ltd,PAID,INR,Coir door mat,3,85280.00,6504.41,Phone order,Web order - Coir door mat
WB-109654,2026-03-18T12:21:33Z,Devgiri Paints LLP,PAID,INR,Rubber foot mat,2,70741.00,5395.50,Mobile app,Web order - Rubber foot mat
WB-109661,2026-03-18T15:00:00Z,Vaayu Organics Private Limited,PAID,INR,Trolley bag 24 inch,4,76284.00,5818.27,Marketplace,Web order - Trolley bag 24 inch
WB-109799,2026-03-18T09:47:46Z,Rukmini Provisions Private Limited,PAID,INR,Trolley bag 24 inch,4,82265.00,6274.45,Marketplace,Web order - Trolley bag 24 inch
WB-109816,2026-03-18T14:04:19Z,Yamini Home Needs Pvt Ltd,PAID,INR,Mixer jar spare,1,22043.38,1681.27,Web,Web order - Mixer jar spare
WB-109891,2026-03-18T16:55:40Z,Ranjeet Timber Depot Pvt Ltd,PAID,INR,Coir door mat,1,31098.00,2371.88,Web,Web order - Coir door mat
WB-104004,2026-03-19T14:21:53Z,Kalanjali Crafts Pvt Ltd,PAID,INR,Mixer jar spare,3,70702.00,5392.53,Phone order,Web order - Mixer jar spare
WB-104186,2026-03-19T11:36:20Z,Chandravat Metals Private Limited,PAID,INR,Copper water bottle,4,50073.00,3819.13,Marketplace,Web order - Copper water bottle
WB-104217,2026-03-19T17:09:20Z,Vaayu Organics Private Limited,PAID,INR,Cold pressed oil case pack,1,46185.00,3522.58,Web,Cold pressed oil case pack bulk despatch
WB-104304,2026-03-19T16:38:26Z,Bhoomi Tiles and Sanitary LLP,PAID,INR,Rubber foot mat,4,52928.00,4036.88,Marketplace,Web order - Rubber foot mat
WB-104371,2026-03-19T09:16:33Z,Ekansh Glassworks Private Limited,PAID,INR,Trolley bag 24 inch,2,59212.00,4516.17,Mobile app,Web order - Trolley bag 24 inch
WB-104599,2026-03-19T20:27:40Z,Meghdoot Packaging LLP,PAID,INR,Mixer jar spare,3,10596.00,808.17,Phone order,Web order - Mixer jar spare
WB-104728,2026-03-19T13:16:13Z,Anokhi Kitchenware Pvt Ltd,PAID,INR,Mixer jar spare,1,76333.00,5822.01,Web,Web order - Mixer jar spare
WB-104755,2026-03-19T16:47:46Z,Neelkanth Ceramics Pvt Ltd,PAID,INR,Steel tiffin carrier,3,24560.60,1873.27,Phone order,Web order - Steel tiffin carrier
WB-104925,2026-03-19T17:59:59Z,Vaayu Organics Private Limited,PAID,INR,Trolley bag 24 inch,4,83233.78,6348.34,Marketplace,Web order - Trolley bag 24 inch
WB-105205,2026-03-19T11:43:30Z,Sohrab Auto Spares LLP,PAID,INR,Copper water bottle,4,60174.90,4589.61,Marketplace,Web order - Copper water bottle
WB-105467,2026-03-19T12:01:46Z,Vindhya Plastics Private Limited,PAID,INR,Rubber foot mat,2,22947.78,1750.25,Mobile app,Web order - Rubber foot mat
WB-105549,2026-03-19T10:41:58Z,Devgiri Paints LLP,PAID,INR,Rubber foot mat,2,8499.56,648.27,Mobile app,Web order - Rubber foot mat
WB-105560,2026-03-19T15:03:33Z,Ojas Lighting Private Limited,PAID,INR,Coir door mat,3,34687.00,2645.62,Phone order,Web order - Coir door mat
WB-105561,2026-03-19T16:32:00Z,Devgiri Paints LLP,PAID,INR,Rubber foot mat,2,55314.00,4218.86,Mobile app,Web order - Rubber foot mat
WB-105615,2026-03-19T11:33:46Z,Shubhankar Electricals LLP,PAID,INR,Steel tiffin carrier,3,32702.00,2494.22,Phone order,Web order - Steel tiffin carrier
WB-105898,2026-03-19T10:49:34Z,Nirvaan Agro Mills Pvt Ltd,PAID,INR,Coir door mat,3,7611.43,580.53,Phone order,Web order - Coir door mat
WB-106198,2026-03-19T17:18:42Z,Ranjeet Timber Depot Pvt Ltd,PAID,INR,Coir door mat,1,51654.06,3939.72,Web,Web order - Coir door mat
WB-106458,2026-03-19T18:44:53Z,Yamini Home Needs Pvt Ltd,PAID,INR,Mixer jar spare,1,49138.00,3747.81,Web,Web order - Mixer jar spare
WB-106660,2026-03-19T17:20:26Z,Rukmini Provisions Private Limited,PAID,INR,Trolley bag 24 inch,4,7631.00,582.03,Marketplace,Web order - Trolley bag 24 inch
WB-106858,2026-03-19T19:00:20Z,Girnar Pipes and Fittings Pvt Ltd,PAID,INR,Mixer jar spare,1,54366.00,4146.56,Web,Web order - Mixer jar spare
WB-107002,2026-03-19T10:52:06Z,Suvarna Weaves LLP,PAID,INR,Trolley bag 24 inch,2,84278.00,6427.98,Mobile app,Web order - Trolley bag 24 inch
WB-107024,2026-03-19T11:43:46Z,Kesari Handlooms Pvt Ltd,PAID,INR,Rubber foot mat,2,46049.00,3512.21,Mobile app,Web order - Rubber foot mat
WB-107123,2026-03-19T09:16:13Z,Chirag Battery House Pvt Ltd,PAID,INR,Steel tiffin carrier,3,3793.00,289.30,Phone order,Web order - Steel tiffin carrier
WB-107391,2026-03-19T11:56:06Z,Jashan Sports Goods Pvt Ltd,PAID,INR,Steel tiffin carrier,1,30872.00,2354.64,Web,Web order - Steel tiffin carrier
WB-107418,2026-03-19T15:23:20Z,Kaveri Rubber Works Pvt Ltd,PAID,INR,Steel tiffin carrier,1,47427.00,3617.31,Web,Web order - Steel tiffin carrier
WB-107883,2026-03-19T13:42:42Z,Barkat Stationers Private Limited,PAID,INR,Rubber foot mat,4,28335.07,2161.15,Marketplace,Web order - Rubber foot mat
WB-107904,2026-03-19T12:04:40Z,Prithvi Seeds and Feeds Pvt Ltd,PAID,INR,Copper water bottle,4,75918.00,5790.36,Marketplace,Web order - Copper water bottle
WB-108215,2026-03-19T10:51:21Z,Bhavani Steel Trading Pvt Ltd,PAID,INR,Rubber foot mat,4,86695.84,6612.39,Marketplace,Web order - Rubber foot mat
WB-108455,2026-03-19T16:47:05Z,Madhuban Nurseries Pvt Ltd,PAID,INR,Coir door mat,3,51478.36,3926.32,Phone order,Web order - Coir door mat
WB-108549,2026-03-19T12:35:13Z,Marudhar Furnishings LLP,PAID,INR,Trolley bag 24 inch,2,39730.00,3030.25,Mobile app,Web order - Trolley bag 24 inch
WB-108611,2026-03-19T18:41:39Z,Naaz Fabrics Private Limited,PAID,INR,Copper water bottle,2,10363.79,790.46,Mobile app,Web order - Copper water bottle
WB-108960,2026-03-19T10:55:20Z,Utsav Bakers LLP,PAID,INR,Trolley bag 24 inch,4,90947.41,6936.67,Marketplace,Web order - Trolley bag 24 inch
WB-109153,2026-03-19T08:15:26Z,Shubhankar Electricals LLP,PAID,INR,Steel tiffin carrier,3,53549.00,4084.25,Phone order,Web order - Steel tiffin carrier
WB-109289,2026-03-19T13:28:02Z,Palashwood Interiors Pvt Ltd,PAID,INR,Steel tiffin carrier,1,74415.66,5675.77,Web,Web order - Steel tiffin carrier
WB-109371,2026-03-19T15:51:44Z,Sitara Packaging Solutions Pvt Ltd,PAID,INR,Coir door mat,1,14163.74,1080.29,Web,Web order - Coir door mat
WB-109381,2026-03-19T15:13:20Z,Sanchit Hardware Depot Pvt Ltd,PAID,INR,Mixer jar spare,3,37356.00,2849.19,Phone order,Web order - Mixer jar spare
WB-109477,2026-03-19T15:14:24Z,Ambar Cold Rooms Pvt Ltd,PAID,INR,Coir door mat,1,26802.74,2044.28,Web,Web order - Coir door mat
WB-109666,2026-03-19T10:39:50Z,Tanmay Toolroom Private Limited,PAID,INR,Copper water bottle,2,8312.12,633.98,Mobile app,Web order - Copper water bottle
WB-109947,2026-03-19T13:30:53Z,Tarangini Prints LLP,PAID,INR,Copper water bottle,2,24847.00,1895.11,Mobile app,Web order - Copper water bottle
WB-109965,2026-03-19T14:45:57Z,Girnar Pipes and Fittings Pvt Ltd,PAID,INR,Mixer jar spare,1,34676.92,2644.85,Web,Web order - Mixer jar spare
WB-104348,2026-03-20T14:34:29Z,Bhavani Steel Trading Pvt Ltd,PAID,INR,Rubber foot mat,4,84478.47,6443.27,Marketplace,Web order - Rubber foot mat
WB-104403,2026-03-20T08:06:46Z,Ojas Lighting Private Limited,PAID,INR,Coir door mat,3,86612.00,6606.00,Phone order,Web order - Coir door mat
WB-104644,2026-03-20T17:20:06Z,Prithvi Seeds and Feeds Pvt Ltd,PAID,INR,Copper water bottle,4,44759.00,3413.82,Marketplace,Web order - Copper water bottle
WB-104718,2026-03-20T17:46:39Z,Sanchit Hardware Depot Pvt Ltd,PAID,INR,Mixer jar spare,3,68599.18,5232.14,Phone order,Web order - Mixer jar spare
WB-104814,2026-03-20T08:03:53Z,Anokhi Kitchenware Pvt Ltd,PAID,INR,Mixer jar spare,1,70333.00,5364.38,Web,Web order - Mixer jar spare
WB-104833,2026-03-20T09:21:53Z,Palashwood Interiors Pvt Ltd,PAID,INR,Steel tiffin carrier,1,18403.00,1403.62,Web,Web order - Steel tiffin carrier
WB-104909,2026-03-20T20:16:13Z,Naaz Fabrics Private Limited,PAID,INR,Copper water bottle,2,51880.00,3956.95,Mobile app,Web order - Copper water bottle
WB-104977,2026-03-20T08:19:22Z,Kesari Handlooms Pvt Ltd,PAID,INR,Rubber foot mat,2,11281.27,860.44,Mobile app,Web order - Rubber foot mat
WB-105422,2026-03-20T17:58:35Z,Tanmay Toolroom Private Limited,PAID,INR,Copper water bottle,2,24608.86,1876.95,Mobile app,Web order - Copper water bottle
WB-105468,2026-03-20T15:57:48Z,Nirvaan Agro Mills Pvt Ltd,PAID,INR,Coir door mat,3,65683.44,5009.75,Phone order,Web order - Coir door mat
WB-105469,2026-03-20T16:21:53Z,Meghdoot Packaging LLP,PAID,INR,Mixer jar spare,3,80764.00,6159.97,Phone order,Web order - Mixer jar spare
WB-105527,2026-03-20T16:32:01Z,Utsav Bakers LLP,PAID,INR,Trolley bag 24 inch,4,40080.65,3057.00,Marketplace,Web order - Trolley bag 24 inch
WB-105660,2026-03-20T09:18:00Z,Suvarna Weaves LLP,PAID,INR,Trolley bag 24 inch,2,41436.01,3160.37,Mobile app,Web order - Trolley bag 24 inch
WB-106333,2026-03-20T16:41:20Z,Shubhankar Electricals LLP,PAID,INR,Steel tiffin carrier,3,88044.00,6715.22,Phone order,Web order - Steel tiffin carrier
WB-106437,2026-03-20T17:32:20Z,Suvarna Weaves LLP,PAID,INR,Trolley bag 24 inch,2,55275.00,4215.89,Mobile app,Web order - Trolley bag 24 inch
WB-106568,2026-03-20T18:05:44Z,Sitara Packaging Solutions Pvt Ltd,PAID,INR,Coir door mat,1,28392.73,2165.55,Web,Web order - Coir door mat
WB-106610,2026-03-20T13:01:27Z,Devgiri Paints LLP,PAID,INR,Rubber foot mat,2,288.83,22.03,Mobile app,Web order - Rubber foot mat
WB-106626,2026-03-20T16:53:31Z,Barkat Stationers Private Limited,PAID,INR,Rubber foot mat,4,39755.75,3032.22,Marketplace,Web order - Rubber foot mat
WB-106722,2026-03-20T14:44:33Z,Ekansh Glassworks Private Limited,PAID,INR,Trolley bag 24 inch,2,47305.00,3608.01,Mobile app,Web order - Trolley bag 24 inch
WB-107187,2026-03-20T11:44:33Z,Sohrab Auto Spares LLP,PAID,INR,Copper water bottle,4,53389.00,4072.04,Marketplace,Web order - Copper water bottle
WB-107601,2026-03-20T08:39:09Z,Bhoomi Tiles and Sanitary LLP,PAID,INR,Rubber foot mat,4,71359.47,5442.67,Marketplace,Web order - Rubber foot mat
WB-107960,2026-03-20T11:03:33Z,Neelkanth Ceramics Pvt Ltd,PAID,INR,Steel tiffin carrier,3,15382.00,1173.20,Phone order,Web order - Steel tiffin carrier
WB-107975,2026-03-20T16:35:13Z,Ambar Cold Rooms Pvt Ltd,PAID,INR,Coir door mat,1,70501.00,5377.19,Web,Web order - Coir door mat
WB-108006,2026-03-20T14:18:20Z,Chirag Battery House Pvt Ltd,PAID,INR,Steel tiffin carrier,3,85272.00,6503.80,Phone order,Web order - Steel tiffin carrier
WB-108228,2026-03-20T12:41:00Z,Sohrab Auto Spares LLP,PAID,INR,Copper water bottle,4,60822.00,4638.97,Marketplace,Web order - Copper water bottle
WB-108362,2026-03-20T11:15:29Z,Yamini Home Needs Pvt Ltd,PAID,INR,Mixer jar spare,1,77534.07,5913.62,Web,Web order - Mixer jar spare
WB-108593,2026-03-20T10:29:27Z,Marudhar Furnishings LLP,PAID,INR,Trolley bag 24 inch,2,18404.01,1403.70,Mobile app,Web order - Trolley bag 24 inch
WB-108789,2026-03-20T13:13:40Z,Sitara Packaging Solutions Pvt Ltd,PAID,INR,Coir door mat,1,78618.00,5996.29,Web,Web order - Coir door mat
WB-108868,2026-03-20T10:10:43Z,Ranjeet Timber Depot Pvt Ltd,PAID,INR,Coir door mat,1,3136.91,239.26,Web,Web order - Coir door mat
WB-109110,2026-03-20T14:25:29Z,Girnar Pipes and Fittings Pvt Ltd,PAID,INR,Mixer jar spare,1,54587.68,4163.47,Web,Web order - Mixer jar spare
WB-109141,2026-03-20T11:44:53Z,Vindhya Plastics Private Limited,PAID,INR,Rubber foot mat,2,35917.00,2739.43,Mobile app,Web order - Rubber foot mat
WB-109163,2026-03-20T20:24:06Z,Madhuban Nurseries Pvt Ltd,PAID,INR,Coir door mat,3,51374.00,3918.36,Phone order,Web order - Coir door mat
WB-109521,2026-03-20T12:13:38Z,Kalanjali Crafts Pvt Ltd,PAID,INR,Mixer jar spare,3,47004.55,3585.09,Phone order,Web order - Mixer jar spare
WB-109623,2026-03-20T13:16:52Z,Jashan Sports Goods Pvt Ltd,PAID,INR,Steel tiffin carrier,1,59243.18,4518.55,Web,Web order - Steel tiffin carrier
WB-109657,2026-03-20T14:07:33Z,Tarangini Prints LLP,PAID,INR,Copper water bottle,2,57214.00,4363.78,Mobile app,Web order - Copper water bottle
WB-109688,2026-03-20T15:03:33Z,Vaayu Organics Private Limited,PAID,INR,Trolley bag 24 inch,4,59257.00,4519.60,Marketplace,Web order - Trolley bag 24 inch
WB-109764,2026-03-20T16:52:27Z,Kaveri Rubber Works Pvt Ltd,PAID,INR,Steel tiffin carrier,1,40644.82,3100.03,Web,Web order - Steel tiffin carrier
WB-109930,2026-03-20T13:20:46Z,Rukmini Provisions Private Limited,PAID,INR,Trolley bag 24 inch,4,11804.00,900.31,Marketplace,Web order - Trolley bag 24 inch
WB-109976,2026-03-20T08:20:06Z,Chandravat Metals Private Limited,PAID,INR,Copper water bottle,4,29666.00,2262.66,Marketplace,Web order - Copper water bottle
WB-104005,2026-03-21T16:32:40Z,Bhavani Steel Trading Pvt Ltd,PAID,INR,Rubber foot mat,4,13818.00,1053.92,Marketplace,Web order - Rubber foot mat
WB-104057,2026-03-21T08:20:06Z,Kaveri Rubber Works Pvt Ltd,PAID,INR,Steel tiffin carrier,1,27045.20,2062.77,Web,Web order - Steel tiffin carrier
WB-104402,2026-03-21T17:37:00Z,Vaayu Organics Private Limited,PAID,INR,Trolley bag 24 inch,4,38599.21,2944.01,Marketplace,Web order - Trolley bag 24 inch
WB-104497,2026-03-21T11:48:08Z,Bhoomi Tiles and Sanitary LLP,PAID,INR,Rubber foot mat,4,14085.24,1074.30,Marketplace,Web order - Rubber foot mat
WB-104534,2026-03-21T12:20:28Z,Vindhya Plastics Private Limited,PAID,INR,Rubber foot mat,2,35430.24,2702.31,Mobile app,Web order - Rubber foot mat
WB-104620,2026-03-21T11:02:32Z,Sohrab Auto Spares LLP,PAID,INR,Copper water bottle,4,7683.37,586.02,Marketplace,Web order - Copper water bottle
WB-104633,2026-03-21T09:10:46Z,Ambar Cold Rooms Pvt Ltd,PAID,INR,Coir door mat,1,32387.00,2470.19,Web,Web order - Coir door mat
WB-105297,2026-03-21T18:30:13Z,Barkat Stationers Private Limited,PAID,INR,Rubber foot mat,4,31828.00,2427.56,Marketplace,Web order - Rubber foot mat
WB-105316,2026-03-21T16:32:40Z,Ranjeet Timber Depot Pvt Ltd,PAID,INR,Coir door mat,1,37569.00,2865.43,Web,Web order - Coir door mat
WB-105683,2026-03-21T08:46:00Z,Marudhar Furnishings LLP,PAID,INR,Trolley bag 24 inch,2,68139.00,5197.04,Mobile app,Web order - Trolley bag 24 inch
WB-105804,2026-03-21T16:43:48Z,Prithvi Seeds and Feeds Pvt Ltd,PAID,INR,Copper water bottle,4,58638.25,4472.41,Marketplace,Web order - Copper water bottle
WB-106145,2026-03-21T09:42:05Z,Kesari Handlooms Pvt Ltd,PAID,INR,Rubber foot mat,2,5738.56,437.69,Mobile app,Web order - Rubber foot mat
WB-106197,2026-03-21T17:19:46Z,Ekansh Glassworks Private Limited,PAID,INR,Trolley bag 24 inch,2,51092.58,3896.89,Mobile app,Web order - Trolley bag 24 inch
WB-106235,2026-03-21T14:07:52Z,Suvarna Weaves LLP,PAID,INR,Trolley bag 24 inch,2,82002.38,6254.42,Mobile app,Web order - Trolley bag 24 inch
WB-106285,2026-03-21T08:26:33Z,Naaz Fabrics Private Limited,PAID,INR,Copper water bottle,2,4348.00,331.63,Mobile app,Web order - Copper water bottle
WB-106319,2026-03-21T09:06:49Z,Madhuban Nurseries Pvt Ltd,PAID,INR,Coir door mat,3,2582.68,196.98,Phone order,Web order - Coir door mat
WB-106377,2026-03-21T14:08:16Z,Yamini Home Needs Pvt Ltd,PAID,INR,Mixer jar spare,1,11552.89,881.15,Web,Web order - Mixer jar spare
WB-106429,2026-03-21T11:44:33Z,Bhavani Steel Trading Pvt Ltd,PAID,INR,Rubber foot mat,4,38647.00,2947.65,Marketplace,Web order - Rubber foot mat
WB-106633,2026-03-21T14:01:05Z,Neelkanth Ceramics Pvt Ltd,PAID,INR,Steel tiffin carrier,3,79583.56,6069.93,Phone order,Web order - Steel tiffin carrier
WB-106686,2026-03-21T11:16:33Z,Tarangini Prints LLP,PAID,INR,Copper water bottle,2,88930.00,6782.80,Mobile app,Web order - Copper water bottle
WB-106830,2026-03-21T12:55:40Z,Sitara Packaging Solutions Pvt Ltd,PAID,INR,Coir door mat,1,52743.00,4022.77,Web,Web order - Coir door mat
WB-106954,2026-03-21T16:22:18Z,Nirvaan Agro Mills Pvt Ltd,PAID,INR,Coir door mat,3,53721.55,4097.41,Phone order,Web order - Coir door mat
WB-106997,2026-03-21T13:23:03Z,Chandravat Metals Private Limited,PAID,INR,Copper water bottle,4,75569.49,5763.77,Marketplace,Web order - Copper water bottle
WB-107205,2026-03-21T17:03:53Z,Sanchit Hardware Depot Pvt Ltd,PAID,INR,Mixer jar spare,3,88702.00,6765.41,Phone order,Web order - Mixer jar spare
WB-107495,2026-03-21T12:38:26Z,Shubhankar Electricals LLP,PAID,INR,Steel tiffin carrier,3,20519.00,1565.01,Phone order,Web order - Steel tiffin carrier
WB-107739,2026-03-21T09:04:00Z,Girnar Pipes and Fittings Pvt Ltd,PAID,INR,Mixer jar spare,1,3924.00,299.29,Web,Web order - Mixer jar spare
WB-107999,2026-03-21T20:53:53Z,Rukmini Provisions Private Limited,PAID,INR,Trolley bag 24 inch,4,24226.00,1847.75,Marketplace,Web order - Trolley bag 24 inch
WB-108269,2026-03-21T16:02:50Z,Sanchit Hardware Depot Pvt Ltd,PAID,INR,Mixer jar spare,3,91322.70,6965.29,Phone order,Web order - Mixer jar spare
WB-108571,2026-03-21T14:32:00Z,Utsav Bakers LLP,PAID,INR,Trolley bag 24 inch,4,24777.00,1889.77,Marketplace,Web order - Trolley bag 24 inch
WB-108629,2026-03-21T14:55:40Z,Ojas Lighting Private Limited,PAID,INR,Coir door mat,3,48063.00,3665.82,Phone order,Web order - Coir door mat
WB-108773,2026-03-21T11:33:06Z,Kalanjali Crafts Pvt Ltd,PAID,INR,Mixer jar spare,3,86483.00,6596.16,Phone order,Web order - Mixer jar spare
WB-108839,2026-03-21T13:27:00Z,Jashan Sports Goods Pvt Ltd,PAID,INR,Steel tiffin carrier,1,54432.00,4151.59,Web,Web order - Steel tiffin carrier
WB-108865,2026-03-21T20:36:40Z,Anokhi Kitchenware Pvt Ltd,PAID,INR,Mixer jar spare,1,47694.00,3637.68,Web,Web order - Mixer jar spare
WB-108866,2026-03-21T12:15:26Z,Palashwood Interiors Pvt Ltd,PAID,INR,Steel tiffin carrier,1,91691.00,6993.38,Web,Web order - Steel tiffin carrier
WB-109069,2026-03-21T14:44:33Z,Tanmay Toolroom Private Limited,PAID,INR,Copper water bottle,2,46486.00,3545.54,Mobile app,Web order - Copper water bottle
WB-109077,2026-03-21T16:38:26Z,Meghdoot Packaging LLP,PAID,INR,Mixer jar spare,3,8702.00,663.71,Phone order,Web order - Mixer jar spare
WB-109474,2026-03-21T17:06:27Z,Devgiri Paints LLP,PAID,INR,Rubber foot mat,2,9267.22,706.82,Mobile app,Web order - Rubber foot mat
WB-109885,2026-03-21T16:18:40Z,Chirag Battery House Pvt Ltd,PAID,INR,Steel tiffin carrier,3,90147.00,6875.62,Phone order,Web order - Steel tiffin carrier
WB-104060,2026-03-22T15:27:57Z,Nirvaan Agro Mills Pvt Ltd,PAID,INR,Coir door mat,3,52770.51,4024.87,Phone order,Web order - Coir door mat
WB-104091,2026-03-22T11:27:20Z,Naaz Fabrics Private Limited,PAID,INR,Copper water bottle,2,47373.00,3613.19,Mobile app,Web order - Copper water bottle
WB-104158,2026-03-22T09:16:33Z,Chirag Battery House Pvt Ltd,PAID,INR,Steel tiffin carrier,3,54298.00,4141.37,Phone order,Web order - Steel tiffin carrier
WB-104315,2026-03-22T10:43:26Z,Tanmay Toolroom Private Limited,PAID,INR,Copper water bottle,2,15785.00,1203.94,Mobile app,Web order - Copper water bottle
WB-104358,2026-03-22T09:05:24Z,Sohrab Auto Spares LLP,PAID,INR,Copper water bottle,4,48953.53,3733.74,Marketplace,Web order - Copper water bottle
WB-104426,2026-03-22T13:54:37Z,Ranjeet Timber Depot Pvt Ltd,PAID,INR,Coir door mat,1,50192.31,3828.23,Web,Web order - Coir door mat
WB-104507,2026-03-22T16:21:53Z,Prithvi Seeds and Feeds Pvt Ltd,PAID,INR,Copper water bottle,4,40633.00,3099.13,Marketplace,Web order - Copper water bottle
WB-104584,2026-03-22T11:51:04Z,Ambar Cold Rooms Pvt Ltd,PAID,INR,Coir door mat,1,56829.72,4334.47,Web,Web order - Coir door mat
WB-104835,2026-03-22T20:42:04Z,Ojas Lighting Private Limited,PAID,INR,Coir door mat,3,68731.33,5242.22,Phone order,Web order - Coir door mat
WB-104895,2026-03-22T08:52:07Z,Kaveri Rubber Works Pvt Ltd,PAID,INR,Steel tiffin carrier,1,73888.41,5635.56,Web,Web order - Steel tiffin carrier
WB-104933,2026-03-22T16:50:00Z,Barkat Stationers Private Limited,PAID,INR,Rubber foot mat,4,72999.00,5567.72,Marketplace,Web order - Rubber foot mat
WB-104969,2026-03-22T09:36:00Z,Nirvaan Agro Mills Pvt Ltd,PAID,INR,Coir door mat,3,75501.00,5758.55,Phone order,Web order - Coir door mat
WB-105145,2026-03-22T12:32:20Z,Ekansh Glassworks Private Limited,PAID,INR,Trolley bag 24 inch,2,19356.00,1476.31,Mobile app,Web order - Trolley bag 24 inch
WB-105181,2026-03-22T13:40:33Z,Jashan Sports Goods Pvt Ltd,PAID,INR,Steel tiffin carrier,1,88426.00,6744.36,Web,Web order - Steel tiffin carrier
WB-105337,2026-03-22T20:30:13Z,Palashwood Interiors Pvt Ltd,PAID,INR,Steel tiffin carrier,1,89392.00,6818.03,Web,Web order - Steel tiffin carrier
WB-105565,2026-03-22T11:13:20Z,Vindhya Plastics Private Limited,PAID,INR,Rubber foot mat,2,86847.00,6623.92,Mobile app,Web order - Rubber foot mat
WB-105573,2026-03-22T10:38:06Z,Jashan Sports Goods Pvt Ltd,PAID,INR,Steel tiffin carrier,1,16463.00,1255.65,Web,Web order - Steel tiffin carrier
WB-105593,2026-03-22T11:01:24Z,Sanchit Hardware Depot Pvt Ltd,PAID,INR,Mixer jar spare,3,4219.94,321.86,Phone order,Web order - Mixer jar spare
WB-105828,2026-03-22T09:45:38Z,Suvarna Weaves LLP,PAID,INR,Trolley bag 24 inch,2,34247.95,2612.13,Mobile app,Web order - Trolley bag 24 inch
WB-105856,2026-03-22T18:30:51Z,Kalanjali Crafts Pvt Ltd,PAID,INR,Mixer jar spare,3,12444.95,949.19,Phone order,Web order - Mixer jar spare
WB-106028,2026-03-22T19:29:26Z,Anokhi Kitchenware Pvt Ltd,PAID,INR,Mixer jar spare,1,85913.00,6552.69,Web,Web order - Mixer jar spare
WB-106056,2026-03-22T10:52:46Z,Meghdoot Packaging LLP,PAID,INR,Mixer jar spare,3,35411.00,2700.84,Phone order,Web order - Mixer jar spare
WB-106159,2026-03-22T11:28:41Z,Chandravat Metals Private Limited,PAID,INR,Copper water bottle,4,75928.84,5791.18,Marketplace,Web order - Copper water bottle
WB-106233,2026-03-22T11:08:18Z,Sitara Packaging Solutions Pvt Ltd,PAID,INR,Coir door mat,1,16326.55,1245.25,Web,Web order - Coir door mat
WB-106302,2026-03-22T16:39:31Z,Bhoomi Tiles and Sanitary LLP,PAID,INR,Rubber foot mat,4,61866.93,4718.66,Marketplace,Web order - Rubber foot mat
WB-106347,2026-03-22T19:52:06Z,Neelkanth Ceramics Pvt Ltd,PAID,INR,Steel tiffin carrier,3,1910.00,145.68,Phone order,Web order - Steel tiffin carrier
WB-106441,2026-03-22T12:29:46Z,Devgiri Paints LLP,PAID,INR,Rubber foot mat,2,19184.00,1463.19,Mobile app,Web order - Rubber foot mat
WB-106790,2026-03-22T15:29:06Z,Utsav Bakers LLP,PAID,INR,Trolley bag 24 inch,4,27569.00,2102.72,Marketplace,Web order - Trolley bag 24 inch
WB-106883,2026-03-22T18:03:15Z,Madhuban Nurseries Pvt Ltd,PAID,INR,Coir door mat,3,28478.27,2172.07,Phone order,Web order - Coir door mat
WB-107262,2026-03-22T19:13:40Z,Kesari Handlooms Pvt Ltd,PAID,INR,Rubber foot mat,2,21498.61,1639.72,Mobile app,Web order - Rubber foot mat
WB-107266,2026-03-22T20:01:26Z,Marudhar Furnishings LLP,PAID,INR,Trolley bag 24 inch,2,70676.00,5390.54,Mobile app,Web order - Trolley bag 24 inch
WB-107451,2026-03-22T18:03:15Z,Girnar Pipes and Fittings Pvt Ltd,PAID,INR,Mixer jar spare,1,6856.65,522.96,Web,Web order - Mixer jar spare
WB-108837,2026-03-22T19:29:26Z,Tarangini Prints LLP,PAID,INR,Copper water bottle,2,8927.00,680.87,Mobile app,Web order - Copper water bottle
WB-108876,2026-03-22T14:58:34Z,Rukmini Provisions Private Limited,PAID,INR,Trolley bag 24 inch,4,8486.22,647.25,Marketplace,Web order - Trolley bag 24 inch
WB-109033,2026-03-22T10:59:56Z,Vaayu Organics Private Limited,PAID,INR,Trolley bag 24 inch,4,14882.30,1135.09,Marketplace,Web order - Trolley bag 24 inch
WB-109107,2026-03-22T08:24:06Z,Tanmay Toolroom Private Limited,PAID,INR,Copper water bottle,2,65367.18,4985.63,Mobile app,Web order - Copper water bottle
WB-109212,2026-03-22T13:30:14Z,Yamini Home Needs Pvt Ltd,PAID,INR,Mixer jar spare,1,44721.42,3410.96,Web,Web order - Mixer jar spare
WB-109382,2026-03-22T13:18:42Z,Shubhankar Electricals LLP,PAID,INR,Steel tiffin carrier,3,69531.66,5303.26,Phone order,Web order - Steel tiffin carrier
WB-109519,2026-03-22T14:52:46Z,Bhavani Steel Trading Pvt Ltd,PAID,INR,Rubber foot mat,4,29327.00,2236.81,Marketplace,Web order - Rubber foot mat
WB-104074,2026-03-23T12:58:52Z,Bhavani Steel Trading Pvt Ltd,PAID,INR,Rubber foot mat,4,83982.38,6405.44,Marketplace,Web order - Rubber foot mat
WB-104317,2026-03-23T11:13:00Z,Ojas Lighting Private Limited,PAID,INR,Coir door mat,3,62550.00,4770.76,Phone order,Web order - Coir door mat
WB-104373,2026-03-23T19:19:06Z,Meghdoot Packaging LLP,PAID,INR,Mixer jar spare,3,54001.99,4118.80,Phone order,Web order - Mixer jar spare
WB-104518,2026-03-23T19:40:33Z,Sitara Packaging Solutions Pvt Ltd,PAID,INR,Coir door mat,1,77662.00,5923.37,Web,Web order - Coir door mat
WB-104547,2026-03-23T11:43:06Z,Vindhya Plastics Private Limited,PAID,INR,Rubber foot mat,2,90821.00,6927.03,Mobile app,Web order - Rubber foot mat
WB-104583,2026-03-23T08:59:35Z,Sanchit Hardware Depot Pvt Ltd,PAID,INR,Mixer jar spare,3,78803.27,6010.42,Phone order,Web order - Mixer jar spare
WB-104591,2026-03-23T13:47:26Z,Suvarna Weaves LLP,PAID,INR,Trolley bag 24 inch,2,64169.00,4894.25,Mobile app,Web order - Trolley bag 24 inch
WB-104806,2026-03-23T15:23:20Z,Sohrab Auto Spares LLP,PAID,INR,Copper water bottle,4,17124.00,1306.07,Marketplace,Web order - Copper water bottle
WB-104887,2026-03-23T16:52:26Z,Kesari Handlooms Pvt Ltd,PAID,INR,Rubber foot mat,2,20006.00,1525.88,Mobile app,Web order - Rubber foot mat
WB-104936,2026-03-23T09:50:39Z,Vaayu Organics Private Limited,PAID,INR,Trolley bag 24 inch,4,70370.38,5367.23,Marketplace,Web order - Trolley bag 24 inch
WB-105167,2026-03-23T11:23:59Z,Nirvaan Agro Mills Pvt Ltd,PAID,INR,Coir door mat,3,84250.79,6425.91,Phone order,Web order - Coir door mat
WB-105223,2026-03-23T16:20:09Z,Bhoomi Tiles and Sanitary LLP,PAID,INR,Rubber foot mat,4,22903.49,1746.88,Marketplace,Web order - Rubber foot mat
WB-105382,2026-03-23T15:55:02Z,Yamini Home Needs Pvt Ltd,PAID,INR,Mixer jar spare,1,16340.46,1246.31,Web,Web order - Mixer jar spare
WB-105391,2026-03-23T20:38:46Z,Rukmini Provisions Private Limited,PAID,INR,Trolley bag 24 inch,4,35924.00,2739.97,Marketplace,Web order - Trolley bag 24 inch
WB-105633,2026-03-23T09:36:00Z,Neelkanth Ceramics Pvt Ltd,PAID,INR,Glazed tile carton lot,1,27180.00,2073.05,Marketplace,Glazed tile carton lot
WB-105727,2026-03-23T18:33:46Z,Utsav Bakers LLP,PAID,INR,Trolley bag 24 inch,4,23646.20,1803.52,Marketplace,Web order - Trolley bag 24 inch
WB-106317,2026-03-23T08:24:04Z,Tarangini Prints LLP,PAID,INR,Copper water bottle,2,23434.34,1787.36,Mobile app,Web order - Copper water bottle
WB-106528,2026-03-23T20:39:11Z,Prithvi Seeds and Feeds Pvt Ltd,PAID,INR,Copper water bottle,4,50978.15,3888.16,Marketplace,Web order - Copper water bottle
WB-106602,2026-03-23T18:28:25Z,Chirag Battery House Pvt Ltd,PAID,INR,Steel tiffin carrier,3,10564.95,805.80,Phone order,Web order - Steel tiffin carrier
WB-106920,2026-03-23T08:18:40Z,Ambar Cold Rooms Pvt Ltd,PAID,INR,Coir door mat,1,5673.00,432.69,Web,Web order - Coir door mat
WB-106953,2026-03-23T16:10:26Z,Girnar Pipes and Fittings Pvt Ltd,PAID,INR,Mixer jar spare,1,56528.00,4311.46,Web,Web order - Mixer jar spare
WB-106962,2026-03-23T17:35:52Z,Neelkanth Ceramics Pvt Ltd,PAID,INR,Steel tiffin carrier,3,1884.38,143.72,Phone order,Web order - Steel tiffin carrier
WB-107030,2026-03-23T08:47:45Z,Jashan Sports Goods Pvt Ltd,PAID,INR,Steel tiffin carrier,1,41806.36,3188.62,Web,Web order - Steel tiffin carrier
WB-107142,2026-03-23T16:20:08Z,Rukmini Provisions Private Limited,PAID,INR,Trolley bag 24 inch,4,39611.05,3021.18,Marketplace,Web order - Trolley bag 24 inch
WB-107160,2026-03-23T08:47:03Z,Naaz Fabrics Private Limited,PAID,INR,Copper water bottle,2,50706.11,3867.42,Mobile app,Web order - Copper water bottle
WB-107342,2026-03-23T14:40:14Z,Kalanjali Crafts Pvt Ltd,PAID,INR,Mixer jar spare,3,53809.64,4104.13,Phone order,Web order - Mixer jar spare
WB-107444,2026-03-23T17:03:53Z,Kaveri Rubber Works Pvt Ltd,PAID,INR,Steel tiffin carrier,1,83788.00,6390.61,Web,Web order - Steel tiffin carrier
WB-107907,2026-03-23T20:58:53Z,Marudhar Furnishings LLP,PAID,INR,Trolley bag 24 inch,2,90160.00,6876.61,Mobile app,Web order - Trolley bag 24 inch
WB-108001,2026-03-23T11:10:06Z,Shubhankar Electricals LLP,PAID,INR,Steel tiffin carrier,3,65108.00,4965.86,Phone order,Web order - Steel tiffin carrier
WB-108180,2026-03-23T15:06:46Z,Ranjeet Timber Depot Pvt Ltd,PAID,INR,Coir door mat,1,82797.80,6315.09,Web,Web order - Coir door mat
WB-108277,2026-03-23T17:49:13Z,Anokhi Kitchenware Pvt Ltd,PAID,INR,Mixer jar spare,1,22252.00,1697.19,Web,Web order - Mixer jar spare
WB-108344,2026-03-23T20:02:51Z,Palashwood Interiors Pvt Ltd,PAID,INR,Steel tiffin carrier,1,83764.53,6388.82,Web,Web order - Steel tiffin carrier
WB-108740,2026-03-23T17:46:20Z,Devgiri Paints LLP,PAID,INR,Rubber foot mat,2,35784.60,2729.33,Mobile app,Web order - Rubber foot mat
WB-108931,2026-03-23T08:32:20Z,Anokhi Kitchenware Pvt Ltd,PAID,INR,Mixer jar spare,1,82770.00,6312.97,Web,Web order - Mixer jar spare
WB-109080,2026-03-23T20:13:00Z,Tanmay Toolroom Private Limited,PAID,INR,Copper water bottle,2,39969.00,3048.48,Mobile app,Web order - Copper water bottle
WB-109115,2026-03-23T18:47:26Z,Vindhya Plastics Private Limited,PAID,INR,Rubber foot mat,2,32930.00,2511.61,Mobile app,Web order - Rubber foot mat
WB-109252,2026-03-23T09:26:16Z,Madhuban Nurseries Pvt Ltd,PAID,INR,Coir door mat,3,32794.69,2501.29,Phone order,Web order - Coir door mat
WB-109796,2026-03-23T12:31:16Z,Chandravat Metals Private Limited,PAID,INR,Copper water bottle,4,88549.70,6753.79,Marketplace,Web order - Copper water bottle
WB-109836,2026-03-23T15:18:21Z,Ekansh Glassworks Private Limited,PAID,INR,Trolley bag 24 inch,2,59391.64,4529.87,Mobile app,Web order - Trolley bag 24 inch
WB-109839,2026-03-23T09:27:40Z,Barkat Stationers Private Limited,PAID,INR,Rubber foot mat,4,77988.00,5948.24,Marketplace,Web order - Rubber foot mat
WB-104335,2026-03-24T13:15:05Z,Palashwood Interiors Pvt Ltd,PAID,INR,Steel tiffin carrier,1,13246.35,1010.31,Web,Web order - Steel tiffin carrier
WB-104549,2026-03-24T13:27:20Z,Sanchit Hardware Depot Pvt Ltd,PAID,INR,Mixer jar spare,3,85281.00,6504.48,Phone order,Web order - Mixer jar spare
WB-104764,2026-03-24T13:13:40Z,Chandravat Metals Private Limited,PAID,INR,Copper water bottle,4,44220.00,3372.71,Marketplace,Web order - Copper water bottle
WB-104905,2026-03-24T15:30:53Z,Nirvaan Agro Mills Pvt Ltd,PAID,INR,Coir door mat,3,45556.00,3474.61,Phone order,Web order - Coir door mat
WB-105042,2026-03-24T14:58:52Z,Kaveri Rubber Works Pvt Ltd,PAID,INR,Steel tiffin carrier,1,51783.98,3949.63,Web,Web order - Steel tiffin carrier
WB-105227,2026-03-24T09:04:40Z,Utsav Bakers LLP,PAID,INR,Trolley bag 24 inch,4,13206.00,1007.24,Marketplace,Web order - Trolley bag 24 inch
WB-105339,2026-03-24T20:01:26Z,Suvarna Weaves LLP,PAID,INR,Trolley bag 24 inch,2,28088.00,2142.31,Mobile app,Web order - Trolley bag 24 inch
WB-105405,2026-03-24T12:00:22Z,Jashan Sports Goods Pvt Ltd,PAID,INR,Steel tiffin carrier,1,27385.88,2088.75,Web,Web order - Steel tiffin carrier
WB-105474,2026-03-24T10:46:00Z,Rukmini Provisions Private Limited,PAID,INR,Trolley bag 24 inch,4,49536.00,3778.17,Marketplace,Web order - Trolley bag 24 inch
WB-105492,2026-03-24T13:26:32Z,Yamini Home Needs Pvt Ltd,PAID,INR,Mixer jar spare,1,69423.38,5295.00,Web,Web order - Mixer jar spare
WB-105785,2026-03-24T17:26:33Z,Chirag Battery House Pvt Ltd,PAID,INR,Steel tiffin carrier,3,10432.00,795.66,Phone order,Web order - Steel tiffin carrier
WB-106073,2026-03-24T13:07:13Z,Bhoomi Tiles and Sanitary LLP,PAID,INR,Rubber foot mat,4,22855.00,1743.18,Marketplace,Web order - Rubber foot mat
WB-106128,2026-03-24T14:12:53Z,Chandravat Metals Private Limited,PAID,INR,Copper water bottle,4,88477.00,6748.25,Marketplace,Web order - Copper water bottle
WB-106229,2026-03-24T13:01:08Z,Marudhar Furnishings LLP,PAID,INR,Trolley bag 24 inch,2,33649.45,2566.48,Mobile app,Web order - Trolley bag 24 inch
WB-106236,2026-03-24T15:45:38Z,Ambar Cold Rooms Pvt Ltd,PAID,INR,Coir door mat,1,56735.35,4327.27,Web,Web order - Coir door mat
WB-106241,2026-03-24T14:18:00Z,Tanmay Toolroom Private Limited,PAID,INR,Copper water bottle,2,59337.00,4525.70,Mobile app,Web order - Copper water bottle
WB-106456,2026-03-24T14:27:20Z,Ojas Lighting Private Limited,PAID,INR,Coir door mat,3,13443.00,1025.31,Phone order,Web order - Coir door mat
WB-106694,2026-03-24T12:33:04Z,Meghdoot Packaging LLP,PAID,INR,Mixer jar spare,3,34628.52,2641.16,Phone order,Web order - Mixer jar spare
WB-106912,2026-03-24T16:21:13Z,Anokhi Kitchenware Pvt Ltd,PAID,INR,Mixer jar spare,1,62309.20,4752.40,Web,Web order - Mixer jar spare
WB-107087,2026-03-24T14:04:40Z,Ekansh Glassworks Private Limited,PAID,INR,Trolley bag 24 inch,2,60591.00,4621.35,Mobile app,Web order - Trolley bag 24 inch
WB-107757,2026-03-24T15:00:00Z,Shubhankar Electricals LLP,PAID,USD,Steel tiffin carrier,3,936.00,71.39,Phone order,Web order - Steel tiffin carrier
WB-107946,2026-03-24T15:03:13Z,Kalanjali Crafts Pvt Ltd,PAID,INR,Mixer jar spare,3,70177.00,5352.48,Phone order,Web order - Mixer jar spare
WB-108182,2026-03-24T08:22:56Z,Devgiri Paints LLP,PAID,INR,Rubber foot mat,2,22755.48,1735.59,Mobile app,Web order - Rubber foot mat
WB-108197,2026-03-24T17:03:33Z,Prithvi Seeds and Feeds Pvt Ltd,PAID,INR,Copper water bottle,4,42292.00,3225.66,Marketplace,Web order - Copper water bottle
WB-108221,2026-03-24T08:06:26Z,Barkat Stationers Private Limited,PAID,INR,Rubber foot mat,4,77876.00,5939.69,Marketplace,Web order - Rubber foot mat
WB-108246,2026-03-24T15:08:38Z,Vaayu Organics Private Limited,PAID,INR,Trolley bag 24 inch,4,38962.16,2971.69,Marketplace,Web order - Trolley bag 24 inch
WB-108556,2026-03-24T19:03:13Z,Neelkanth Ceramics Pvt Ltd,PAID,INR,Steel tiffin carrier,3,64912.00,4950.92,Phone order,Web order - Steel tiffin carrier
WB-108642,2026-03-24T09:27:20Z,Kesari Handlooms Pvt Ltd,PAID,INR,Rubber foot mat,2,27483.00,2096.16,Mobile app,Web order - Rubber foot mat
WB-108684,2026-03-24T15:40:53Z,Sitara Packaging Solutions Pvt Ltd,PAID,INR,Coir door mat,1,84292.00,6429.05,Web,Web order - Coir door mat
WB-108697,2026-03-24T12:26:15Z,Madhuban Nurseries Pvt Ltd,PAID,INR,Coir door mat,3,41452.66,3161.64,Phone order,Web order - Coir door mat
WB-108738,2026-03-24T12:06:46Z,Sohrab Auto Spares LLP,PAID,INR,Copper water bottle,4,60053.00,4580.31,Marketplace,Web order - Copper water bottle
WB-108910,2026-03-24T13:30:50Z,Ambar Cold Rooms Pvt Ltd,PAID,INR,Coir door mat,1,83721.31,6385.52,Web,Web order - Coir door mat
WB-108919,2026-03-24T17:56:46Z,Vindhya Plastics Private Limited,PAID,INR,Rubber foot mat,2,54779.00,4178.06,Mobile app,Web order - Rubber foot mat
WB-108970,2026-03-24T17:16:33Z,Chirag Battery House Pvt Ltd,PAID,INR,Steel tiffin carrier,3,1999.00,152.47,Phone order,Web order - Steel tiffin carrier
WB-109109,2026-03-24T20:45:17Z,Girnar Pipes and Fittings Pvt Ltd,PAID,INR,Mixer jar spare,1,72616.12,5538.52,Web,Web order - Mixer jar spare
WB-109296,2026-03-24T19:40:13Z,Tarangini Prints LLP,PAID,INR,Copper water bottle,2,32071.00,2446.09,Mobile app,Web order - Copper water bottle
WB-109323,2026-03-24T12:48:49Z,Naaz Fabrics Private Limited,PAID,INR,Copper water bottle,2,38273.09,2919.13,Mobile app,Web order - Copper water bottle
WB-109344,2026-03-24T11:36:19Z,Ranjeet Timber Depot Pvt Ltd,PAID,INR,Coir door mat,1,54986.99,4193.92,Web,Web order - Coir door mat
WB-109640,2026-03-24T13:17:14Z,Bhavani Steel Trading Pvt Ltd,PAID,INR,Rubber foot mat,4,69289.62,5284.80,Marketplace,Web order - Rubber foot mat
WB-104440,2026-03-25T10:01:06Z,Shubhankar Electricals LLP,PAID,INR,Steel tiffin carrier,3,68141.00,5197.19,Phone order,Web order - Steel tiffin carrier
WB-104455,2026-03-25T11:20:46Z,Rukmini Provisions Private Limited,PAID,INR,Trolley bag 24 inch,4,9113.00,695.06,Marketplace,Web order - Trolley bag 24 inch
WB-104566,2026-03-25T12:04:40Z,Chirag Battery House Pvt Ltd,PAID,INR,Steel tiffin carrier,3,84108.00,6415.02,Phone order,Web order - Steel tiffin carrier
WB-104832,2026-03-25T17:34:31Z,Prithvi Seeds and Feeds Pvt Ltd,PAID,INR,Copper water bottle,4,81436.54,6211.26,Marketplace,Web order - Copper water bottle
WB-104922,2026-03-25T16:42:43Z,Neelkanth Ceramics Pvt Ltd,PAID,INR,Steel tiffin carrier,3,72139.91,5502.20,Phone order,Web order - Steel tiffin carrier
WB-105025,2026-03-25T18:03:55Z,Ranjeet Timber Depot Pvt Ltd,PAID,INR,Coir door mat,1,8603.86,656.23,Web,Web order - Coir door mat
WB-105107,2026-03-25T17:29:46Z,Sitara Packaging Solutions Pvt Ltd,PAID,INR,Coir door mat,1,91958.00,7013.75,Web,Web order - Coir door mat
WB-105214,2026-03-25T14:55:00Z,Bhoomi Tiles and Sanitary LLP,PAID,INR,Rubber foot mat,4,33867.01,2583.08,Marketplace,Web order - Rubber foot mat
WB-105331,2026-03-25T16:18:40Z,Meghdoot Packaging LLP,PAID,INR,Mixer jar spare,3,9885.00,753.94,Phone order,Web order - Mixer jar spare
WB-105644,2026-03-25T09:21:53Z,Ojas Lighting Private Limited,PAID,INR,Coir door mat,3,88837.00,6775.70,Phone order,Web order - Coir door mat
WB-105691,2026-03-25T16:34:50Z,Bhavani Steel Trading Pvt Ltd,PAID,INR,Rubber foot mat,4,89517.31,6827.59,Marketplace,Web order - Rubber foot mat
WB-105846,2026-03-25T17:43:10Z,Barkat Stationers Private Limited,PAID,INR,Rubber foot mat,4,37562.71,2864.95,Marketplace,Web order - Rubber foot mat
WB-105929,2026-03-25T10:42:23Z,Vaayu Organics Private Limited,PAID,INR,Trolley bag 24 inch,4,11596.31,884.46,Marketplace,Web order - Trolley bag 24 inch
WB-105963,2026-03-25T12:16:30Z,Jashan Sports Goods Pvt Ltd,PAID,INR,Steel tiffin carrier,1,66723.31,5089.07,Web,Web order - Steel tiffin carrier
WB-106156,2026-03-25T12:29:46Z,Utsav Bakers LLP,PAID,INR,Trolley bag 24 inch,4,81428.00,6210.61,Marketplace,Web order - Trolley bag 24 inch
WB-106432,2026-03-25T09:36:40Z,Suvarna Weaves LLP,PAID,INR,Trolley bag 24 inch,2,71679.00,5467.04,Mobile app,Web order - Trolley bag 24 inch
WB-106555,2026-03-25T08:23:01Z,Nirvaan Agro Mills Pvt Ltd,PAID,INR,Coir door mat,3,33987.63,2592.28,Phone order,Web order - Coir door mat
WB-106557,2026-03-25T13:23:20Z,Yamini Home Needs Pvt Ltd,PAID,INR,Mixer jar spare,1,48994.80,3736.89,Web,Web order - Mixer jar spare
WB-107027,2026-03-25T12:13:59Z,Ekansh Glassworks Private Limited,PAID,INR,Trolley bag 24 inch,2,2505.57,191.10,Mobile app,Web order - Trolley bag 24 inch
WB-107066,2026-03-25T20:24:06Z,Kaveri Rubber Works Pvt Ltd,PAID,INR,Steel tiffin carrier,1,37451.00,2856.43,Web,Web order - Steel tiffin carrier
WB-107229,2026-03-25T18:30:33Z,Kalanjali Crafts Pvt Ltd,PAID,INR,Mixer jar spare,3,28770.40,2194.35,Phone order,Web order - Mixer jar spare
WB-107427,2026-03-25T09:36:59Z,Devgiri Paints LLP,PAID,INR,Rubber foot mat,2,30783.58,2347.90,Mobile app,Web order - Rubber foot mat
WB-107619,2026-03-25T19:35:52Z,Naaz Fabrics Private Limited,PAID,INR,Copper water bottle,2,52077.36,3972.00,Mobile app,Web order - Copper water bottle
WB-107723,2026-03-25T10:48:29Z,Palashwood Interiors Pvt Ltd,PAID,INR,Steel tiffin carrier,1,10793.69,823.25,Web,Web order - Steel tiffin carrier
WB-107871,2026-03-25T12:51:43Z,Girnar Pipes and Fittings Pvt Ltd,PAID,INR,Mixer jar spare,1,87148.29,6646.90,Web,Web order - Mixer jar spare
WB-107897,2026-03-25T09:01:26Z,Sohrab Auto Spares LLP,PAID,INR,Copper water bottle,4,33236.00,2534.95,Marketplace,Web order - Copper water bottle
WB-108103,2026-03-25T10:15:26Z,Anokhi Kitchenware Pvt Ltd,PAID,INR,Mixer jar spare,1,77534.00,5913.61,Web,Web order - Mixer jar spare
WB-108128,2026-03-25T15:26:33Z,Tanmay Toolroom Private Limited,PAID,INR,Copper water bottle,2,15112.00,1152.61,Mobile app,Web order - Copper water bottle
WB-108358,2026-03-25T08:11:48Z,Marudhar Furnishings LLP,PAID,INR,Trolley bag 24 inch,2,11678.05,890.70,Mobile app,Web order - Trolley bag 24 inch
WB-108427,2026-03-25T16:50:00Z,Chandravat Metals Private Limited,PAID,INR,Copper water bottle,4,5841.00,445.50,Marketplace,Web order - Copper water bottle
WB-108517,2026-03-25T17:33:24Z,Tarangini Prints LLP,PAID,INR,Copper water bottle,2,84688.92,6459.32,Mobile app,Web order - Copper water bottle
WB-109018,2026-03-25T10:29:26Z,Bhoomi Tiles and Sanitary LLP,PAID,INR,Rubber foot mat,4,89657.00,6838.25,Marketplace,Web order - Rubber foot mat
WB-109098,2026-03-25T13:23:42Z,Vindhya Plastics Private Limited,PAID,INR,Rubber foot mat,2,35711.48,2723.76,Mobile app,Web order - Rubber foot mat
WB-109112,2026-03-25T10:23:20Z,Marudhar Furnishings LLP,PAID,INR,Trolley bag 24 inch,2,14784.00,1127.59,Mobile app,Web order - Trolley bag 24 inch
WB-109125,2026-03-25T20:00:03Z,Ambar Cold Rooms Pvt Ltd,PAID,INR,Coir door mat,1,11559.70,881.67,Web,Web order - Coir door mat
WB-109146,2026-03-25T12:17:34Z,Kalanjali Crafts Pvt Ltd,PAID,INR,Mixer jar spare,3,83360.84,6358.03,Phone order,Web order - Mixer jar spare
WB-109160,2026-03-25T14:38:46Z,Sanchit Hardware Depot Pvt Ltd,PAID,INR,Mixer jar spare,3,59792.00,4560.41,Phone order,Web order - Mixer jar spare
WB-109248,2026-03-25T20:42:25Z,Madhuban Nurseries Pvt Ltd,PAID,INR,Coir door mat,3,26361.75,2010.64,Phone order,Web order - Coir door mat
WB-109294,2026-03-25T19:35:13Z,Kesari Handlooms Pvt Ltd,PAID,INR,Rubber foot mat,2,19372.00,1477.53,Mobile app,Web order - Rubber foot mat
WB-104212,2026-03-26T20:44:13Z,Chandravat Metals Private Limited,PAID,INR,Copper water bottle,4,39271.00,2995.25,Marketplace,Web order - Copper water bottle
WB-104397,2026-03-26T18:44:53Z,Kesari Handlooms Pvt Ltd,PAID,INR,Rubber foot mat,2,85993.00,6558.79,Mobile app,Web order - Rubber foot mat
WB-104539,2026-03-26T20:06:29Z,Madhuban Nurseries Pvt Ltd,PAID,INR,Coir door mat,3,60770.67,4635.05,Phone order,Web order - Coir door mat
WB-104859,2026-03-26T08:23:40Z,Yamini Home Needs Pvt Ltd,PAID,INR,Mixer jar spare,1,67512.00,5149.22,Web,Web order - Mixer jar spare
WB-104931,2026-03-26T11:24:26Z,Trisool Online Pvt Ltd,PAID,INR,Quarterly platform licence,1,58940.00,4495.42,Mobile app,Quarterly platform licence
WB-105049,2026-03-26T09:33:06Z,Devgiri Paints LLP,PAID,INR,Rubber foot mat,2,16634.00,1268.69,Mobile app,Web order - Rubber foot mat
WB-105132,2026-03-26T19:26:33Z,Tanmay Toolroom Private Limited,PAID,INR,Copper water bottle,2,57349.00,4374.08,Mobile app,Web order - Copper water bottle
WB-105819,2026-03-26T11:03:13Z,Utsav Bakers LLP,PAID,INR,Trolley bag 24 inch,4,51199.60,3905.05,Marketplace,Web order - Trolley bag 24 inch
WB-106193,2026-03-26T08:09:20Z,Kaveri Rubber Works Pvt Ltd,PAID,INR,Steel tiffin carrier,1,76956.00,5869.53,Web,Web order - Steel tiffin carrier
WB-106209,2026-03-26T18:33:06Z,Prithvi Seeds and Feeds Pvt Ltd,PAID,INR,Copper water bottle,4,27632.00,2107.53,Marketplace,Web order - Copper water bottle
WB-106464,2026-03-26T19:58:33Z,Naaz Fabrics Private Limited,PAID,INR,Copper water bottle,2,69466.59,5298.30,Mobile app,Web order - Copper water bottle
WB-106547,2026-03-26T18:10:46Z,Shubhankar Electricals LLP,PAID,INR,Steel tiffin carrier,3,86792.00,6619.73,Phone order,Web order - Steel tiffin carrier
WB-106566,2026-03-26T14:31:57Z,Palashwood Interiors Pvt Ltd,PAID,INR,Steel tiffin carrier,1,12398.32,945.63,Web,Web order - Steel tiffin carrier
WB-106655,2026-03-26T13:50:57Z,Girnar Pipes and Fittings Pvt Ltd,PAID,INR,Mixer jar spare,1,45246.51,3451.00,Web,Web order - Mixer jar spare
WB-106679,2026-03-26T10:57:49Z,Kalanjali Crafts Pvt Ltd,PAID,INR,Mixer jar spare,3,89551.47,6830.20,Phone order,Web order - Mixer jar spare
WB-106826,2026-03-26T11:46:43Z,Bhavani Steel Trading Pvt Ltd,PAID,INR,Rubber foot mat,4,36049.90,2749.57,Marketplace,Web order - Rubber foot mat
WB-106833,2026-03-26T14:29:26Z,Sitara Packaging Solutions Pvt Ltd,PAID,INR,Coir door mat,1,42623.00,3250.91,Web,Web order - Coir door mat
WB-107251,2026-03-26T08:26:12Z,Ekansh Glassworks Private Limited,PAID,USD,Trolley bag 24 inch,2,2491.58,190.04,Mobile app,Web order - Trolley bag 24 inch
WB-107264,2026-03-26T16:24:06Z,Anokhi Kitchenware Pvt Ltd,PAID,INR,Mixer jar spare,1,81209.00,6193.91,Web,Web order - Mixer jar spare
WB-107603,2026-03-26T14:39:30Z,Bhoomi Tiles and Sanitary LLP,PAID,INR,Rubber foot mat,4,59667.32,4550.90,Marketplace,Web order - Rubber foot mat
WB-107688,2026-03-26T09:04:59Z,Sohrab Auto Spares LLP,PAID,INR,Copper water bottle,4,8346.59,636.60,Marketplace,Web order - Copper water bottle
WB-107693,2026-03-26T11:42:26Z,Jashan Sports Goods Pvt Ltd,PAID,INR,Steel tiffin carrier,1,12742.98,971.92,Web,Web order - Steel tiffin carrier
WB-107780,2026-03-26T15:23:19Z,Palashwood Interiors Pvt Ltd,PAID,INR,Steel tiffin carrier,1,90670.19,6915.52,Web,Web order - Steel tiffin carrier
WB-107825,2026-03-26T12:27:39Z,Suvarna Weaves LLP,PAID,INR,Trolley bag 24 inch,2,70593.59,5384.26,Mobile app,Web order - Trolley bag 24 inch
WB-108115,2026-03-26T11:10:46Z,Nirvaan Agro Mills Pvt Ltd,PAID,INR,Coir door mat,3,89132.00,6798.20,Phone order,Web order - Coir door mat
WB-108150,2026-03-26T08:29:46Z,Vaayu Organics Private Limited,PAID,INR,Trolley bag 24 inch,4,86693.00,6612.18,Marketplace,Web order - Trolley bag 24 inch
WB-108247,2026-03-26T16:07:13Z,Vindhya Plastics Private Limited,PAID,INR,Rubber foot mat,2,88024.00,6713.69,Mobile app,Web order - Rubber foot mat
WB-108353,2026-03-26T15:06:26Z,Barkat Stationers Private Limited,PAID,INR,Rubber foot mat,4,23939.00,1825.86,Marketplace,Web order - Rubber foot mat
WB-108370,2026-03-26T19:06:06Z,Tarangini Prints LLP,PAID,INR,Copper water bottle,2,10101.78,770.47,Mobile app,Web order - Copper water bottle
WB-108475,2026-03-26T12:09:00Z,Ambar Cold Rooms Pvt Ltd,PAID,INR,Coir door mat,1,87525.00,6675.64,Web,Web order - Coir door mat
WB-108598,2026-03-26T11:37:04Z,Meghdoot Packaging LLP,PAID,INR,Mixer jar spare,3,77958.13,5945.96,Phone order,Web order - Mixer jar spare
WB-108683,2026-03-26T13:25:32Z,Ojas Lighting Private Limited,PAID,INR,Coir door mat,3,57957.36,4420.48,Phone order,Web order - Coir door mat
WB-108873,2026-03-26T19:09:00Z,Neelkanth Ceramics Pvt Ltd,PAID,INR,Steel tiffin carrier,3,29493.00,2249.47,Phone order,Web order - Steel tiffin carrier
WB-108992,2026-03-26T19:18:18Z,Chirag Battery House Pvt Ltd,PAID,INR,Steel tiffin carrier,3,64024.76,4883.24,Phone order,Web order - Steel tiffin carrier
WB-109004,2026-03-26T18:07:32Z,Rukmini Provisions Private Limited,PAID,INR,Trolley bag 24 inch,4,54733.57,4174.59,Marketplace,Web order - Trolley bag 24 inch
WB-109292,2026-03-26T10:43:06Z,Ojas Lighting Private Limited,PAID,INR,Coir door mat,3,87311.00,6659.31,Phone order,Web order - Coir door mat
WB-109403,2026-03-26T12:09:00Z,Sanchit Hardware Depot Pvt Ltd,PAID,INR,Mixer jar spare,3,48213.00,3677.26,Phone order,Web order - Mixer jar spare
WB-109416,2026-03-26T19:43:06Z,Tarangini Prints LLP,PAID,INR,Copper water bottle,2,5762.00,439.47,Mobile app,Web order - Copper water bottle
WB-109543,2026-03-26T09:50:20Z,Marudhar Furnishings LLP,PAID,INR,Trolley bag 24 inch,2,81618.00,6225.10,Mobile app,Web order - Trolley bag 24 inch
WB-109849,2026-03-26T09:10:46Z,Ranjeet Timber Depot Pvt Ltd,PAID,INR,Coir door mat,1,72518.00,5531.03,Web,Web order - Coir door mat
WB-104041,2026-03-27T09:20:06Z,Naaz Fabrics Private Limited,PAID,INR,Copper water bottle,2,29900.00,2280.51,Mobile app,Web order - Copper water bottle
WB-104191,2026-03-27T10:28:03Z,Kaveri Rubber Works Pvt Ltd,PAID,INR,Steel tiffin carrier,1,38894.49,2966.53,Web,Web order - Steel tiffin carrier
WB-104537,2026-03-27T08:29:46Z,Neelkanth Ceramics Pvt Ltd,PAID,INR,Steel tiffin carrier,3,38372.00,2926.68,Phone order,Web order - Steel tiffin carrier
WB-104608,2026-03-27T18:34:29Z,Suvarna Weaves LLP,PAID,INR,Trolley bag 24 inch,2,52350.27,3992.82,Mobile app,Web order - Trolley bag 24 inch
WB-104807,2026-03-27T17:43:26Z,Tarangini Prints LLP,PAID,INR,Copper water bottle,2,39653.00,3024.38,Mobile app,Web order - Copper water bottle
WB-105060,2026-03-27T19:55:00Z,Yamini Home Needs Pvt Ltd,PAID,INR,Mixer jar spare,1,8361.00,637.70,Web,Web order - Mixer jar spare
WB-105204,2026-03-27T16:01:26Z,Kesari Handlooms Pvt Ltd,PAID,INR,Handloom fabric bulk consignment,1,19430.00,1481.95,Phone order,Handloom fabric bulk consignment
WB-105278,2026-03-27T18:44:13Z,Bhavani Steel Trading Pvt Ltd,PAID,INR,Rubber foot mat,4,3492.39,266.37,Marketplace,Web order - Rubber foot mat
WB-105414,2026-03-27T08:09:00Z,Devgiri Paints LLP,PAID,INR,Rubber foot mat,2,67401.00,5140.75,Mobile app,Web order - Rubber foot mat
WB-105479,2026-03-27T08:27:57Z,Vaayu Organics Private Limited,PAID,INR,Trolley bag 24 inch,4,83284.13,6352.18,Marketplace,Web order - Trolley bag 24 inch
WB-105519,2026-03-27T09:33:07Z,Madhuban Nurseries Pvt Ltd,PAID,INR,Coir door mat,3,25970.61,1980.81,Phone order,Web order - Coir door mat
WB-105570,2026-03-27T11:08:38Z,Barkat Stationers Private Limited,PAID,INR,Rubber foot mat,4,23424.54,1786.62,Marketplace,Web order - Rubber foot mat
WB-105625,2026-03-27T12:01:45Z,Yamini Home Needs Pvt Ltd,PAID,INR,Mixer jar spare,1,91088.57,6947.43,Web,Web order - Mixer jar spare
WB-105924,2026-03-27T11:20:10Z,Utsav Bakers LLP,PAID,INR,Trolley bag 24 inch,4,90342.31,6890.52,Marketplace,Web order - Trolley bag 24 inch
WB-105959,2026-03-27T08:49:53Z,Meghdoot Packaging LLP,PAID,INR,Mixer jar spare,3,37735.00,2878.09,Phone order,Web order - Mixer jar spare
WB-105969,2026-03-27T15:49:33Z,Jashan Sports Goods Pvt Ltd,PAID,INR,Steel tiffin carrier,1,81532.00,6218.54,Web,Web order - Steel tiffin carrier
WB-105992,2026-03-27T18:55:42Z,Kesari Handlooms Pvt Ltd,PAID,INR,Rubber foot mat,2,77196.06,5887.84,Mobile app,Web order - Rubber foot mat
WB-106248,2026-03-27T10:32:40Z,Bhoomi Tiles and Sanitary LLP,PAID,INR,Rubber foot mat,4,66351.00,5060.67,Marketplace,Web order - Rubber foot mat
WB-106371,2026-03-27T20:13:20Z,Vindhya Plastics Private Limited,PAID,INR,Rubber foot mat,2,69180.00,5276.44,Mobile app,Web order - Rubber foot mat
WB-106600,2026-03-27T14:56:24Z,Ranjeet Timber Depot Pvt Ltd,PAID,INR,Coir door mat,1,8790.13,670.43,Web,Web order - Coir door mat
WB-106743,2026-03-27T19:26:53Z,Sohrab Auto Spares LLP,PAID,INR,Copper water bottle,4,5479.00,417.89,Marketplace,Web order - Copper water bottle
WB-106750,2026-03-27T10:43:27Z,Ambar Cold Rooms Pvt Ltd,PAID,INR,Coir door mat,1,50674.42,3865.00,Web,Web order - Coir door mat
WB-107158,2026-03-27T18:52:07Z,Ekansh Glassworks Private Limited,PAID,INR,Trolley bag 24 inch,2,51143.62,3900.78,Mobile app,Web order - Trolley bag 24 inch
WB-107166,2026-03-27T17:36:17Z,Utsav Bakers LLP,PAID,INR,Trolley bag 24 inch,4,69682.12,5314.74,Marketplace,Web order - Trolley bag 24 inch
WB-107256,2026-03-27T20:35:15Z,Chandravat Metals Private Limited,PAID,INR,Copper water bottle,4,57701.26,4400.94,Marketplace,Web order - Copper water bottle
WB-107277,2026-03-27T12:32:20Z,Girnar Pipes and Fittings Pvt Ltd,PAID,INR,Mixer jar spare,1,39012.01,2975.49,Web,Web order - Mixer jar spare
WB-107462,2026-03-27T14:28:24Z,Shubhankar Electricals LLP,PAID,INR,Steel tiffin carrier,3,9933.13,757.61,Phone order,Web order - Steel tiffin carrier
WB-107577,2026-03-27T10:52:26Z,Sanchit Hardware Depot Pvt Ltd,PAID,INR,Mixer jar spare,3,65168.00,4970.44,Phone order,Web order - Mixer jar spare
WB-107935,2026-03-27T19:05:23Z,Anokhi Kitchenware Pvt Ltd,PAID,INR,Mixer jar spare,1,54943.90,4190.64,Web,Web order - Mixer jar spare
WB-108164,2026-03-27T14:04:20Z,Palashwood Interiors Pvt Ltd,PAID,INR,Steel tiffin carrier,1,53493.00,4079.97,Web,Web order - Steel tiffin carrier
WB-108190,2026-03-27T18:53:53Z,Kalanjali Crafts Pvt Ltd,PAID,INR,Mixer jar spare,3,72313.00,5515.40,Phone order,Web order - Mixer jar spare
WB-108349,2026-03-27T13:01:28Z,Prithvi Seeds and Feeds Pvt Ltd,PAID,INR,Copper water bottle,4,5202.84,396.83,Marketplace,Web order - Copper water bottle
WB-108574,2026-03-27T12:18:40Z,Marudhar Furnishings LLP,PAID,INR,Trolley bag 24 inch,2,53643.00,4091.42,Mobile app,Web order - Trolley bag 24 inch
WB-108761,2026-03-27T12:21:53Z,Sitara Packaging Solutions Pvt Ltd,PAID,INR,Coir door mat,1,11500.00,877.12,Web,Web order - Coir door mat
WB-108833,2026-03-27T20:55:21Z,Tanmay Toolroom Private Limited,PAID,INR,Copper water bottle,2,48055.24,3665.23,Mobile app,Web order - Copper water bottle
WB-109091,2026-03-27T13:20:26Z,Chirag Battery House Pvt Ltd,PAID,INR,Steel tiffin carrier,3,48932.00,3732.10,Phone order,Web order - Steel tiffin carrier
WB-109674,2026-03-27T10:09:41Z,Ojas Lighting Private Limited,PAID,INR,Coir door mat,3,87400.23,6666.12,Phone order,Web order - Coir door mat
WB-109843,2026-03-27T19:06:46Z,Kesari Handlooms Pvt Ltd,PAID,INR,Rubber foot mat,2,46247.00,3527.31,Mobile app,Web order - Rubber foot mat
WB-109961,2026-03-27T13:13:00Z,Rukmini Provisions Private Limited,PAID,INR,Trolley bag 24 inch,4,67698.00,5163.41,Marketplace,Web order - Trolley bag 24 inch
WB-109974,2026-03-27T10:46:40Z,Nirvaan Agro Mills Pvt Ltd,PAID,INR,Coir door mat,3,37524.00,2862.00,Phone order,Web order - Coir door mat
WB-104202,2026-03-28T09:33:46Z,Kalanjali Crafts Pvt Ltd,PAID,INR,Mixer jar spare,3,23459.00,1789.25,Phone order,Web order - Mixer jar spare
WB-104923,2026-03-28T19:12:33Z,Neelkanth Ceramics Pvt Ltd,PAID,INR,Steel tiffin carrier,3,67339.00,5136.03,Phone order,Web order - Steel tiffin carrier
WB-104940,2026-03-28T12:27:58Z,Ekansh Glassworks Private Limited,PAID,INR,Trolley bag 24 inch,2,86864.34,6625.25,Mobile app,Web order - Trolley bag 24 inch
WB-105015,2026-03-28T14:29:07Z,Palashwood Interiors Pvt Ltd,PAID,INR,Steel tiffin carrier,1,50430.81,3846.42,Web,Web order - Steel tiffin carrier
WB-105144,2026-03-28T11:16:53Z,Meghdoot Packaging LLP,PAID,INR,Mixer jar spare,3,26413.00,2014.55,Phone order,Web order - Mixer jar spare
WB-105284,2026-03-28T17:29:26Z,Rukmini Provisions Private Limited,PAID,INR,Trolley bag 24 inch,4,24254.00,1849.88,Marketplace,Web order - Trolley bag 24 inch
WB-105304,2026-03-28T15:54:14Z,Barkat Stationers Private Limited,PAID,INR,Rubber foot mat,4,7690.02,586.53,Marketplace,Web order - Rubber foot mat
WB-105533,2026-03-28T15:19:42Z,Chirag Battery House Pvt Ltd,PAID,INR,Steel tiffin carrier,3,67636.27,5158.70,Phone order,Web order - Steel tiffin carrier
WB-105878,2026-03-28T16:25:50Z,Madhuban Nurseries Pvt Ltd,PAID,INR,Coir door mat,3,37513.51,2861.20,Phone order,Web order - Coir door mat
WB-105973,2026-03-28T14:04:00Z,Prithvi Seeds and Feeds Pvt Ltd,PAID,INR,Copper water bottle,4,85707.00,6536.97,Marketplace,Web order - Copper water bottle
WB-106200,2026-03-28T11:02:32Z,Prithvi Seeds and Feeds Pvt Ltd,PAID,INR,Copper water bottle,4,61082.18,4658.81,Marketplace,Web order - Copper water bottle
WB-106418,2026-03-28T09:02:31Z,Girnar Pipes and Fittings Pvt Ltd,PAID,INR,Mixer jar spare,1,60356.75,4603.48,Web,Web order - Mixer jar spare
WB-106422,2026-03-28T17:53:53Z,Tarangini Prints LLP,PAID,INR,Copper water bottle,2,50785.00,3873.43,Mobile app,Web order - Copper water bottle
WB-106442,2026-03-28T20:29:48Z,Yamini Home Needs Pvt Ltd,PAID,INR,Mixer jar spare,1,36500.04,2783.90,Web,Web order - Mixer jar spare
WB-106504,2026-03-28T16:15:46Z,Nirvaan Agro Mills Pvt Ltd,PAID,INR,Coir door mat,3,19814.00,1511.24,Phone order,Web order - Coir door mat
WB-106586,2026-03-28T17:24:04Z,Vindhya Plastics Private Limited,PAID,INR,Rubber foot mat,2,2655.14,202.51,Mobile app,Web order - Rubber foot mat
WB-106634,2026-03-28T08:23:59Z,Sanchit Hardware Depot Pvt Ltd,PAID,INR,Mixer jar spare,3,65273.39,4978.48,Phone order,Web order - Mixer jar spare
WB-107210,2026-03-28T15:16:33Z,Chandravat Metals Private Limited,PAID,INR,Copper water bottle,4,56638.00,4319.85,Marketplace,Web order - Copper water bottle
WB-107387,2026-03-28T10:46:40Z,Kesari Handlooms Pvt Ltd,PAID,INR,Rubber foot mat,2,3945.00,300.89,Mobile app,Web order - Rubber foot mat
WB-107388,2026-03-28T18:58:33Z,Sitara Packaging Solutions Pvt Ltd,PAID,INR,Coir door mat,1,43516.00,3319.02,Web,Web order - Coir door mat
WB-107517,2026-03-28T10:43:26Z,Bhavani Steel Trading Pvt Ltd,PAID,INR,Rubber foot mat,4,16604.00,1266.41,Marketplace,Web order - Rubber foot mat
WB-107744,2026-03-28T15:12:36Z,Devgiri Paints LLP,PAID,INR,Rubber foot mat,2,4229.28,322.57,Mobile app,Web order - Rubber foot mat
WB-108094,2026-03-28T10:09:00Z,Bhoomi Tiles and Sanitary LLP,PAID,INR,Rubber foot mat,4,91386.00,6970.12,Marketplace,Web order - Rubber foot mat
WB-108120,2026-03-28T17:16:33Z,Sohrab Auto Spares LLP,PAID,INR,Copper water bottle,4,89632.00,6836.34,Marketplace,Web order - Copper water bottle
WB-108145,2026-03-28T15:07:34Z,Kaveri Rubber Works Pvt Ltd,PAID,INR,Steel tiffin carrier,1,32480.23,2477.31,Web,Web order - Steel tiffin carrier
WB-108181,2026-03-28T13:35:52Z,Shubhankar Electricals LLP,PAID,INR,Steel tiffin carrier,3,78566.16,5992.33,Phone order,Web order - Steel tiffin carrier
WB-108183,2026-03-28T14:47:26Z,Marudhar Furnishings LLP,PAID,INR,Trolley bag 24 inch,2,48842.00,3725.24,Mobile app,Web order - Trolley bag 24 inch
WB-108268,2026-03-28T15:49:52Z,Anokhi Kitchenware Pvt Ltd,PAID,INR,Mixer jar spare,1,21144.38,1612.71,Web,Web order - Mixer jar spare
WB-108437,2026-03-28T13:47:26Z,Ranjeet Timber Depot Pvt Ltd,PAID,INR,Coir door mat,1,75635.00,5768.77,Web,Web order - Coir door mat
WB-108617,2026-03-28T15:20:06Z,Neelkanth Ceramics Pvt Ltd,PAID,INR,Steel tiffin carrier,3,30602.00,2334.05,Phone order,Web order - Steel tiffin carrier
WB-108842,2026-03-28T13:11:48Z,Utsav Bakers LLP,PAID,INR,Trolley bag 24 inch,4,34656.84,2643.32,Marketplace,Web order - Trolley bag 24 inch
WB-108939,2026-03-28T15:57:30Z,Ojas Lighting Private Limited,PAID,INR,Coir door mat,3,44919.92,3426.10,Phone order,Web order - Coir door mat
WB-109180,2026-03-28T20:14:24Z,Tanmay Toolroom Private Limited,PAID,INR,Copper water bottle,2,24556.33,1872.94,Mobile app,Web order - Copper water bottle
WB-109466,2026-03-28T15:17:57Z,Vaayu Organics Private Limited,PAID,INR,Trolley bag 24 inch,4,42208.11,3219.26,Marketplace,Web order - Trolley bag 24 inch
WB-109608,2026-03-28T19:43:46Z,Naaz Fabrics Private Limited,PAID,INR,Copper water bottle,2,32242.99,2459.21,Mobile app,Web order - Copper water bottle
WB-109780,2026-03-28T16:08:57Z,Ambar Cold Rooms Pvt Ltd,PAID,INR,Coir door mat,1,71191.72,5429.88,Web,Web order - Coir door mat
WB-109926,2026-03-28T17:49:53Z,Jashan Sports Goods Pvt Ltd,PAID,INR,Steel tiffin carrier,1,80674.00,6153.10,Web,Web order - Steel tiffin carrier
WB-109972,2026-03-28T15:46:00Z,Suvarna Weaves LLP,PAID,INR,Trolley bag 24 inch,2,27306.00,2082.66,Mobile app,Web order - Trolley bag 24 inch
WB-104439,2026-03-29T11:10:47Z,Rukmini Provisions Private Limited,PAID,INR,Trolley bag 24 inch,4,14439.21,1101.30,Marketplace,Web order - Trolley bag 24 inch
WB-104658,2026-03-29T08:15:27Z,Marudhar Furnishings LLP,PAID,INR,Trolley bag 24 inch,2,47160.81,3597.01,Mobile app,Web order - Trolley bag 24 inch
WB-104661,2026-03-29T11:01:07Z,Ekansh Glassworks Private Limited,PAID,INR,Trolley bag 24 inch,2,89926.41,6858.79,Mobile app,Web order - Trolley bag 24 inch
WB-104974,2026-03-29T10:13:18Z,Barkat Stationers Private Limited,PAID,INR,Rubber foot mat,4,80622.55,6149.18,Marketplace,Web order - Rubber foot mat
WB-105119,2026-03-29T16:10:46Z,Kalanjali Crafts Pvt Ltd,PAID,INR,Mixer jar spare,3,37418.00,2853.92,Phone order,Web order - Mixer jar spare
WB-105130,2026-03-29T12:05:23Z,Ranjeet Timber Depot Pvt Ltd,PAID,INR,Coir door mat,1,14532.09,1108.38,Web,Web order - Coir door mat
WB-105364,2026-03-29T20:30:53Z,Vindhya Plastics Private Limited,PAID,INR,Rubber foot mat,2,85242.40,6501.54,Mobile app,Web order - Rubber foot mat
WB-105466,2026-03-29T16:01:26Z,Nirvaan Agro Mills Pvt Ltd,PAID,INR,Coir door mat,3,43181.00,3293.47,Phone order,Web order - Coir door mat
WB-105516,2026-03-29T15:24:24Z,Anokhi Kitchenware Pvt Ltd,PAID,INR,Mixer jar spare,1,77168.53,5885.74,Web,Web order - Mixer jar spare
WB-105769,2026-03-29T11:05:44Z,Tanmay Toolroom Private Limited,PAID,INR,Copper water bottle,2,19594.33,1494.48,Mobile app,Web order - Copper water bottle
WB-105772,2026-03-29T16:51:22Z,Chirag Battery House Pvt Ltd,PAID,INR,Steel tiffin carrier,3,74949.07,5716.45,Phone order,Web order - Steel tiffin carrier
WB-105792,2026-03-29T10:32:00Z,Yamini Home Needs Pvt Ltd,PAID,INR,Mixer jar spare,1,48060.00,3665.59,Web,Web order - Mixer jar spare
WB-105895,2026-03-29T17:02:09Z,Sitara Packaging Solutions Pvt Ltd,PAID,INR,Coir door mat,1,85223.07,6500.06,Web,Web order - Coir door mat
WB-105946,2026-03-29T20:50:20Z,Ambar Cold Rooms Pvt Ltd,PAID,INR,Coir door mat,1,36339.00,2771.62,Web,Web order - Coir door mat
WB-106269,2026-03-29T19:49:33Z,Naaz Fabrics Private Limited,PAID,INR,Copper water bottle,2,76103.20,5804.48,Mobile app,Web order - Copper water bottle
WB-106675,2026-03-29T09:29:29Z,Shubhankar Electricals LLP,PAID,INR,Steel tiffin carrier,3,68948.09,5258.75,Phone order,Web order - Steel tiffin carrier
WB-106717,2026-03-29T15:03:53Z,Devgiri Paints LLP,PAID,INR,Rubber foot mat,2,46699.00,3561.79,Mobile app,Web order - Rubber foot mat
WB-106763,2026-03-29T10:41:20Z,Sanchit Hardware Depot Pvt Ltd,PAID,INR,Mixer jar spare,3,13632.00,1039.73,Phone order,Web order - Mixer jar spare
WB-106989,2026-03-29T09:04:00Z,Utsav Bakers LLP,PAID,INR,Trolley bag 24 inch,4,65349.00,4984.25,Marketplace,Web order - Trolley bag 24 inch
WB-107072,2026-03-29T16:01:06Z,Prithvi Seeds and Feeds Pvt Ltd,PAID,INR,Copper water bottle,4,68024.00,5188.27,Marketplace,Web order - Copper water bottle
WB-107269,2026-03-29T08:05:03Z,Ranjeet Timber Depot Pvt Ltd,PAID,INR,Coir door mat,1,49717.89,3792.04,Web,Web order - Coir door mat
WB-107370,2026-03-29T19:56:26Z,Jashan Sports Goods Pvt Ltd,PAID,INR,Steel tiffin carrier,1,13517.00,1030.96,Web,Web order - Steel tiffin carrier
WB-107528,2026-03-29T12:04:40Z,Sohrab Auto Spares LLP,PAID,INR,Copper water bottle,4,20226.00,1542.66,Marketplace,Web order - Copper water bottle
WB-107548,2026-03-29T09:33:46Z,Meghdoot Packaging LLP,PAID,INR,Mixer jar spare,3,26243.60,2001.63,Phone order,Web order - Mixer jar spare
WB-107703,2026-03-29T20:11:10Z,Meghdoot Packaging LLP,PAID,INR,Mixer jar spare,3,52612.50,4012.82,Phone order,Web order - Mixer jar spare
WB-108030,2026-03-29T14:24:06Z,Suvarna Weaves LLP,PAID,INR,Trolley bag 24 inch,2,71966.00,5488.93,Mobile app,Web order - Trolley bag 24 inch
WB-108072,2026-03-29T16:28:04Z,Chandravat Metals Private Limited,PAID,INR,Copper water bottle,4,25182.13,1920.67,Marketplace,Web order - Copper water bottle
WB-108273,2026-03-29T20:16:53Z,Kesari Handlooms Pvt Ltd,PAID,INR,Rubber foot mat,2,78361.00,5976.69,Mobile app,Web order - Rubber foot mat
WB-108425,2026-03-29T14:01:46Z,Ojas Lighting Private Limited,PAID,INR,Coir door mat,3,25475.00,1943.01,Phone order,Web order - Coir door mat
WB-108557,2026-03-29T08:04:37Z,Ekansh Glassworks Private Limited,PAID,INR,Trolley bag 24 inch,2,4196.93,320.10,Mobile app,Web order - Trolley bag 24 inch
WB-108579,2026-03-29T09:53:53Z,Bhavani Steel Trading Pvt Ltd,PAID,INR,Rubber foot mat,4,56401.00,4301.77,Marketplace,Web order - Rubber foot mat
WB-108690,2026-03-29T16:48:30Z,Palashwood Interiors Pvt Ltd,PAID,INR,Steel tiffin carrier,1,47367.90,3612.81,Web,Web order - Steel tiffin carrier
WB-108909,2026-03-29T12:44:53Z,Bhoomi Tiles and Sanitary LLP,PAID,INR,Rubber foot mat,4,50074.00,3819.20,Marketplace,Web order - Rubber foot mat
WB-109134,2026-03-29T11:13:00Z,Tarangini Prints LLP,PAID,INR,Copper water bottle,2,306.00,23.34,Mobile app,Web order - Copper water bottle
WB-109308,2026-03-29T20:56:06Z,Kaveri Rubber Works Pvt Ltd,PAID,INR,Steel tiffin carrier,1,49241.00,3755.67,Web,Web order - Steel tiffin carrier
WB-109515,2026-03-29T10:14:41Z,Madhuban Nurseries Pvt Ltd,PAID,INR,Coir door mat,3,53580.04,4086.61,Phone order,Web order - Coir door mat
WB-109766,2026-03-29T12:58:53Z,Girnar Pipes and Fittings Pvt Ltd,PAID,INR,Mixer jar spare,1,58102.00,4431.51,Web,Web order - Mixer jar spare
WB-109784,2026-03-29T14:15:26Z,Vaayu Organics Private Limited,PAID,INR,Trolley bag 24 inch,4,59984.00,4575.05,Marketplace,Web order - Trolley bag 24 inch
WB-109914,2026-03-29T20:43:28Z,Neelkanth Ceramics Pvt Ltd,PAID,INR,Steel tiffin carrier,3,11385.86,868.41,Phone order,Web order - Steel tiffin carrier
WB-104449,2026-03-30T17:17:35Z,Madhuban Nurseries Pvt Ltd,PAID,INR,Coir door mat,3,57527.25,4387.67,Phone order,Web order - Coir door mat
WB-104856,2026-03-30T10:51:42Z,Shubhankar Electricals LLP,PAID,INR,Steel tiffin carrier,3,39903.66,3043.50,Phone order,Web order - Steel tiffin carrier
WB-104937,2026-03-30T17:06:46Z,Sohrab Auto Spares LLP,PAID,INR,Copper water bottle,4,23900.00,1822.88,Marketplace,Web order - Copper water bottle
WB-104981,2026-03-30T08:48:48Z,Palashwood Interiors Pvt Ltd,PAID,INR,Steel tiffin carrier,1,10286.64,784.57,Web,Web order - Steel tiffin carrier
WB-105057,2026-03-30T11:24:26Z,Sanchit Hardware Depot Pvt Ltd,PAID,INR,Mixer jar spare,3,4067.00,310.19,Phone order,Web order - Mixer jar spare
WB-105110,2026-03-30T08:46:39Z,Bhavani Steel Trading Pvt Ltd,PAID,INR,Rubber foot mat,4,16978.78,1294.99,Marketplace,Web order - Rubber foot mat
WB-105281,2026-03-30T09:44:53Z,Chandravat Metals Private Limited,PAID,INR,Copper water bottle,4,54847.60,4183.29,Marketplace,Web order - Copper water bottle
WB-105493,2026-03-30T11:53:29Z,Ambar Cold Rooms Pvt Ltd,PAID,INR,Coir door mat,1,49770.89,3796.08,Web,Web order - Coir door mat
WB-105510,2026-03-30T11:04:00Z,Tanmay Toolroom Private Limited,PAID,INR,Copper water bottle,2,72954.00,5564.29,Mobile app,Web order - Copper water bottle
WB-105635,2026-03-30T16:57:09Z,Nirvaan Agro Mills Pvt Ltd,PAID,INR,Coir door mat,3,52142.67,3976.98,Phone order,Web order - Coir door mat
WB-105672,2026-03-30T14:12:13Z,Suvarna Weaves LLP,PAID,INR,Trolley bag 24 inch,2,1390.00,106.02,Mobile app,Web order - Trolley bag 24 inch
WB-106066,2026-03-30T16:17:15Z,Naaz Fabrics Private Limited,PAID,INR,Copper water bottle,2,25789.07,1966.96,Mobile app,Web order - Copper water bottle
WB-106203,2026-03-30T19:47:43Z,Anokhi Kitchenware Pvt Ltd,PAID,INR,Mixer jar spare,1,80884.31,6169.14,Web,Web order - Mixer jar spare
WB-106254,2026-03-30T10:46:40Z,Jashan Sports Goods Pvt Ltd,PAID,INR,Steel tiffin carrier,1,46533.00,3549.13,Web,Web order - Steel tiffin carrier
WB-106362,2026-03-30T08:03:33Z,Kaveri Rubber Works Pvt Ltd,PAID,INR,Steel tiffin carrier,1,74537.19,5685.04,Web,Web order - Steel tiffin carrier
WB-106366,2026-03-30T10:06:06Z,Vaayu Organics Private Limited,PAID,INR,Trolley bag 24 inch,4,66917.00,5103.84,Marketplace,Web order - Trolley bag 24 inch
WB-106529,2026-03-30T16:14:02Z,Naaz Fabrics Private Limited,PAID,INR,Copper water bottle,2,83001.67,6330.64,Mobile app,Web order - Copper water bottle
WB-106857,2026-03-30T14:52:26Z,Prithvi Seeds and Feeds Pvt Ltd,PAID,INR,Copper water bottle,4,36971.00,2819.82,Marketplace,Web order - Copper water bottle
WB-106864,2026-03-30T13:56:06Z,Sitara Packaging Solutions Pvt Ltd,PAID,INR,Coir door mat,1,23735.00,1810.30,Web,Web order - Coir door mat
WB-106879,2026-03-30T13:20:06Z,Kalanjali Crafts Pvt Ltd,PAID,INR,Mixer jar spare,3,16445.00,1254.28,Phone order,Web order - Mixer jar spare
WB-106933,2026-03-30T12:04:40Z,Tarangini Prints LLP,PAID,INR,Copper water bottle,2,80013.00,6102.69,Mobile app,Web order - Copper water bottle
WB-107312,2026-03-30T11:27:00Z,Bhoomi Tiles and Sanitary LLP,PAID,INR,Rubber foot mat,4,50103.00,3821.42,Marketplace,Web order - Rubber foot mat
WB-107814,2026-03-30T16:19:05Z,Neelkanth Ceramics Pvt Ltd,PAID,INR,Steel tiffin carrier,3,27068.55,2064.55,Phone order,Web order - Steel tiffin carrier
WB-107857,2026-03-30T15:58:32Z,Chirag Battery House Pvt Ltd,PAID,INR,Steel tiffin carrier,3,42299.17,3226.21,Phone order,Web order - Steel tiffin carrier
WB-108086,2026-03-30T20:24:26Z,Yamini Home Needs Pvt Ltd,PAID,INR,Mixer jar spare,1,37178.00,2835.61,Web,Web order - Mixer jar spare
WB-108144,2026-03-30T18:21:13Z,Marudhar Furnishings LLP,PAID,INR,Trolley bag 24 inch,2,7834.00,597.51,Mobile app,Web order - Trolley bag 24 inch
WB-108207,2026-03-30T12:06:27Z,Barkat Stationers Private Limited,PAID,INR,Rubber foot mat,4,14134.43,1078.05,Marketplace,Web order - Rubber foot mat
WB-108240,2026-03-30T13:30:13Z,Ojas Lighting Private Limited,PAID,INR,Coir door mat,3,81085.00,6184.45,Phone order,Web order - Coir door mat
WB-108258,2026-03-30T13:00:40Z,Barkat Stationers Private Limited,PAID,INR,Rubber foot mat,4,28002.00,2135.75,Marketplace,Web order - Rubber foot mat
WB-108348,2026-03-30T19:23:00Z,Kesari Handlooms Pvt Ltd,PAID,INR,Rubber foot mat,2,62910.00,4798.22,Mobile app,Web order - Rubber foot mat
WB-108431,2026-03-30T09:59:39Z,Devgiri Paints LLP,PAID,INR,Rubber foot mat,2,63897.58,4873.54,Mobile app,Web order - Rubber foot mat
WB-108506,2026-03-30T17:09:20Z,Vindhya Plastics Private Limited,PAID,INR,Rubber foot mat,2,31443.00,2398.19,Mobile app,Web order - Rubber foot mat
WB-108541,2026-03-30T14:04:40Z,Rukmini Provisions Private Limited,PAID,INR,Trolley bag 24 inch,4,34383.00,2622.43,Marketplace,Web order - Trolley bag 24 inch
WB-109181,2026-03-30T11:37:40Z,Ranjeet Timber Depot Pvt Ltd,PAID,INR,Coir door mat,1,31618.21,2411.56,Web,Web order - Coir door mat
WB-109399,2026-03-30T11:01:08Z,Girnar Pipes and Fittings Pvt Ltd,PAID,INR,Mixer jar spare,1,22277.05,1699.10,Web,Web order - Mixer jar spare
WB-109458,2026-03-30T13:36:20Z,Utsav Bakers LLP,PAID,INR,Trolley bag 24 inch,4,32289.00,2462.72,Marketplace,Web order - Trolley bag 24 inch
WB-109585,2026-03-30T12:36:57Z,Kaveri Rubber Works Pvt Ltd,PAID,INR,Steel tiffin carrier,1,82357.13,6281.48,Web,Web order - Steel tiffin carrier
WB-109719,2026-03-30T12:58:33Z,Ekansh Glassworks Private Limited,PAID,INR,Trolley bag 24 inch,2,45271.00,3452.87,Mobile app,Web order - Trolley bag 24 inch
WB-109838,2026-03-30T20:12:34Z,Meghdoot Packaging LLP,PAID,INR,Mixer jar spare,3,5095.04,388.60,Phone order,Web order - Mixer jar spare
WB-104034,2026-03-31T19:46:01Z,Shubhankar Electricals LLP,PAID,INR,Steel tiffin carrier,3,38257.23,2917.92,Phone order,Web order - Steel tiffin carrier
WB-104036,2026-03-31T09:24:46Z,Tanmay Toolroom Private Limited,PAID,INR,Copper water bottle,2,59252.00,4519.22,Mobile app,Web order - Copper water bottle
WB-104640,2026-03-31T19:06:26Z,Bhavani Steel Trading Pvt Ltd,PAID,INR,Rubber foot mat,4,89927.00,6858.84,Marketplace,Web order - Rubber foot mat
WB-104759,2026-03-31T17:32:20Z,Suvarna Weaves LLP,PAID,INR,Trolley bag 24 inch,2,38076.00,2904.10,Mobile app,Web order - Trolley bag 24 inch
WB-105282,2026-03-31T12:24:26Z,Tarangini Prints LLP,PAID,INR,Copper water bottle,2,64907.00,4950.53,Mobile app,Web order - Copper water bottle
WB-105388,2026-03-31T08:57:07Z,Madhuban Nurseries Pvt Ltd,PAID,INR,Coir door mat,3,53336.02,4068.00,Phone order,Web order - Coir door mat
WB-105688,2026-03-31T11:33:27Z,Vaayu Organics Private Limited,PAID,INR,Trolley bag 24 inch,4,35104.41,2677.46,Marketplace,Web order - Trolley bag 24 inch
WB-106025,2026-03-31T17:07:34Z,Palashwood Interiors Pvt Ltd,PAID,INR,Steel tiffin carrier,1,58758.43,4481.58,Web,Web order - Steel tiffin carrier
WB-106089,2026-03-31T13:16:33Z,Kalanjali Crafts Pvt Ltd,PAID,INR,Mixer jar spare,3,49033.00,3739.81,Phone order,Web order - Mixer jar spare
WB-106139,2026-03-31T11:35:55Z,Ekansh Glassworks Private Limited,PAID,INR,Trolley bag 24 inch,2,31742.85,2421.06,Mobile app,Web order - Trolley bag 24 inch
WB-106238,2026-03-31T16:55:00Z,Vaayu Organics Private Limited,PAID,INR,Trolley bag 24 inch,4,33282.00,2538.46,Marketplace,Web order - Trolley bag 24 inch
WB-106519,2026-03-31T11:56:46Z,Utsav Bakers LLP,PAID,INR,Trolley bag 24 inch,4,40154.00,3062.59,Marketplace,Web order - Trolley bag 24 inch
WB-106532,2026-03-31T15:40:33Z,Marudhar Furnishings LLP,PAID,INR,Trolley bag 24 inch,2,55081.00,4201.09,Mobile app,Web order - Trolley bag 24 inch
WB-106550,2026-03-31T17:26:53Z,Madhuban Nurseries Pvt Ltd,PAID,INR,Coir door mat,3,9340.00,712.37,Phone order,Web order - Coir door mat
WB-106638,2026-03-31T12:29:47Z,Ambar Cold Rooms Pvt Ltd,PAID,INR,Coir door mat,1,12959.62,988.45,Web,Web order - Coir door mat
WB-106659,2026-03-31T17:37:01Z,Barkat Stationers Private Limited,PAID,INR,Rubber foot mat,4,91506.64,6979.32,Marketplace,Web order - Rubber foot mat
WB-106832,2026-03-31T14:21:33Z,Rukmini Provisions Private Limited,PAID,INR,Trolley bag 24 inch,4,28387.00,2165.11,Marketplace,Web order - Trolley bag 24 inch
WB-106938,2026-03-31T17:49:33Z,Anokhi Kitchenware Pvt Ltd,PAID,INR,Mixer jar spare,1,51463.00,3925.14,Web,Web order - Mixer jar spare
WB-106995,2026-03-31T20:39:52Z,Yamini Home Needs Pvt Ltd,PAID,INR,Mixer jar spare,1,31595.17,2409.80,Web,Web order - Mixer jar spare
WB-107032,2026-03-31T10:01:06Z,Prithvi Seeds and Feeds Pvt Ltd,PAID,INR,Copper water bottle,4,44390.00,3385.68,Marketplace,Web order - Copper water bottle
WB-107170,2026-03-31T17:20:26Z,Sanchit Hardware Depot Pvt Ltd,PAID,INR,Mixer jar spare,3,65780.00,5017.12,Phone order,Web order - Mixer jar spare
WB-107242,2026-03-31T12:56:23Z,Sitara Packaging Solutions Pvt Ltd,PAID,INR,Coir door mat,1,32634.70,2489.09,Web,Web order - Coir door mat
WB-107275,2026-03-31T12:44:13Z,Nirvaan Agro Mills Pvt Ltd,PAID,INR,Coir door mat,3,37516.00,2861.39,Phone order,Web order - Coir door mat
WB-107777,2026-03-31T17:31:34Z,Girnar Pipes and Fittings Pvt Ltd,PAID,INR,Mixer jar spare,1,33941.84,2588.78,Web,Web order - Mixer jar spare
WB-107925,2026-03-31T16:07:13Z,Jashan Sports Goods Pvt Ltd,PAID,INR,Steel tiffin carrier,1,26599.00,2028.74,Web,Web order - Steel tiffin carrier
WB-108265,2026-03-31T12:26:33Z,Naaz Fabrics Private Limited,PAID,INR,Copper water bottle,2,45766.00,3490.63,Mobile app,Web order - Copper water bottle
WB-108442,2026-03-31T08:05:41Z,Ojas Lighting Private Limited,PAID,INR,Coir door mat,3,33283.25,2538.55,Phone order,Web order - Coir door mat
WB-108493,2026-03-31T17:57:27Z,Kaveri Rubber Works Pvt Ltd,PAID,INR,Steel tiffin carrier,1,27861.23,2125.01,Web,Web order - Steel tiffin carrier
WB-108620,2026-03-31T16:05:24Z,Chirag Battery House Pvt Ltd,PAID,INR,Steel tiffin carrier,3,40552.93,3093.02,Phone order,Web order - Steel tiffin carrier
WB-108641,2026-03-31T16:53:33Z,Kesari Handlooms Pvt Ltd,PAID,INR,Rubber foot mat,2,41885.19,3194.63,Mobile app,Web order - Rubber foot mat
WB-108691,2026-03-31T15:07:34Z,Chandravat Metals Private Limited,PAID,INR,Copper water bottle,4,1849.62,141.07,Marketplace,Web order - Copper water bottle
WB-108769,2026-03-31T20:41:40Z,Sohrab Auto Spares LLP,PAID,INR,Copper water bottle,4,65307.00,4981.04,Marketplace,Web order - Copper water bottle
WB-108889,2026-03-31T20:33:05Z,Vindhya Plastics Private Limited,PAID,INR,Rubber foot mat,2,41461.37,3162.31,Mobile app,Web order - Rubber foot mat
WB-109127,2026-03-31T15:42:03Z,Neelkanth Ceramics Pvt Ltd,PAID,INR,Steel tiffin carrier,3,21744.09,1658.45,Phone order,Web order - Steel tiffin carrier
WB-109363,2026-03-31T18:09:42Z,Devgiri Paints LLP,PAID,INR,Rubber foot mat,2,78508.28,5987.92,Mobile app,Web order - Rubber foot mat
WB-109457,2026-03-31T19:42:43Z,Bhoomi Tiles and Sanitary LLP,PAID,INR,Rubber foot mat,4,78013.31,5950.17,Marketplace,Web order - Rubber foot mat
WB-109501,2026-03-31T20:34:49Z,Ranjeet Timber Depot Pvt Ltd,PAID,INR,Coir door mat,1,27577.48,2103.37,Web,Web order - Coir door mat
WB-109590,2026-03-31T18:01:47Z,Girnar Pipes and Fittings Pvt Ltd,PAID,INR,Mixer jar spare,1,42650.63,3253.01,Web,Web order - Mixer jar spare
WB-109742,2026-03-31T10:32:39Z,Meghdoot Packaging LLP,PAID,INR,Mixer jar spare,3,38177.38,2911.83,Phone order,Web order - Mixer jar spare
WB-104090,2026-04-01T16:10:06Z,Madhuban Nurseries Pvt Ltd,PAID,INR,Coir door mat,3,60077.00,4582.14,Phone order,Web order - Coir door mat
WB-104120,2026-04-01T16:35:13Z,Kesari Handlooms Pvt Ltd,PAID,INR,Rubber foot mat,2,78691.00,6001.86,Mobile app,Web order - Rubber foot mat
WB-104281,2026-04-01T18:43:49Z,Kaveri Rubber Works Pvt Ltd,PAID,INR,Steel tiffin carrier,1,25948.48,1979.12,Web,Web order - Steel tiffin carrier
WB-104321,2026-04-01T18:00:23Z,Vindhya Plastics Private Limited,PAID,INR,Rubber foot mat,2,33820.91,2579.56,Mobile app,Web order - Rubber foot mat
WB-105135,2026-04-01T12:59:16Z,Sohrab Auto Spares LLP,PAID,INR,Copper water bottle,4,2394.49,182.63,Marketplace,Web order - Copper water bottle
WB-105260,2026-04-01T14:15:06Z,Yamini Home Needs Pvt Ltd,PAID,INR,Mixer jar spare,1,32411.00,2472.03,Web,Web order - Mixer jar spare
WB-105361,2026-04-01T09:29:08Z,Sitara Packaging Solutions Pvt Ltd,PAID,INR,Coir door mat,1,11072.04,844.48,Web,Web order - Coir door mat
WB-105362,2026-04-01T12:36:57Z,Barkat Stationers Private Limited,PAID,INR,Rubber foot mat,4,35018.93,2670.94,Marketplace,Web order - Rubber foot mat
WB-105512,2026-04-01T17:15:28Z,Shubhankar Electricals LLP,PAID,INR,Steel tiffin carrier,3,20906.06,1594.53,Phone order,Web order - Steel tiffin carrier
WB-105645,2026-04-01T15:06:26Z,Ranjeet Timber Depot Pvt Ltd,PAID,INR,Coir door mat,1,18206.00,1388.59,Web,Web order - Coir door mat
WB-105649,2026-04-01T14:12:33Z,Bhavani Steel Trading Pvt Ltd,PAID,INR,Rubber foot mat,4,42886.00,3270.97,Marketplace,Web order - Rubber foot mat
WB-105779,2026-04-01T13:06:06Z,Shubhankar Electricals LLP,PAID,INR,Steel tiffin carrier,3,21521.00,1641.43,Phone order,Web order - Steel tiffin carrier
WB-106080,2026-04-01T16:14:42Z,Chandravat Metals Private Limited,PAID,INR,Copper water bottle,4,59359.87,4527.45,Marketplace,Web order - Copper water bottle
WB-106178,2026-04-01T18:59:58Z,Devgiri Paints LLP,PAID,INR,Rubber foot mat,2,13361.36,1019.09,Mobile app,Web order - Rubber foot mat
WB-106485,2026-04-01T11:41:00Z,Chirag Battery House Pvt Ltd,PAID,INR,Steel tiffin carrier,3,37328.41,2847.08,Phone order,Web order - Steel tiffin carrier
WB-106574,2026-04-01T18:20:50Z,Utsav Bakers LLP,PAID,INR,Trolley bag 24 inch,4,40609.50,3097.33,Marketplace,Web order - Trolley bag 24 inch
WB-106613,2026-04-01T18:35:53Z,Tarangini Prints LLP,PAID,INR,Copper water bottle,2,7945.00,605.97,Mobile app,Web order - Copper water bottle
WB-106868,2026-04-01T20:22:37Z,Naaz Fabrics Private Limited,PAID,INR,Copper water bottle,2,19027.13,1451.22,Mobile app,Web order - Copper water bottle
WB-106935,2026-04-01T10:51:21Z,Prithvi Seeds and Feeds Pvt Ltd,PAID,INR,Copper water bottle,4,54099.65,4126.24,Marketplace,Web order - Copper water bottle
WB-107250,2026-04-01T13:30:13Z,Suvarna Weaves LLP,PAID,INR,Trolley bag 24 inch,2,71420.81,5447.35,Mobile app,Web order - Trolley bag 24 inch
WB-107456,2026-04-01T08:21:52Z,Vaayu Organics Private Limited,PAID,INR,Trolley bag 24 inch,4,84905.78,6475.86,Marketplace,Web order - Trolley bag 24 inch
WB-107490,2026-04-01T17:46:00Z,Ekansh Glassworks Private Limited,PAID,INR,Trolley bag 24 inch,2,7228.82,551.35,Mobile app,Web order - Trolley bag 24 inch
WB-107499,2026-04-01T10:01:24Z,Devgiri Paints LLP,PAID,INR,Rubber foot mat,2,84903.14,6475.66,Mobile app,Web order - Rubber foot mat
WB-107898,2026-04-01T11:16:33Z,Jashan Sports Goods Pvt Ltd,PAID,INR,Steel tiffin carrier,1,50437.00,3846.89,Web,Web order - Steel tiffin carrier
WB-108012,2026-04-01T11:19:05Z,Neelkanth Ceramics Pvt Ltd,PAID,INR,Steel tiffin carrier,3,18504.15,1411.33,Phone order,Web order - Steel tiffin carrier
WB-108063,2026-04-01T13:07:13Z,Bhoomi Tiles and Sanitary LLP,PAID,INR,Rubber foot mat,4,49882.00,3804.56,Marketplace,Web order - Rubber foot mat
WB-108077,2026-04-01T11:40:53Z,Sohrab Auto Spares LLP,PAID,INR,Copper water bottle,4,69901.00,5331.43,Marketplace,Web order - Copper water bottle
WB-108338,2026-04-01T14:35:52Z,Palashwood Interiors Pvt Ltd,PAID,INR,Steel tiffin carrier,1,83971.58,6404.61,Web,Web order - Steel tiffin carrier
WB-108401,2026-04-01T08:21:11Z,Ambar Cold Rooms Pvt Ltd,PAID,INR,Coir door mat,1,9448.55,720.65,Web,Web order - Coir door mat
WB-108470,2026-04-01T13:56:06Z,Rukmini Provisions Private Limited,PAID,INR,Trolley bag 24 inch,4,74513.00,5683.19,Marketplace,Web order - Trolley bag 24 inch
WB-108632,2026-04-01T17:49:13Z,Ojas Lighting Private Limited,PAID,INR,Coir door mat,3,87772.00,6694.47,Phone order,Web order - Coir door mat
WB-108934,2026-04-01T13:26:13Z,Meghdoot Packaging LLP,PAID,INR,Mixer jar spare,3,39721.00,3029.57,Phone order,Web order - Mixer jar spare
WB-108986,2026-04-01T16:34:49Z,Nirvaan Agro Mills Pvt Ltd,PAID,INR,Coir door mat,3,39230.68,2992.17,Phone order,Web order - Coir door mat
WB-109017,2026-04-01T08:49:53Z,Kalanjali Crafts Pvt Ltd,PAID,INR,Mixer jar spare,3,66400.00,5064.41,Phone order,Web order - Mixer jar spare
WB-109042,2026-04-01T18:39:11Z,Tanmay Toolroom Private Limited,PAID,INR,Copper water bottle,2,67451.75,5144.62,Mobile app,Web order - Copper water bottle
WB-109117,2026-04-01T14:04:20Z,Sanchit Hardware Depot Pvt Ltd,PAID,INR,Mixer jar spare,3,65778.00,5016.97,Phone order,Web order - Mixer jar spare
WB-109516,2026-04-01T19:09:20Z,Anokhi Kitchenware Pvt Ltd,PAID,INR,Mixer jar spare,1,32496.00,2478.51,Web,Web order - Mixer jar spare
WB-109700,2026-04-01T11:00:00Z,Girnar Pipes and Fittings Pvt Ltd,PAID,INR,Mixer jar spare,1,4563.00,348.03,Web,Web order - Mixer jar spare
WB-109828,2026-04-01T13:38:48Z,Marudhar Furnishings LLP,PAID,INR,Trolley bag 24 inch,2,77412.24,5904.32,Mobile app,Web order - Trolley bag 24 inch
WB-104019,2026-04-02T16:54:15Z,Sanchit Hardware Depot Pvt Ltd,PAID,INR,Mixer jar spare,3,8345.26,636.50,Phone order,Web order - Mixer jar spare
WB-104032,2026-04-02T11:36:59Z,Sohrab Auto Spares LLP,PAID,INR,Copper water bottle,4,45759.57,3490.14,Marketplace,Web order - Copper water bottle
WB-104065,2026-04-02T08:18:40Z,Neelkanth Ceramics Pvt Ltd,PAID,INR,Steel tiffin carrier,3,67917.00,5180.11,Phone order,Web order - Steel tiffin carrier
WB-104204,2026-04-02T13:27:20Z,Vindhya Plastics Private Limited,PAID,INR,Rubber foot mat,2,72996.00,5567.49,Mobile app,Web order - Rubber foot mat
WB-104310,2026-04-02T14:09:40Z,Suvarna Weaves LLP,PAID,INR,Trolley bag 24 inch,2,61824.00,4715.39,Mobile app,Web order - Trolley bag 24 inch
WB-104353,2026-04-02T15:26:53Z,Ekansh Glassworks Private Limited,PAID,INR,Trolley bag 24 inch,2,29581.00,2256.18,Mobile app,Web order - Trolley bag 24 inch
WB-104470,2026-04-02T11:00:00Z,Tanmay Toolroom Private Limited,PAID,INR,Copper water bottle,2,72540.00,5532.71,Mobile app,Web order - Copper water bottle
WB-104471,2026-04-02T20:46:42Z,Yamini Home Needs Pvt Ltd,PAID,USD,Mixer jar spare,1,3313.27,252.71,Web,Web order - Mixer jar spare
WB-104700,2026-04-02T16:12:13Z,Utsav Bakers LLP,PAID,INR,Trolley bag 24 inch,4,81067.00,6183.08,Marketplace,Web order - Trolley bag 24 inch
WB-104770,2026-04-02T20:53:33Z,Nirvaan Agro Mills Pvt Ltd,PAID,INR,Coir door mat,3,42517.00,3242.82,Phone order,Web order - Coir door mat
WB-104893,2026-04-02T20:00:23Z,Madhuban Nurseries Pvt Ltd,PAID,INR,Coir door mat,3,35037.69,2672.37,Phone order,Web order - Coir door mat
WB-105551,2026-04-02T08:35:13Z,Meghdoot Packaging LLP,PAID,INR,Mixer jar spare,3,90859.00,6929.92,Phone order,Web order - Mixer jar spare
WB-105876,2026-04-02T20:58:35Z,Barkat Stationers Private Limited,PAID,INR,Rubber foot mat,4,40965.45,3124.48,Marketplace,Web order - Rubber foot mat
WB-105950,2026-04-02T13:51:24Z,Palashwood Interiors Pvt Ltd,PAID,INR,Steel tiffin carrier,1,26815.33,2045.24,Web,Web order - Steel tiffin carrier
WB-106064,2026-04-02T19:03:13Z,Jashan Sports Goods Pvt Ltd,PAID,INR,Steel tiffin carrier,1,71464.00,5450.64,Web,Web order - Steel tiffin carrier
WB-106181,2026-04-02T12:14:21Z,Prithvi Seeds and Feeds Pvt Ltd,PAID,INR,Copper water bottle,4,76036.25,5799.38,Marketplace,Web order - Copper water bottle
WB-106272,2026-04-02T17:23:23Z,Anokhi Kitchenware Pvt Ltd,PAID,INR,Mixer jar spare,1,60367.31,4604.29,Web,Web order - Mixer jar spare
WB-106447,2026-04-02T20:05:45Z,Kaveri Rubber Works Pvt Ltd,PAID,INR,Steel tiffin carrier,1,46972.36,3582.64,Web,Web order - Steel tiffin carrier
WB-106496,2026-04-02T09:04:00Z,Ojas Lighting Private Limited,PAID,INR,Coir door mat,3,38322.00,2922.86,Phone order,Web order - Coir door mat
WB-106578,2026-04-02T20:16:13Z,Sitara Packaging Solutions Pvt Ltd,PAID,INR,Coir door mat,1,87097.00,6642.99,Web,Web order - Coir door mat
WB-106732,2026-04-02T18:41:40Z,Kesari Handlooms Pvt Ltd,PAID,INR,Rubber foot mat,2,47055.00,3588.94,Mobile app,Web order - Rubber foot mat
WB-106885,2026-04-02T20:18:40Z,Bhoomi Tiles and Sanitary LLP,PAID,INR,Rubber foot mat,4,33285.00,2538.69,Marketplace,Web order - Rubber foot mat
WB-106996,2026-04-02T08:03:13Z,Suvarna Weaves LLP,PAID,INR,Trolley bag 24 inch,2,69241.00,5281.09,Mobile app,Web order - Trolley bag 24 inch
WB-107016,2026-04-02T11:13:40Z,Shubhankar Electricals LLP,PAID,INR,Steel tiffin carrier,3,60366.00,4604.19,Phone order,Web order - Steel tiffin carrier
WB-107339,2026-04-02T17:46:20Z,Ambar Cold Rooms Pvt Ltd,PAID,INR,Coir door mat,1,73131.00,5577.79,Web,Web order - Coir door mat
WB-107416,2026-04-02T20:30:53Z,Tarangini Prints LLP,PAID,INR,Copper water bottle,2,68862.39,5252.22,Mobile app,Web order - Copper water bottle
WB-107685,2026-04-02T12:52:46Z,Vaayu Organics Private Limited,PAID,INR,Trolley bag 24 inch,4,32369.00,2468.82,Marketplace,Web order - Trolley bag 24 inch
WB-107838,2026-04-02T15:16:33Z,Kalanjali Crafts Pvt Ltd,PAID,INR,Mixer jar spare,3,43534.00,3320.39,Phone order,Web order - Mixer jar spare
WB-107933,2026-04-02T17:16:13Z,Chandravat Metals Private Limited,PAID,INR,Copper water bottle,4,51248.19,3908.76,Marketplace,Web order - Copper water bottle
WB-108203,2026-04-02T11:26:53Z,Rukmini Provisions Private Limited,PAID,INR,Trolley bag 24 inch,4,36811.59,2807.66,Marketplace,Web order - Trolley bag 24 inch
WB-108459,2026-04-02T11:48:30Z,Ranjeet Timber Depot Pvt Ltd,PAID,INR,Coir door mat,1,87779.72,6695.06,Web,Web order - Coir door mat
WB-108469,2026-04-02T10:38:25Z,Sitara Packaging Solutions Pvt Ltd,PAID,INR,Coir door mat,1,90063.76,6869.27,Web,Web order - Coir door mat
WB-108551,2026-04-02T18:23:01Z,Girnar Pipes and Fittings Pvt Ltd,PAID,INR,Mixer jar spare,1,43511.44,3318.67,Web,Web order - Mixer jar spare
WB-108881,2026-04-02T14:04:40Z,Chirag Battery House Pvt Ltd,PAID,INR,Steel tiffin carrier,3,53220.00,4059.15,Phone order,Web order - Steel tiffin carrier
WB-108894,2026-04-02T12:27:39Z,Marudhar Furnishings LLP,PAID,INR,Trolley bag 24 inch,2,12608.37,961.66,Mobile app,Web order - Trolley bag 24 inch
WB-108911,2026-04-02T08:03:53Z,Naaz Fabrics Private Limited,PAID,INR,Copper water bottle,2,8908.00,679.42,Mobile app,Web order - Copper water bottle
WB-109622,2026-04-02T10:21:33Z,Bhavani Steel Trading Pvt Ltd,PAID,INR,Rubber foot mat,4,55765.00,4253.26,Marketplace,Web order - Rubber foot mat
WB-109689,2026-04-02T18:33:06Z,Sanchit Hardware Depot Pvt Ltd,PAID,INR,Mixer jar spare,3,35003.00,2669.72,Phone order,Web order - Mixer jar spare
WB-109748,2026-04-02T12:32:20Z,Devgiri Paints LLP,PAID,INR,Rubber foot mat,2,59487.00,4537.14,Mobile app,Web order - Rubber foot mat
WB-104016,2026-04-03T17:36:40Z,Jashan Sports Goods Pvt Ltd,PAID,INR,Steel tiffin carrier,1,12828.00,978.41,Web,Web order - Steel tiffin carrier
WB-104189,2026-04-03T15:49:52Z,Tarangini Prints LLP,PAID,INR,Copper water bottle,2,30972.37,2362.30,Mobile app,Web order - Copper water bottle
WB-104306,2026-04-03T09:07:13Z,Sohrab Auto Spares LLP,PAID,INR,Copper water bottle,4,2731.00,208.30,Marketplace,Web order - Copper water bottle
WB-104432,2026-04-03T13:53:53Z,Tanmay Toolroom Private Limited,PAID,INR,Copper water bottle,2,54412.00,4150.07,Mobile app,Web order - Copper water bottle
WB-104444,2026-04-03T13:12:55Z,Rukmini Provisions Private Limited,PAID,INR,Trolley bag 24 inch,4,73173.47,5581.03,Marketplace,Web order - Trolley bag 24 inch
WB-104510,2026-04-03T14:04:00Z,Sitara Packaging Solutions Pvt Ltd,PAID,INR,Coir door mat,1,57861.00,4413.13,Web,Web order - Coir door mat
WB-104561,2026-04-03T08:58:13Z,Bhavani Steel Trading Pvt Ltd,PAID,INR,Rubber foot mat,4,63094.00,4812.25,Marketplace,Web order - Rubber foot mat
WB-104696,2026-04-03T19:20:46Z,Utsav Bakers LLP,PAID,INR,Trolley bag 24 inch,4,51818.00,3952.22,Marketplace,Web order - Trolley bag 24 inch
WB-104847,2026-04-03T18:35:33Z,Tanmay Toolroom Private Limited,PAID,INR,Copper water bottle,2,87661.00,6686.01,Mobile app,Web order - Copper water bottle
WB-104849,2026-04-03T20:18:42Z,Neelkanth Ceramics Pvt Ltd,PAID,INR,Steel tiffin carrier,3,48354.66,3688.07,Phone order,Web order - Steel tiffin carrier
WB-105142,2026-04-03T13:06:26Z,Ranjeet Timber Depot Pvt Ltd,PAID,INR,Coir door mat,1,4868.00,371.29,Web,Web order - Coir door mat
WB-105610,2026-04-03T16:07:13Z,Ojas Lighting Private Limited,PAID,INR,Coir door mat,3,36427.00,2778.33,Phone order,Web order - Coir door mat
WB-105671,2026-04-03T10:55:40Z,Jashan Sports Goods Pvt Ltd,PAID,INR,Steel tiffin carrier,1,36948.00,2818.07,Web,Web order - Steel tiffin carrier
WB-105859,2026-04-03T20:33:46Z,Madhuban Nurseries Pvt Ltd,PAID,INR,Coir door mat,3,30596.00,2333.59,Phone order,Web order - Coir door mat
WB-106690,2026-04-03T14:41:40Z,Meghdoot Packaging LLP,PAID,INR,Mixer jar spare,3,53958.00,4115.44,Phone order,Web order - Mixer jar spare
WB-107008,2026-04-03T20:50:39Z,Vindhya Plastics Private Limited,PAID,INR,Rubber foot mat,2,52445.99,4000.12,Mobile app,Web order - Rubber foot mat
WB-107199,2026-04-03T19:56:46Z,Anokhi Kitchenware Pvt Ltd,PAID,INR,Mixer jar spare,1,82040.00,6257.29,Web,Web order - Mixer jar spare
WB-107219,2026-04-03T14:19:24Z,Devgiri Paints LLP,PAID,INR,Rubber foot mat,2,38027.54,2900.41,Mobile app,Web order - Rubber foot mat
WB-107359,2026-04-03T20:01:06Z,Nirvaan Agro Mills Pvt Ltd,PAID,INR,Coir door mat,3,12800.00,976.27,Phone order,Web order - Coir door mat
WB-107457,2026-04-03T19:23:40Z,Ambar Cold Rooms Pvt Ltd,PAID,INR,Coir door mat,1,5853.00,446.42,Web,Web order - Coir door mat
WB-107638,2026-04-03T15:21:34Z,Vaayu Organics Private Limited,PAID,INR,Trolley bag 24 inch,4,54595.04,4164.03,Marketplace,Web order - Trolley bag 24 inch
WB-107714,2026-04-03T09:47:46Z,Chandravat Metals Private Limited,PAID,INR,Copper water bottle,4,12650.00,964.83,Marketplace,Web order - Copper water bottle
WB-107805,2026-04-03T10:23:00Z,Barkat Stationers Private Limited,PAID,INR,Rubber foot mat,4,5229.00,398.82,Marketplace,Web order - Rubber foot mat
WB-108092,2026-04-03T15:33:06Z,Girnar Pipes and Fittings Pvt Ltd,PAID,INR,Mixer jar spare,1,83183.59,6344.51,Web,Web order - Mixer jar spare
WB-108231,2026-04-03T10:46:40Z,Ekansh Glassworks Private Limited,PAID,INR,Trolley bag 24 inch,2,13773.00,1050.48,Mobile app,Web order - Trolley bag 24 inch
WB-108248,2026-04-03T12:39:30Z,Chirag Battery House Pvt Ltd,PAID,INR,Steel tiffin carrier,3,85477.51,6519.47,Phone order,Web order - Steel tiffin carrier
WB-108262,2026-04-03T16:52:06Z,Prithvi Seeds and Feeds Pvt Ltd,PAID,INR,Copper water bottle,4,57134.00,4357.68,Marketplace,Web order - Copper water bottle
WB-108266,2026-04-03T12:52:26Z,Suvarna Weaves LLP,PAID,INR,Trolley bag 24 inch,2,36737.00,2801.97,Mobile app,Web order - Trolley bag 24 inch
WB-108463,2026-04-03T15:56:26Z,Kaveri Rubber Works Pvt Ltd,PAID,INR,Steel tiffin carrier,1,42533.00,3244.04,Web,Web order - Steel tiffin carrier
WB-108478,2026-04-03T19:24:05Z,Bhavani Steel Trading Pvt Ltd,PAID,INR,Rubber foot mat,4,1742.55,132.91,Marketplace,Web order - Rubber foot mat
WB-108886,2026-04-03T20:17:37Z,Kesari Handlooms Pvt Ltd,PAID,INR,Rubber foot mat,2,1577.93,120.35,Mobile app,Web order - Rubber foot mat
WB-108891,2026-04-03T18:18:20Z,Kalanjali Crafts Pvt Ltd,PAID,INR,Mixer jar spare,3,2202.02,167.95,Phone order,Web order - Mixer jar spare
WB-109043,2026-04-03T16:20:30Z,Marudhar Furnishings LLP,PAID,INR,Trolley bag 24 inch,2,36062.10,2750.50,Mobile app,Web order - Trolley bag 24 inch
WB-109281,2026-04-03T20:40:36Z,Naaz Fabrics Private Limited,PAID,INR,Copper water bottle,2,348.48,26.58,Mobile app,Web order - Copper water bottle
WB-109368,2026-04-03T16:12:33Z,Shubhankar Electricals LLP,PAID,INR,Steel tiffin carrier,3,25921.00,1977.03,Phone order,Web order - Steel tiffin carrier
WB-109496,2026-04-03T15:16:53Z,Sanchit Hardware Depot Pvt Ltd,PAID,INR,Mixer jar spare,3,38347.00,2924.77,Phone order,Web order - Mixer jar spare
WB-109508,2026-04-03T19:55:00Z,Bhoomi Tiles and Sanitary LLP,PAID,INR,Rubber foot mat,4,54225.00,4135.81,Marketplace,Web order - Rubber foot mat
WB-109571,2026-04-03T09:41:40Z,Palashwood Interiors Pvt Ltd,PAID,INR,Steel tiffin carrier,1,84705.62,6460.60,Web,Web order - Steel tiffin carrier
WB-109952,2026-04-03T17:33:46Z,Yamini Home Needs Pvt Ltd,PAID,INR,Mixer jar spare,1,19481.00,1485.84,Web,Web order - Mixer jar spare
WB-104332,2026-04-04T15:10:27Z,Suvarna Weaves LLP,PAID,INR,Trolley bag 24 inch,2,6171.21,470.69,Mobile app,Web order - Trolley bag 24 inch
WB-104559,2026-04-04T17:43:10Z,Chirag Battery House Pvt Ltd,PAID,INR,Steel tiffin carrier,3,83099.10,6338.07,Phone order,Web order - Steel tiffin carrier
WB-104660,2026-04-04T16:02:50Z,Madhuban Nurseries Pvt Ltd,PAID,INR,Coir door mat,3,25147.50,1918.03,Phone order,Web order - Coir door mat
WB-104694,2026-04-04T19:15:06Z,Sanchit Hardware Depot Pvt Ltd,PAID,INR,Mixer jar spare,3,33113.00,2525.57,Phone order,Web order - Mixer jar spare
WB-105185,2026-04-04T16:55:40Z,Kalanjali Crafts Pvt Ltd,PAID,INR,Mixer jar spare,3,27003.00,2059.55,Phone order,Web order - Mixer jar spare
WB-105566,2026-04-04T16:10:06Z,Barkat Stationers Private Limited,PAID,INR,Rubber foot mat,4,32231.00,2458.30,Marketplace,Web order - Rubber foot mat
WB-105580,2026-04-04T20:32:22Z,Marudhar Furnishings LLP,PAID,INR,Trolley bag 24 inch,2,25697.48,1959.98,Mobile app,Web order - Trolley bag 24 inch
WB-105581,2026-04-04T11:44:53Z,Bhavani Steel Trading Pvt Ltd,PAID,INR,Rubber foot mat,4,1519.00,115.86,Marketplace,Web order - Rubber foot mat
WB-106124,2026-04-04T15:53:13Z,Naaz Fabrics Private Limited,PAID,INR,Copper water bottle,2,47821.00,3647.36,Mobile app,Web order - Copper water bottle
WB-106217,2026-04-04T11:07:33Z,Chandravat Metals Private Limited,PAID,INR,Copper water bottle,4,64117.00,4890.28,Marketplace,Web order - Copper water bottle
WB-106805,2026-04-04T18:55:20Z,Ojas Lighting Private Limited,PAID,INR,Coir door mat,3,60270.00,4596.86,Phone order,Web order - Coir door mat
WB-107092,2026-04-04T12:49:33Z,Rukmini Provisions Private Limited,PAID,INR,Trolley bag 24 inch,4,64684.00,4933.53,Marketplace,Web order - Trolley bag 24 inch
WB-107135,2026-04-04T16:50:20Z,Rukmini Provisions Private Limited,PAID,INR,Trolley bag 24 inch,4,71907.00,5484.43,Marketplace,Web order - Trolley bag 24 inch
WB-107454,2026-04-04T20:35:13Z,Prithvi Seeds and Feeds Pvt Ltd,PAID,INR,Copper water bottle,4,86693.81,6612.24,Marketplace,Web order - Copper water bottle
WB-107612,2026-04-04T18:44:53Z,Vindhya Plastics Private Limited,PAID,INR,Rubber foot mat,2,91726.00,6996.05,Mobile app,Web order - Rubber foot mat
WB-107701,2026-04-04T14:33:25Z,Tanmay Toolroom Private Limited,PAID,INR,Copper water bottle,2,1174.36,89.57,Mobile app,Web order - Copper water bottle
WB-107735,2026-04-04T13:03:33Z,Yamini Home Needs Pvt Ltd,PAID,INR,Mixer jar spare,1,15616.00,1191.05,Web,Web order - Mixer jar spare
WB-107766,2026-04-04T11:57:30Z,Shubhankar Electricals LLP,PAID,INR,Steel tiffin carrier,3,34623.91,2640.81,Phone order,Web order - Steel tiffin carrier
WB-107788,2026-04-04T19:22:56Z,Devgiri Paints LLP,PAID,INR,Rubber foot mat,2,82799.89,6315.25,Mobile app,Web order - Rubber foot mat
WB-108293,2026-04-04T17:20:46Z,Neelkanth Ceramics Pvt Ltd,PAID,INR,Steel tiffin carrier,3,42575.00,3247.25,Phone order,Web order - Steel tiffin carrier
WB-108355,2026-04-04T19:40:13Z,Sohrab Auto Spares LLP,PAID,INR,Copper water bottle,4,41080.00,3133.22,Marketplace,Web order - Copper water bottle
WB-108371,2026-04-04T15:56:26Z,Anokhi Kitchenware Pvt Ltd,PAID,INR,Mixer jar spare,1,63008.00,4805.69,Web,Web order - Mixer jar spare
WB-108461,2026-04-04T16:21:53Z,Utsav Bakers LLP,PAID,INR,Trolley bag 24 inch,4,50461.00,3848.72,Marketplace,Web order - Trolley bag 24 inch
WB-108501,2026-04-04T15:16:13Z,Bhoomi Tiles and Sanitary LLP,PAID,INR,Rubber foot mat,4,27427.00,2091.89,Marketplace,Web order - Rubber foot mat
WB-108588,2026-04-04T12:32:40Z,Vaayu Organics Private Limited,PAID,INR,Trolley bag 24 inch,4,51024.00,3891.66,Marketplace,Web order - Trolley bag 24 inch
WB-108597,2026-04-04T12:29:06Z,Ranjeet Timber Depot Pvt Ltd,PAID,INR,Coir door mat,1,46757.00,3566.21,Web,Web order - Coir door mat
WB-108755,2026-04-04T20:21:13Z,Nirvaan Agro Mills Pvt Ltd,PAID,INR,Coir door mat,3,66217.00,5050.45,Phone order,Web order - Coir door mat
WB-108817,2026-04-04T19:48:48Z,Meghdoot Packaging LLP,PAID,INR,Mixer jar spare,3,552.24,42.12,Phone order,Web order - Mixer jar spare
WB-108996,2026-04-04T17:49:53Z,Nirvaan Agro Mills Pvt Ltd,PAID,INR,Coir door mat,3,70846.00,5403.51,Phone order,Web order - Coir door mat
WB-109071,2026-04-04T17:13:20Z,Sitara Packaging Solutions Pvt Ltd,PAID,INR,Coir door mat,1,58884.00,4491.15,Web,Web order - Coir door mat
WB-109150,2026-04-04T08:15:07Z,Ambar Cold Rooms Pvt Ltd,PAID,INR,Coir door mat,1,33019.41,2518.43,Web,Web order - Coir door mat
WB-109179,2026-04-04T09:07:53Z,Ekansh Glassworks Private Limited,PAID,INR,Trolley bag 24 inch,2,91456.00,6975.46,Mobile app,Web order - Trolley bag 24 inch
WB-109245,2026-04-04T17:22:55Z,Kaveri Rubber Works Pvt Ltd,PAID,INR,Steel tiffin carrier,1,66349.66,5060.57,Web,Web order - Steel tiffin carrier
WB-109268,2026-04-04T08:15:46Z,Tarangini Prints LLP,PAID,INR,Copper water bottle,2,33620.00,2564.24,Mobile app,Web order - Copper water bottle
WB-109269,2026-04-04T14:23:01Z,Palashwood Interiors Pvt Ltd,PAID,INR,Steel tiffin carrier,1,57621.65,4394.87,Web,Web order - Steel tiffin carrier
WB-109505,2026-04-04T20:29:08Z,Girnar Pipes and Fittings Pvt Ltd,PAID,INR,Mixer jar spare,1,59486.64,4537.12,Web,Web order - Mixer jar spare
WB-109840,2026-04-04T11:47:06Z,Kesari Handlooms Pvt Ltd,PAID,INR,Rubber foot mat,2,38819.00,2960.77,Mobile app,Web order - Rubber foot mat
WB-109970,2026-04-04T13:45:58Z,Jashan Sports Goods Pvt Ltd,PAID,INR,Steel tiffin carrier,1,77686.15,5925.21,Web,Web order - Steel tiffin carrier
WB-104070,2026-04-05T15:48:31Z,Yamini Home Needs Pvt Ltd,PAID,INR,Mixer jar spare,1,89394.35,6818.21,Web,Web order - Mixer jar spare
WB-104284,2026-04-05T16:24:27Z,Kaveri Rubber Works Pvt Ltd,PAID,INR,Steel tiffin carrier,1,6079.42,463.68,Web,Web order - Steel tiffin carrier
WB-104341,2026-04-05T19:00:40Z,Chirag Battery House Pvt Ltd,PAID,INR,Steel tiffin carrier,3,20514.00,1564.63,Phone order,Web order - Steel tiffin carrier
WB-104427,2026-04-05T17:55:59Z,Vindhya Plastics Private Limited,PAID,INR,Rubber foot mat,2,39248.98,2993.57,Mobile app,Web order - Rubber foot mat
WB-104446,2026-04-05T14:52:46Z,Anokhi Kitchenware Pvt Ltd,PAID,INR,Mixer jar spare,1,26051.00,1986.94,Web,Web order - Mixer jar spare
WB-104557,2026-04-05T18:50:20Z,Kesari Handlooms Pvt Ltd,PAID,INR,Rubber foot mat,2,77055.00,5877.08,Mobile app,Web order - Rubber foot mat
WB-104926,2026-04-05T19:31:54Z,Neelkanth Ceramics Pvt Ltd,PAID,INR,Steel tiffin carrier,3,25876.63,1973.64,Phone order,Web order - Steel tiffin carrier
WB-104979,2026-04-05T08:02:09Z,Nirvaan Agro Mills Pvt Ltd,PAID,INR,Coir door mat,3,10998.28,838.85,Phone order,Web order - Coir door mat
WB-105188,2026-04-05T09:06:29Z,Barkat Stationers Private Limited,PAID,INR,Rubber foot mat,4,24477.29,1866.91,Marketplace,Web order - Rubber foot mat
WB-105303,2026-04-05T13:06:26Z,Kalanjali Crafts Pvt Ltd,PAID,INR,Mixer jar spare,3,22067.00,1683.08,Phone order,Web order - Mixer jar spare
WB-105374,2026-04-05T18:20:09Z,Prithvi Seeds and Feeds Pvt Ltd,PAID,INR,Copper water bottle,4,60320.07,4600.68,Marketplace,Web order - Copper water bottle
WB-105588,2026-04-05T12:21:52Z,Marudhar Furnishings LLP,PAID,INR,Trolley bag 24 inch,2,11008.58,839.64,Mobile app,Web order - Trolley bag 24 inch
WB-105626,2026-04-05T20:18:00Z,Bhavani Steel Trading Pvt Ltd,PAID,INR,Rubber foot mat,4,13356.00,1018.68,Marketplace,Web order - Rubber foot mat
WB-105806,2026-04-05T18:13:40Z,Ojas Lighting Private Limited,PAID,INR,Coir door mat,3,85053.00,6487.09,Phone order,Web order - Coir door mat
WB-105836,2026-04-05T12:45:56Z,Suvarna Weaves LLP,PAID,INR,Trolley bag 24 inch,2,18718.09,1427.65,Mobile app,Web order - Trolley bag 24 inch
WB-105927,2026-04-05T19:04:38Z,Rukmini Provisions Private Limited,PAID,INR,Trolley bag 24 inch,4,60310.15,4599.93,Marketplace,Web order - Trolley bag 24 inch
WB-105968,2026-04-05T20:47:46Z,Ekansh Glassworks Private Limited,PAID,INR,Trolley bag 24 inch,2,36167.00,2758.50,Mobile app,Web order - Trolley bag 24 inch
WB-106296,2026-04-05T13:07:33Z,Bhoomi Tiles and Sanitary LLP,PAID,INR,Rubber foot mat,4,21763.00,1659.89,Marketplace,Web order - Rubber foot mat
WB-106324,2026-04-05T20:24:46Z,Tarangini Prints LLP,PAID,INR,Copper water bottle,2,86045.00,6562.75,Mobile app,Web order - Copper water bottle
WB-106430,2026-04-05T17:14:01Z,Anokhi Kitchenware Pvt Ltd,PAID,INR,Mixer jar spare,1,63907.23,4874.28,Web,Web order - Mixer jar spare
WB-106558,2026-04-05T20:10:26Z,Palashwood Interiors Pvt Ltd,PAID,INR,Steel tiffin carrier,1,10313.00,786.58,Web,Web order - Steel tiffin carrier
WB-106572,2026-04-05T16:38:26Z,Chandravat Metals Private Limited,PAID,INR,Copper water bottle,4,64394.00,4911.41,Marketplace,Web order - Copper water bottle
WB-106579,2026-04-05T19:26:53Z,Tanmay Toolroom Private Limited,PAID,INR,Copper water bottle,2,3022.00,230.49,Mobile app,Web order - Copper water bottle
WB-106855,2026-04-05T14:24:26Z,Jashan Sports Goods Pvt Ltd,PAID,INR,Steel tiffin carrier,1,38933.00,2969.47,Web,Web order - Steel tiffin carrier
WB-107193,2026-04-05T08:46:40Z,Vaayu Organics Private Limited,PAID,INR,Trolley bag 24 inch,4,80697.00,6154.86,Marketplace,Web order - Trolley bag 24 inch
WB-107218,2026-04-05T09:27:40Z,Sanchit Hardware Depot Pvt Ltd,PAID,INR,Mixer jar spare,3,73893.00,5635.91,Phone order,Web order - Mixer jar spare
WB-107349,2026-04-05T14:03:54Z,Sohrab Auto Spares LLP,PAID,INR,Copper water bottle,4,4696.03,358.17,Marketplace,Web order - Copper water bottle
WB-107361,2026-04-05T18:18:40Z,Madhuban Nurseries Pvt Ltd,PAID,INR,Coir door mat,3,68268.00,5206.88,Phone order,Web order - Coir door mat
WB-107813,2026-04-05T12:24:46Z,Meghdoot Packaging LLP,PAID,INR,Mixer jar spare,3,56444.00,4305.05,Phone order,Web order - Mixer jar spare
WB-108013,2026-04-05T14:55:00Z,Devgiri Paints LLP,PAID,INR,Rubber foot mat,2,28953.00,2208.28,Mobile app,Web order - Rubber foot mat
WB-108130,2026-04-05T20:35:54Z,Ranjeet Timber Depot Pvt Ltd,PAID,INR,Coir door mat,1,56991.43,4346.80,Web,Web order - Coir door mat
WB-108302,2026-04-05T15:03:33Z,Utsav Bakers LLP,PAID,INR,Trolley bag 24 inch,4,81370.00,6206.19,Marketplace,Web order - Trolley bag 24 inch
WB-108537,2026-04-05T10:29:26Z,Ambar Cold Rooms Pvt Ltd,PAID,INR,Coir door mat,1,40517.00,3090.28,Web,Web order - Coir door mat
WB-108793,2026-04-05T20:09:42Z,Sitara Packaging Solutions Pvt Ltd,PAID,INR,Coir door mat,1,4704.68,358.83,Web,Web order - Coir door mat
WB-108942,2026-04-05T11:33:26Z,Chirag Battery House Pvt Ltd,PAID,INR,Steel tiffin carrier,3,11681.00,890.92,Phone order,Web order - Steel tiffin carrier
WB-108957,2026-04-05T12:06:46Z,Shubhankar Electricals LLP,PAID,INR,Steel tiffin carrier,3,16646.00,1269.61,Phone order,Web order - Steel tiffin carrier
WB-109446,2026-04-05T13:44:11Z,Naaz Fabrics Private Limited,PAID,INR,Copper water bottle,2,59371.54,4528.34,Mobile app,Web order - Copper water bottle
WB-109564,2026-04-05T16:27:40Z,Girnar Pipes and Fittings Pvt Ltd,PAID,INR,Mixer jar spare,1,46983.00,3583.45,Web,Web order - Mixer jar spare
WB-109686,2026-04-05T17:32:00Z,Vindhya Plastics Private Limited,PAID,INR,Rubber foot mat,2,18693.00,1425.74,Mobile app,Web order - Rubber foot mat
WB-104102,2026-04-06T20:56:06Z,Ekansh Glassworks Private Limited,PAID,INR,Trolley bag 24 inch,2,54155.00,4130.47,Mobile app,Web order - Trolley bag 24 inch
WB-104224,2026-04-06T09:13:40Z,Vindhya Plastics Private Limited,PAID,INR,Rubber foot mat,2,77331.00,5898.13,Mobile app,Web order - Rubber foot mat
WB-104238,2026-04-06T20:30:13Z,Nirvaan Agro Mills Pvt Ltd,PAID,INR,Coir door mat,3,17320.00,1321.02,Phone order,Web order - Coir door mat
WB-104342,2026-04-06T10:26:33Z,Madhuban Nurseries Pvt Ltd,PAID,INR,Coir door mat,3,46351.00,3535.25,Phone order,Web order - Coir door mat
WB-104777,2026-04-06T17:52:46Z,Kaveri Rubber Works Pvt Ltd,PAID,INR,Steel tiffin carrier,1,49451.00,3771.69,Web,Web order - Steel tiffin carrier
WB-105166,2026-04-06T12:24:26Z,Yamini Home Needs Pvt Ltd,PAID,INR,Mixer jar spare,1,37061.00,2826.69,Web,Web order - Mixer jar spare
WB-105305,2026-04-06T16:28:43Z,Kesari Handlooms Pvt Ltd,PAID,INR,Rubber foot mat,2,48059.51,3665.56,Mobile app,Web order - Rubber foot mat
WB-105509,2026-04-06T11:38:07Z,Chandravat Metals Private Limited,PAID,INR,Copper water bottle,4,69698.03,5315.95,Marketplace,Web order - Copper water bottle
WB-105631,2026-04-06T17:21:14Z,Barkat Stationers Private Limited,PAID,INR,Rubber foot mat,4,7108.64,542.18,Marketplace,Web order - Rubber foot mat
WB-105656,2026-04-06T15:29:06Z,Girnar Pipes and Fittings Pvt Ltd,PAID,INR,Mixer jar spare,1,74252.00,5663.29,Web,Web order - Mixer jar spare
WB-106067,2026-04-06T19:40:13Z,Tarangini Prints LLP,PAID,INR,Copper water bottle,2,18148.00,1384.17,Mobile app,Web order - Copper water bottle
WB-106205,2026-04-06T08:38:46Z,Bhavani Steel Trading Pvt Ltd,PAID,INR,Rubber foot mat,4,11588.00,883.83,Marketplace,Web order - Rubber foot mat
WB-106264,2026-04-06T19:03:33Z,Bhoomi Tiles and Sanitary LLP,PAID,INR,Rubber foot mat,4,71191.00,5429.82,Marketplace,Web order - Rubber foot mat
WB-106327,2026-04-06T20:50:20Z,Ojas Lighting Private Limited,PAID,INR,Coir door mat,3,66642.00,5082.86,Phone order,Web order - Coir door mat
WB-106521,2026-04-06T10:46:00Z,Shubhankar Electricals LLP,PAID,INR,Steel tiffin carrier,3,16776.00,1279.53,Phone order,Web order - Steel tiffin carrier
WB-106617,2026-04-06T17:44:10Z,Neelkanth Ceramics Pvt Ltd,PAID,INR,Steel tiffin carrier,3,91289.12,6962.73,Phone order,Web order - Steel tiffin carrier
WB-106677,2026-04-06T13:56:46Z,Ranjeet Timber Depot Pvt Ltd,PAID,INR,Coir door mat,1,1895.00,144.53,Web,Web order - Coir door mat
WB-106688,2026-04-06T18:21:13Z,Tanmay Toolroom Private Limited,PAID,INR,Copper water bottle,2,30766.00,2346.56,Mobile app,Web order - Copper water bottle
WB-107076,2026-04-06T13:09:23Z,Utsav Bakers LLP,PAID,INR,Trolley bag 24 inch,4,68087.49,5193.11,Marketplace,Web order - Trolley bag 24 inch
WB-107127,2026-04-06T09:01:26Z,Rukmini Provisions Private Limited,PAID,INR,Trolley bag 24 inch,4,84014.00,6407.85,Marketplace,Web order - Trolley bag 24 inch
WB-107235,2026-04-06T08:45:56Z,Suvarna Weaves LLP,PAID,INR,Trolley bag 24 inch,2,82132.08,6264.31,Mobile app,Web order - Trolley bag 24 inch
WB-107340,2026-04-06T17:26:33Z,Marudhar Furnishings LLP,PAID,INR,Trolley bag 24 inch,2,83323.00,6355.14,Mobile app,Web order - Trolley bag 24 inch
WB-107652,2026-04-06T15:58:54Z,Chandravat Metals Private Limited,PAID,INR,Copper water bottle,4,61775.84,4711.72,Marketplace,Web order - Copper water bottle
WB-107689,2026-04-06T09:33:26Z,Sitara Packaging Solutions Pvt Ltd,PAID,INR,Coir door mat,1,85157.00,6495.03,Web,Web order - Coir door mat
WB-107771,2026-04-06T14:24:46Z,Kalanjali Crafts Pvt Ltd,PAID,INR,Mixer jar spare,3,25556.00,1949.19,Phone order,Web order - Mixer jar spare
WB-107781,2026-04-06T18:57:28Z,Chirag Battery House Pvt Ltd,PAID,INR,Steel tiffin carrier,3,18197.06,1387.91,Phone order,Web order - Steel tiffin carrier
WB-107829,2026-04-06T10:46:20Z,Ambar Cold Rooms Pvt Ltd,PAID,INR,Coir door mat,1,57453.00,4382.01,Web,Web order - Coir door mat
WB-108209,2026-04-06T09:15:05Z,Sanchit Hardware Depot Pvt Ltd,PAID,INR,Mixer jar spare,3,76987.95,5871.96,Phone order,Web order - Mixer jar spare
WB-108553,2026-04-06T14:29:46Z,Marudhar Furnishings LLP,PAID,INR,Trolley bag 24 inch,2,4676.00,356.64,Mobile app,Web order - Trolley bag 24 inch
WB-108639,2026-04-06T16:35:13Z,Sohrab Auto Spares LLP,PAID,INR,Copper water bottle,4,68044.00,5189.80,Marketplace,Web order - Copper water bottle
WB-108656,2026-04-06T15:09:40Z,Anokhi Kitchenware Pvt Ltd,PAID,INR,Mixer jar spare,1,77619.00,5920.09,Web,Web order - Mixer jar spare
WB-108674,2026-04-06T12:09:40Z,Jashan Sports Goods Pvt Ltd,PAID,INR,Steel tiffin carrier,1,14088.00,1074.51,Web,Web order - Steel tiffin carrier
WB-108826,2026-04-06T13:56:46Z,Meghdoot Packaging LLP,PAID,INR,Mixer jar spare,3,29741.00,2268.38,Phone order,Web order - Mixer jar spare
WB-108848,2026-04-06T16:55:41Z,Devgiri Paints LLP,PAID,INR,Rubber foot mat,2,72211.84,5507.68,Mobile app,Web order - Rubber foot mat
WB-109122,2026-04-06T10:38:26Z,Ambar Cold Rooms Pvt Ltd,PAID,INR,Coir door mat,1,78434.00,5982.25,Web,Web order - Coir door mat
WB-109336,2026-04-06T14:41:20Z,Vaayu Organics Private Limited,PAID,INR,Trolley bag 24 inch,4,83715.00,6385.04,Marketplace,Web order - Trolley bag 24 inch
WB-109628,2026-04-06T20:44:54Z,Prithvi Seeds and Feeds Pvt Ltd,PAID,INR,Copper water bottle,4,9896.24,754.80,Marketplace,Web order - Copper water bottle
WB-109695,2026-04-06T19:17:34Z,Palashwood Interiors Pvt Ltd,PAID,INR,Steel tiffin carrier,1,69718.63,5317.52,Web,Web order - Steel tiffin carrier
WB-109697,2026-04-06T16:58:53Z,Naaz Fabrics Private Limited,PAID,INR,Copper water bottle,2,78226.00,5966.39,Mobile app,Web order - Copper water bottle
WB-104045,2026-04-07T08:43:26Z,Chandravat Metals Private Limited,PAID,INR,Copper water bottle,4,90080.00,6870.51,Marketplace,Web order - Copper water bottle
WB-104063,2026-04-07T18:19:06Z,Prithvi Seeds and Feeds Pvt Ltd,PAID,INR,Copper water bottle,4,21897.18,1670.12,Marketplace,Web order - Copper water bottle
WB-104076,2026-04-07T09:46:22Z,Ambar Cold Rooms Pvt Ltd,PAID,INR,Coir door mat,1,6604.88,503.76,Web,Web order - Coir door mat
WB-104994,2026-04-07T16:07:12Z,Girnar Pipes and Fittings Pvt Ltd,PAID,INR,Mixer jar spare,1,47401.58,3615.37,Web,Web order - Mixer jar spare
WB-105035,2026-04-07T16:35:13Z,Nirvaan Agro Mills Pvt Ltd,PAID,INR,Coir door mat,3,4162.00,317.44,Phone order,Web order - Coir door mat
WB-105127,2026-04-07T15:35:55Z,Meghdoot Packaging LLP,PAID,INR,Mixer jar spare,3,35814.45,2731.61,Phone order,Web order - Mixer jar spare
WB-105159,2026-04-07T16:26:16Z,Devgiri Paints LLP,PAID,INR,Rubber foot mat,2,25540.68,1948.02,Mobile app,Web order - Rubber foot mat
WB-105440,2026-04-07T12:32:40Z,Kalanjali Crafts Pvt Ltd,PAID,INR,Mixer jar spare,3,82146.00,6265.37,Phone order,Web order - Mixer jar spare
WB-105483,2026-04-07T10:01:46Z,Marudhar Furnishings LLP,PAID,INR,Trolley bag 24 inch,2,37292.00,2844.31,Mobile app,Web order - Trolley bag 24 inch
WB-105639,2026-04-07T20:08:17Z,Sanchit Hardware Depot Pvt Ltd,PAID,INR,Mixer jar spare,3,33712.71,2571.31,Phone order,Web order - Mixer jar spare
WB-105679,2026-04-07T16:44:13Z,Vaayu Organics Private Limited,PAID,INR,Trolley bag 24 inch,4,90400.00,6894.92,Marketplace,Web order - Trolley bag 24 inch
WB-105852,2026-04-07T16:16:31Z,Sohrab Auto Spares LLP,PAID,INR,Copper water bottle,4,52776.95,4025.36,Marketplace,Web order - Copper water bottle
WB-106006,2026-04-07T19:01:24Z,Jashan Sports Goods Pvt Ltd,PAID,INR,Steel tiffin carrier,1,91478.54,6977.18,Web,Web order - Steel tiffin carrier
WB-106122,2026-04-07T08:56:03Z,Naaz Fabrics Private Limited,PAID,INR,Copper water bottle,2,17861.49,1362.32,Mobile app,Web order - Copper water bottle
WB-106170,2026-04-07T17:43:06Z,Utsav Bakers LLP,PAID,INR,Trolley bag 24 inch,4,60401.00,4606.86,Marketplace,Web order - Trolley bag 24 inch
WB-106569,2026-04-07T10:15:46Z,Chirag Battery House Pvt Ltd,PAID,INR,Steel tiffin carrier,3,8465.00,645.64,Phone order,Web order - Steel tiffin carrier
WB-106730,2026-04-07T17:46:20Z,Shubhankar Electricals LLP,PAID,INR,Steel tiffin carrier,3,46104.00,3516.41,Phone order,Web order - Steel tiffin carrier
WB-106981,2026-04-07T10:14:41Z,Kesari Handlooms Pvt Ltd,PAID,INR,Rubber foot mat,2,79296.64,6048.05,Mobile app,Web order - Rubber foot mat
WB-107065,2026-04-07T12:27:58Z,Tarangini Prints LLP,PAID,INR,Copper water bottle,2,61966.76,4726.28,Mobile app,Web order - Copper water bottle
WB-107355,2026-04-07T10:38:06Z,Kalanjali Crafts Pvt Ltd,PAID,INR,Mixer jar spare,3,69698.00,5315.95,Phone order,Web order - Mixer jar spare
WB-107571,2026-04-07T12:04:38Z,Ranjeet Timber Depot Pvt Ltd,PAID,INR,Coir door mat,1,2699.34,205.88,Web,Web order - Coir door mat
WB-107594,2026-04-07T08:46:00Z,Yamini Home Needs Pvt Ltd,PAID,INR,Mixer jar spare,1,9990.00,761.95,Web,Web order - Mixer jar spare
WB-107729,2026-04-07T11:00:20Z,Kaveri Rubber Works Pvt Ltd,PAID,INR,Steel tiffin carrier,1,8385.00,639.53,Web,Web order - Steel tiffin carrier
WB-107772,2026-04-07T13:09:22Z,Barkat Stationers Private Limited,PAID,INR,Rubber foot mat,4,67759.87,5168.13,Marketplace,Web order - Rubber foot mat
WB-107799,2026-04-07T19:32:20Z,Neelkanth Ceramics Pvt Ltd,PAID,INR,Steel tiffin carrier,3,21111.00,1610.16,Phone order,Web order - Steel tiffin carrier
WB-108015,2026-04-07T08:18:20Z,Sitara Packaging Solutions Pvt Ltd,PAID,INR,Coir door mat,1,43620.00,3326.95,Web,Web order - Coir door mat
WB-108256,2026-04-07T18:25:31Z,Bhoomi Tiles and Sanitary LLP,PAID,INR,Rubber foot mat,4,7226.15,551.15,Marketplace,Web order - Rubber foot mat
WB-108325,2026-04-07T12:36:18Z,Palashwood Interiors Pvt Ltd,PAID,INR,Steel tiffin carrier,1,675.56,51.53,Web,Web order - Steel tiffin carrier
WB-108350,2026-04-07T18:50:00Z,Bhoomi Tiles and Sanitary LLP,PAID,INR,Rubber foot mat,4,9351.00,713.21,Marketplace,Web order - Rubber foot mat
WB-108392,2026-04-07T20:06:28Z,Anokhi Kitchenware Pvt Ltd,PAID,INR,Mixer jar spare,1,39968.04,3048.41,Web,Web order - Mixer jar spare
WB-108747,2026-04-07T19:30:30Z,Madhuban Nurseries Pvt Ltd,PAID,INR,Coir door mat,3,25728.30,1962.33,Phone order,Web order - Coir door mat
WB-108803,2026-04-07T19:40:33Z,Tanmay Toolroom Private Limited,PAID,INR,Copper water bottle,2,18694.00,1425.81,Mobile app,Web order - Copper water bottle
WB-109055,2026-04-07T10:39:10Z,Palashwood Interiors Pvt Ltd,PAID,INR,Steel tiffin carrier,1,44402.70,3386.65,Web,Web order - Steel tiffin carrier
WB-109241,2026-04-07T11:00:04Z,Ekansh Glassworks Private Limited,PAID,INR,Trolley bag 24 inch,2,16941.72,1292.17,Mobile app,Web order - Trolley bag 24 inch
WB-109401,2026-04-07T11:24:24Z,Suvarna Weaves LLP,PAID,INR,Trolley bag 24 inch,2,50983.93,3888.60,Mobile app,Web order - Trolley bag 24 inch
WB-109452,2026-04-07T08:49:53Z,Ojas Lighting Private Limited,PAID,INR,Coir door mat,3,46744.00,3565.22,Phone order,Web order - Coir door mat
WB-109498,2026-04-07T15:53:13Z,Vindhya Plastics Private Limited,PAID,INR,Rubber foot mat,2,31441.00,2398.04,Mobile app,Web order - Rubber foot mat
WB-109504,2026-04-07T16:19:05Z,Rukmini Provisions Private Limited,PAID,INR,Trolley bag 24 inch,4,49672.96,3788.62,Marketplace,Web order - Trolley bag 24 inch
WB-109792,2026-04-07T16:25:11Z,Bhavani Steel Trading Pvt Ltd,PAID,INR,Rubber foot mat,4,12179.15,928.92,Marketplace,Web order - Rubber foot mat
WB-104039,2026-04-08T08:12:13Z,Sohrab Auto Spares LLP,PAID,INR,Copper water bottle,4,40000.00,3050.85,Marketplace,Web order - Copper water bottle
WB-104142,2026-04-08T13:36:20Z,Kalanjali Crafts Pvt Ltd,PAID,INR,Mixer jar spare,3,20004.00,1525.73,Phone order,Web order - Mixer jar spare
WB-104263,2026-04-08T15:23:40Z,Tarangini Prints LLP,PAID,INR,Copper water bottle,2,40602.00,3096.76,Mobile app,Web order - Copper water bottle
WB-104377,2026-04-08T15:53:13Z,Palashwood Interiors Pvt Ltd,PAID,INR,Steel tiffin carrier,1,29803.00,2273.11,Web,Web order - Steel tiffin carrier
WB-104466,2026-04-08T10:09:00Z,Devgiri Paints LLP,PAID,INR,Rubber foot mat,2,60264.00,4596.41,Mobile app,Web order - Rubber foot mat
WB-104774,2026-04-08T16:14:42Z,Sanchit Hardware Depot Pvt Ltd,PAID,INR,Mixer jar spare,3,67222.28,5127.12,Phone order,Web order - Mixer jar spare
WB-104852,2026-04-08T09:47:26Z,Kesari Handlooms Pvt Ltd,PAID,INR,Rubber foot mat,2,12104.00,923.19,Mobile app,Web order - Rubber foot mat
WB-105036,2026-04-08T09:19:44Z,Suvarna Weaves LLP,PAID,INR,Trolley bag 24 inch,2,39345.74,3000.95,Mobile app,Web order - Trolley bag 24 inch
WB-105058,2026-04-08T10:20:48Z,Sitara Packaging Solutions Pvt Ltd,PAID,INR,Coir door mat,1,5766.85,439.84,Web,Web order - Coir door mat
WB-105106,2026-04-08T11:10:26Z,Chirag Battery House Pvt Ltd,PAID,INR,Steel tiffin carrier,3,37808.00,2883.66,Phone order,Web order - Steel tiffin carrier
WB-105151,2026-04-08T08:55:40Z,Marudhar Furnishings LLP,PAID,INR,Trolley bag 24 inch,2,28524.00,2175.56,Mobile app,Web order - Trolley bag 24 inch
WB-105379,2026-04-08T15:46:20Z,Utsav Bakers LLP,PAID,INR,Trolley bag 24 inch,4,78630.00,5997.20,Marketplace,Web order - Trolley bag 24 inch
WB-105395,2026-04-08T09:10:46Z,Vindhya Plastics Private Limited,PAID,INR,Rubber foot mat,2,23378.00,1783.07,Mobile app,Web order - Rubber foot mat
WB-105742,2026-04-08T19:49:32Z,Naaz Fabrics Private Limited,PAID,INR,Copper water bottle,2,32696.18,2493.78,Mobile app,Web order - Copper water bottle
WB-105807,2026-04-08T15:23:20Z,Barkat Stationers Private Limited,PAID,INR,Rubber foot mat,4,90834.00,6928.02,Marketplace,Web order - Rubber foot mat
WB-106105,2026-04-08T08:31:55Z,Bhoomi Tiles and Sanitary LLP,PAID,INR,Rubber foot mat,4,21360.47,1629.19,Marketplace,Web order - Rubber foot mat
WB-106127,2026-04-08T15:21:15Z,Nirvaan Agro Mills Pvt Ltd,PAID,INR,Coir door mat,3,40781.25,3110.43,Phone order,Web order - Coir door mat
WB-106329,2026-04-08T15:50:20Z,Meghdoot Packaging LLP,PAID,INR,Mixer jar spare,3,43008.00,3280.27,Phone order,Web order - Mixer jar spare
WB-106651,2026-04-08T11:07:13Z,Shubhankar Electricals LLP,PAID,INR,Steel tiffin carrier,3,53743.00,4099.04,Phone order,Web order - Steel tiffin carrier
WB-106700,2026-04-08T18:47:46Z,Ojas Lighting Private Limited,PAID,INR,Coir door mat,3,64598.00,4926.97,Phone order,Web order - Coir door mat
WB-106702,2026-04-08T14:34:09Z,Girnar Pipes and Fittings Pvt Ltd,PAID,INR,Mixer jar spare,1,45930.88,3503.20,Web,Web order - Mixer jar spare
WB-106804,2026-04-08T13:03:36Z,Ranjeet Timber Depot Pvt Ltd,PAID,INR,Coir door mat,1,22589.29,1722.91,Web,Web order - Coir door mat
WB-107267,2026-04-08T15:56:23Z,Vaayu Organics Private Limited,PAID,INR,Trolley bag 24 inch,4,50956.90,3886.54,Marketplace,Web order - Trolley bag 24 inch
WB-107399,2026-04-08T13:36:36Z,Ambar Cold Rooms Pvt Ltd,PAID,INR,Coir door mat,1,43715.88,3334.26,Web,Web order - Coir door mat
WB-107437,2026-04-08T20:06:08Z,Tanmay Toolroom Private Limited,PAID,INR,Copper water bottle,2,59405.65,4530.94,Mobile app,Web order - Copper water bottle
WB-107650,2026-04-08T09:06:29Z,Ekansh Glassworks Private Limited,PAID,INR,Trolley bag 24 inch,2,78531.28,5989.67,Mobile app,Web order - Trolley bag 24 inch
WB-107822,2026-04-08T14:58:12Z,Ojas Lighting Private Limited,PAID,INR,Coir door mat,3,69365.18,5290.56,Phone order,Web order - Coir door mat
WB-107890,2026-04-08T09:01:47Z,Anokhi Kitchenware Pvt Ltd,PAID,INR,Mixer jar spare,1,78499.43,5987.24,Web,Web order - Mixer jar spare
WB-108346,2026-04-08T15:00:20Z,Tarangini Prints LLP,PAID,INR,Copper water bottle,2,90261.60,6884.36,Mobile app,Web order - Copper water bottle
WB-108361,2026-04-08T17:50:37Z,Yamini Home Needs Pvt Ltd,PAID,INR,Mixer jar spare,1,72523.13,5531.43,Web,Web order - Mixer jar spare
WB-108507,2026-04-08T16:07:32Z,Prithvi Seeds and Feeds Pvt Ltd,PAID,INR,Copper water bottle,4,88733.77,6767.83,Marketplace,Web order - Copper water bottle
WB-108818,2026-04-08T11:23:20Z,Jashan Sports Goods Pvt Ltd,PAID,INR,Steel tiffin carrier,1,276.00,21.05,Web,Web order - Steel tiffin carrier
WB-109016,2026-04-08T15:23:20Z,Bhavani Steel Trading Pvt Ltd,PAID,INR,Rubber foot mat,4,68721.00,5241.43,Marketplace,Web order - Rubber foot mat
WB-109168,2026-04-08T10:55:40Z,Utsav Bakers LLP,PAID,INR,Trolley bag 24 inch,4,14835.00,1131.48,Marketplace,Web order - Trolley bag 24 inch
WB-109265,2026-04-08T13:37:24Z,Neelkanth Ceramics Pvt Ltd,PAID,INR,Steel tiffin carrier,3,20097.73,1532.88,Phone order,Web order - Steel tiffin carrier
WB-109340,2026-04-08T08:06:47Z,Rukmini Provisions Private Limited,PAID,INR,Trolley bag 24 inch,4,4548.23,346.90,Marketplace,Web order - Trolley bag 24 inch
WB-109373,2026-04-08T14:07:13Z,Madhuban Nurseries Pvt Ltd,PAID,INR,Coir door mat,3,28003.00,2135.82,Phone order,Web order - Coir door mat
WB-109612,2026-04-08T16:21:33Z,Kaveri Rubber Works Pvt Ltd,PAID,INR,Steel tiffin carrier,1,83493.99,6368.19,Web,Web order - Steel tiffin carrier
WB-109737,2026-04-08T19:26:54Z,Chandravat Metals Private Limited,PAID,INR,Copper water bottle,4,23497.02,1792.15,Marketplace,Web order - Copper water bottle
WB-104075,2026-04-09T16:58:53Z,Kesari Handlooms Pvt Ltd,PAID,INR,Rubber foot mat,2,15818.20,1206.47,Mobile app,Web order - Rubber foot mat
WB-104388,2026-04-09T09:15:07Z,Yamini Home Needs Pvt Ltd,PAID,INR,Mixer jar spare,1,59718.82,4554.83,Web,Web order - Mixer jar spare
WB-104463,2026-04-09T16:58:33Z,Kaveri Rubber Works Pvt Ltd,PAID,INR,Steel tiffin carrier,1,24445.00,1864.45,Web,Web order - Steel tiffin carrier
WB-104485,2026-04-09T10:29:06Z,Marudhar Furnishings LLP,PAID,INR,Trolley bag 24 inch,2,52256.00,3985.63,Mobile app,Web order - Trolley bag 24 inch
WB-104627,2026-04-09T17:58:15Z,Palashwood Interiors Pvt Ltd,PAID,INR,Steel tiffin carrier,1,25209.45,1922.75,Web,Web order - Steel tiffin carrier
WB-104649,2026-04-09T15:11:28Z,Ojas Lighting Private Limited,PAID,INR,Coir door mat,3,6335.05,483.18,Phone order,Web order - Coir door mat
WB-105013,2026-04-09T15:42:26Z,Chandravat Metals Private Limited,PAID,INR,Copper water bottle,4,32703.18,2494.31,Marketplace,Web order - Copper water bottle
WB-105053,2026-04-09T12:52:06Z,Barkat Stationers Private Limited,PAID,INR,Rubber foot mat,4,65675.00,5009.11,Marketplace,Web order - Rubber foot mat
WB-105153,2026-04-09T15:30:53Z,Naaz Fabrics Private Limited,PAID,INR,Copper water bottle,2,32452.00,2475.15,Mobile app,Web order - Copper water bottle
WB-105455,2026-04-09T19:36:00Z,Ambar Cold Rooms Pvt Ltd,PAID,INR,Coir door mat,1,66024.00,5035.73,Web,Web order - Coir door mat
WB-105463,2026-04-09T14:04:39Z,Utsav Bakers LLP,PAID,INR,Trolley bag 24 inch,4,2441.97,186.25,Marketplace,Web order - Trolley bag 24 inch
WB-105590,2026-04-09T16:47:07Z,Sohrab Auto Spares LLP,PAID,INR,Copper water bottle,4,41322.81,3151.74,Marketplace,Web order - Copper water bottle
WB-105643,2026-04-09T13:47:06Z,Bhavani Steel Trading Pvt Ltd,PAID,INR,Rubber foot mat,4,56252.00,4290.41,Marketplace,Web order - Rubber foot mat
WB-105905,2026-04-09T13:50:39Z,Nirvaan Agro Mills Pvt Ltd,PAID,INR,Coir door mat,3,42173.39,3216.61,Phone order,Web order - Coir door mat
WB-105931,2026-04-09T13:16:13Z,Vaayu Organics Private Limited,PAID,INR,Trolley bag 24 inch,4,8356.00,637.32,Marketplace,Web order - Trolley bag 24 inch
WB-106047,2026-04-09T11:21:11Z,Shubhankar Electricals LLP,PAID,INR,Steel tiffin carrier,3,61841.13,4716.70,Phone order,Web order - Steel tiffin carrier
WB-106049,2026-04-09T17:29:26Z,Girnar Pipes and Fittings Pvt Ltd,PAID,INR,Mixer jar spare,1,30806.00,2349.61,Web,Web order - Mixer jar spare
WB-106502,2026-04-09T18:21:53Z,Ranjeet Timber Depot Pvt Ltd,PAID,INR,Coir door mat,1,35134.00,2679.71,Web,Web order - Coir door mat
WB-106563,2026-04-09T15:02:09Z,Prithvi Seeds and Feeds Pvt Ltd,PAID,INR,Copper water bottle,4,75980.08,5795.09,Marketplace,Web order - Copper water bottle
WB-106767,2026-04-09T10:41:58Z,Chirag Battery House Pvt Ltd,PAID,INR,Steel tiffin carrier,3,43552.74,3321.82,Phone order,Web order - Steel tiffin carrier
WB-106789,2026-04-09T11:32:22Z,Suvarna Weaves LLP,PAID,INR,Trolley bag 24 inch,2,14699.46,1121.15,Mobile app,Web order - Trolley bag 24 inch
WB-107052,2026-04-09T08:55:00Z,Yamini Home Needs Pvt Ltd,PAID,INR,Mixer jar spare,1,29070.00,2217.20,Web,Web order - Mixer jar spare
WB-107169,2026-04-09T19:15:06Z,Neelkanth Ceramics Pvt Ltd,PAID,INR,Steel tiffin carrier,3,76847.60,5861.26,Phone order,Web order - Steel tiffin carrier
WB-107191,2026-04-09T14:09:21Z,Tanmay Toolroom Private Limited,PAID,INR,Copper water bottle,2,25405.84,1937.73,Mobile app,Web order - Copper water bottle
WB-107214,2026-04-09T09:50:20Z,Neelkanth Ceramics Pvt Ltd,PAID,INR,Steel tiffin carrier,3,41487.00,3164.26,Phone order,Web order - Steel tiffin carrier
WB-107642,2026-04-09T17:21:52Z,Sitara Packaging Solutions Pvt Ltd,PAID,INR,Coir door mat,1,65436.97,4990.96,Web,Web order - Coir door mat
WB-107967,2026-04-09T19:20:06Z,Anokhi Kitchenware Pvt Ltd,PAID,INR,Mixer jar spare,1,8957.00,683.16,Web,Web order - Mixer jar spare
WB-108080,2026-04-09T10:46:00Z,Madhuban Nurseries Pvt Ltd,PAID,INR,Coir door mat,3,22509.00,1716.79,Phone order,Web order - Coir door mat
WB-108233,2026-04-09T11:24:46Z,Jashan Sports Goods Pvt Ltd,PAID,INR,Steel tiffin carrier,1,89789.00,6848.31,Web,Web order - Steel tiffin carrier
WB-108384,2026-04-09T13:11:31Z,Bhoomi Tiles and Sanitary LLP,PAID,INR,Rubber foot mat,4,69585.33,5307.36,Marketplace,Web order - Rubber foot mat
WB-108460,2026-04-09T18:35:13Z,Meghdoot Packaging LLP,PAID,INR,Mixer jar spare,3,33880.00,2584.07,Phone order,Web order - Mixer jar spare
WB-108544,2026-04-09T19:06:26Z,Kesari Handlooms Pvt Ltd,PAID,INR,Rubber foot mat,2,39968.00,3048.41,Mobile app,Web order - Rubber foot mat
WB-108577,2026-04-09T10:25:09Z,Kalanjali Crafts Pvt Ltd,PAID,INR,Mixer jar spare,3,1649.08,125.78,Phone order,Web order - Mixer jar spare
WB-108647,2026-04-09T20:50:40Z,Devgiri Paints LLP,PAID,INR,Rubber foot mat,2,10677.00,814.35,Mobile app,Web order - Rubber foot mat
WB-108771,2026-04-09T08:29:26Z,Rukmini Provisions Private Limited,PAID,INR,Trolley bag 24 inch,4,32093.00,2447.77,Marketplace,Web order - Trolley bag 24 inch
WB-108780,2026-04-09T08:30:30Z,Sanchit Hardware Depot Pvt Ltd,PAID,INR,Mixer jar spare,3,13185.90,1005.70,Phone order,Web order - Mixer jar spare
WB-108795,2026-04-09T12:21:53Z,Vindhya Plastics Private Limited,PAID,INR,Rubber foot mat,2,31975.00,2438.77,Mobile app,Web order - Rubber foot mat
WB-109805,2026-04-09T15:29:46Z,Tarangini Prints LLP,PAID,INR,Copper water bottle,2,78620.00,5996.44,Mobile app,Web order - Copper water bottle
WB-109851,2026-04-09T09:56:06Z,Ekansh Glassworks Private Limited,PAID,INR,Trolley bag 24 inch,2,49475.00,3773.52,Mobile app,Web order - Trolley bag 24 inch
WB-104010,2026-04-10T16:35:53Z,Chandravat Metals Private Limited,PAID,INR,Copper water bottle,4,37195.00,2836.91,Marketplace,Web order - Copper water bottle
WB-104153,2026-04-10T08:59:36Z,Prithvi Seeds and Feeds Pvt Ltd,PAID,INR,Copper water bottle,4,2144.88,163.59,Marketplace,Web order - Copper water bottle
WB-104607,2026-04-10T09:21:55Z,Bhoomi Tiles and Sanitary LLP,PAID,INR,Rubber foot mat,4,23153.25,1765.93,Marketplace,Web order - Rubber foot mat
WB-104621,2026-04-10T20:33:26Z,Jashan Sports Goods Pvt Ltd,PAID,INR,Steel tiffin carrier,1,35783.00,2729.21,Web,Web order - Steel tiffin carrier
WB-104746,2026-04-10T10:17:15Z,Bhavani Steel Trading Pvt Ltd,PAID,INR,Rubber foot mat,4,86184.46,6573.39,Marketplace,Web order - Rubber foot mat
WB-104908,2026-04-10T17:33:26Z,Rukmini Provisions Private Limited,PAID,INR,Trolley bag 24 inch,4,9926.00,757.07,Marketplace,Web order - Trolley bag 24 inch
WB-104964,2026-04-10T19:14:01Z,Tarangini Prints LLP,PAID,INR,Copper water bottle,2,87564.64,6678.66,Mobile app,Web order - Copper water bottle
WB-104965,2026-04-10T20:14:44Z,Barkat Stationers Private Limited,PAID,INR,Rubber foot mat,4,56060.53,4275.80,Marketplace,Web order - Rubber foot mat
WB-105039,2026-04-10T20:04:40Z,Vindhya Plastics Private Limited,PAID,INR,Rubber foot mat,2,22800.00,1738.98,Mobile app,Web order - Rubber foot mat
WB-105048,2026-04-10T10:10:43Z,Girnar Pipes and Fittings Pvt Ltd,PAID,INR,Mixer jar spare,1,87002.51,6635.78,Web,Web order - Mixer jar spare
WB-105095,2026-04-10T09:13:00Z,Ojas Lighting Private Limited,PAID,INR,Coir door mat,3,18090.00,1379.75,Phone order,Web order - Coir door mat
WB-105653,2026-04-10T19:06:26Z,Ranjeet Timber Depot Pvt Ltd,PAID,INR,Coir door mat,1,21950.00,1674.15,Web,Web order - Coir door mat
WB-105916,2026-04-10T11:40:33Z,Kaveri Rubber Works Pvt Ltd,PAID,INR,Steel tiffin carrier,1,42328.00,3228.41,Web,Web order - Steel tiffin carrier
WB-105978,2026-04-10T10:01:46Z,Vaayu Organics Private Limited,PAID,INR,Trolley bag 24 inch,4,38111.00,2906.77,Marketplace,Web order - Trolley bag 24 inch
WB-106029,2026-04-10T15:40:13Z,Sohrab Auto Spares LLP,PAID,INR,Copper water bottle,4,68458.00,5221.37,Marketplace,Web order - Copper water bottle
WB-106455,2026-04-10T09:20:06Z,Ekansh Glassworks Private Limited,PAID,INR,Trolley bag 24 inch,2,416.00,31.73,Mobile app,Web order - Trolley bag 24 inch
WB-106565,2026-04-10T20:24:46Z,Ranjeet Timber Depot Pvt Ltd,PAID,INR,Coir door mat,1,77036.00,5875.63,Web,Web order - Coir door mat
WB-106597,2026-04-10T12:25:29Z,Meghdoot Packaging LLP,PAID,INR,Mixer jar spare,3,80725.47,6157.03,Phone order,Web order - Mixer jar spare
WB-106795,2026-04-10T10:30:31Z,Palashwood Interiors Pvt Ltd,PAID,INR,Steel tiffin carrier,1,91880.15,7007.81,Web,Web order - Steel tiffin carrier
WB-106992,2026-04-10T15:29:26Z,Prithvi Seeds and Feeds Pvt Ltd,PAID,INR,Copper water bottle,4,29753.00,2269.30,Marketplace,Web order - Copper water bottle
WB-107243,2026-04-10T13:26:13Z,Devgiri Paints LLP,PAID,INR,Rubber foot mat,2,60196.00,4591.22,Mobile app,Web order - Rubber foot mat
WB-107710,2026-04-10T16:12:13Z,Kalanjali Crafts Pvt Ltd,PAID,INR,Mixer jar spare,3,84343.00,6432.94,Phone order,Web order - Mixer jar spare
WB-107850,2026-04-10T12:46:00Z,Neelkanth Ceramics Pvt Ltd,PAID,INR,Steel tiffin carrier,3,89901.00,6856.86,Phone order,Web order - Steel tiffin carrier
WB-107985,2026-04-10T16:18:40Z,Sitara Packaging Solutions Pvt Ltd,PAID,INR,Coir door mat,1,67215.00,5126.57,Web,Web order - Coir door mat
WB-108055,2026-04-10T14:31:56Z,Suvarna Weaves LLP,PAID,INR,Trolley bag 24 inch,2,52693.10,4018.97,Mobile app,Web order - Trolley bag 24 inch
WB-108107,2026-04-10T10:15:46Z,Madhuban Nurseries Pvt Ltd,PAID,INR,Coir door mat,3,1913.00,145.91,Phone order,Web order - Coir door mat
WB-108333,2026-04-10T17:59:37Z,Utsav Bakers LLP,PAID,INR,Trolley bag 24 inch,4,48851.31,3725.95,Marketplace,Web order - Trolley bag 24 inch
WB-108386,2026-04-10T17:13:20Z,Naaz Fabrics Private Limited,PAID,INR,Copper water bottle,2,48073.21,3666.60,Mobile app,Web order - Copper water bottle
WB-108473,2026-04-10T11:03:33Z,Nirvaan Agro Mills Pvt Ltd,PAID,INR,Coir door mat,3,71893.00,5483.36,Phone order,Web order - Coir door mat
WB-108519,2026-04-10T08:06:06Z,Sanchit Hardware Depot Pvt Ltd,PAID,INR,Mixer jar spare,3,78968.00,6022.98,Phone order,Web order - Mixer jar spare
WB-108784,2026-04-10T16:47:46Z,Tanmay Toolroom Private Limited,PAID,INR,Copper water bottle,2,74192.00,5658.71,Mobile app,Web order - Copper water bottle
WB-108807,2026-04-10T08:10:24Z,Anokhi Kitchenware Pvt Ltd,PAID,INR,Mixer jar spare,1,16443.73,1254.18,Web,Web order - Mixer jar spare
WB-108974,2026-04-10T20:50:40Z,Chirag Battery House Pvt Ltd,PAID,INR,Steel tiffin carrier,3,90939.00,6936.03,Phone order,Web order - Steel tiffin carrier
WB-109014,2026-04-10T11:10:46Z,Yamini Home Needs Pvt Ltd,PAID,INR,Mixer jar spare,1,30983.00,2363.11,Web,Web order - Mixer jar spare
WB-109032,2026-04-10T12:07:52Z,Kesari Handlooms Pvt Ltd,PAID,INR,Rubber foot mat,2,15593.18,1189.31,Mobile app,Web order - Rubber foot mat
WB-109360,2026-04-10T16:32:00Z,Ambar Cold Rooms Pvt Ltd,PAID,INR,Coir door mat,1,16821.00,1282.96,Web,Web order - Coir door mat
WB-109574,2026-04-10T16:52:46Z,Marudhar Furnishings LLP,PAID,INR,Trolley bag 24 inch,2,48398.00,3691.37,Mobile app,Web order - Trolley bag 24 inch
WB-109821,2026-04-10T19:56:06Z,Shubhankar Electricals LLP,PAID,INR,Steel tiffin carrier,3,90776.00,6923.59,Phone order,Web order - Steel tiffin carrier
WB-106988,2026-04-14T16:01:06Z,Ojas Lighting Private Limited,PAID,INR,Track light spares,1,9875.00,753.18,Mobile app,Track light spares
WB-107455,2026-04-15T12:12:13Z,Yamini Home Needs Pvt Ltd,PAID,INR,Storage rack flat pack,1,14260.00,1087.63,Phone order,Storage rack flat pack
