Txn Id,Merchant Ref No,Payer VPA,Payer Name,Txn Date,Credit Date,Settlement Utr,Txn Amount,MDR,GST,Net Amount,Refund Amount,Status,Remarks
UPI270883517977,GLX-204063,suvarna06@okhdfcbank,Suvarna Weaves LLP,01/03/2026 09:13,02/03/2026,AXISUPI260302700,"₹12,903.00",₹258.06,₹46.45,"₹12,598.49",,SUCCESS,UPI collect for GLX-204063 Rework charges billed
UPI332580524864,GLX-204213,sitara66@okaxis,Sitara Packaging Solutions Pvt Ltd,01/03/2026 17:33,02/03/2026,AXISUPI260302300,"₹30,674.00",₹613.48,₹110.43,"₹29,950.09",,SUCCESS,UPI collect for GLX-204213 Warehouse handling recovery
UPI905689241973,GLX-204239,kaveri58@okicici,Kaveri Rubber Works Pvt Ltd,01/03/2026 17:04,03/03/2026,AXISUPI260303875,"₹81,151.75","₹1,623.04",₹292.15,"₹79,236.56",,SUCCESS,UPI collect for GLX-204239 Bulk despatch schedule B
UPI315849643744,GLX-204337,naaz01@okhdfcbank,Naaz Fabrics Private Limited,01/03/2026 20:27,02/03/2026,AXISUPI260302700,"₹45,267.00",₹905.34,₹162.96,"₹44,198.70",,SUCCESS,UPI collect for GLX-204337 Design retainer billing
UPI122610775110,GLX-204727,shubhankar42@ybl,Shubhankar Electricals LLP,01/03/2026 17:03,02/03/2026,AXISUPI260302800,"₹71,503.00","₹1,430.06",₹257.41,"₹69,705.53",,SUCCESS,UPI collect for GLX-204727 Mould development charges
UPI172564073142,GLX-204875,yamini54@okaxis,Yamini Home Needs Pvt Ltd,01/03/2026 16:16,02/03/2026,AXISUPI260302552,"₹62,113.52","₹1,242.27",₹223.61,"₹60,647.64",,SUCCESS,UPI collect for GLX-204875 Export documentation recovery
UPI402774500433,GLX-204877,neelkanth26@okaxis,Neelkanth Ceramics Pvt Ltd,01/03/2026 09:44,02/03/2026,AXISUPI260302624,"₹76,469.24","₹1,529.38",₹275.29,"₹74,664.57",,SUCCESS,UPI collect for GLX-204877 Machinery hire charges
UPI484073089134,GLX-204963,ekansh24@ybl,Ekansh Glassworks Private Limited,01/03/2026 12:27,02/03/2026,AXISUPI260302998,"₹21,671.98",₹433.44,₹78.02,"₹21,160.52",,SUCCESS,UPI collect for GLX-204963 Labelling job billing
UPI484114799133,GLX-205117,meghdoot55@okaxis,Meghdoot Packaging LLP,01/03/2026 14:52,02/03/2026,AXISUPI260302600,"₹57,992.00","₹1,159.84",₹208.77,"₹56,623.39",,SUCCESS,UPI collect for GLX-205117 Job work conversion charges
UPI318098927357,GLX-205148,barkat66@okhdfcbank,Barkat Stationers Private Limited,01/03/2026 17:23,02/03/2026,AXISUPI260302100,"₹83,151.00","₹1,663.02",₹299.34,"₹81,188.64",,SUCCESS,UPI collect for GLX-205148 Tooling amortisation billing
UPI615678325053,GLX-205414,ranjeet03@oksbi,Ranjeet Timber Depot Pvt Ltd,01/03/2026 17:07,03/03/2026,AXISUPI260303255,"₹22,519.55",₹450.39,₹81.07,"₹21,988.09",,SUCCESS,UPI collect for GLX-205414 Spare kit despatch
UPI600064889703,GLX-205463,kalanjali61@okhdfcbank,Kalanjali Crafts Pvt Ltd,01/03/2026 18:50,25/03/2026,AXISUPI260325700,"₹41,019.00",₹820.38,₹147.67,"₹40,050.95",,SUCCESS,UPI collect for GLX-205463 Job work conversion charges
UPI919900905222,GLX-205830,sanchit88@okhdfcbank,Sanchit Hardware Depot Pvt Ltd,01/03/2026 13:46,02/03/2026,AXISUPI260302700,"₹9,600.00",₹192.00,₹34.56,"₹9,373.44",,SUCCESS,UPI collect for GLX-205830 Site erection charges
UPI365982312537,GLX-206584,vaayu15@okaxis,Vaayu Organics Private Limited,01/03/2026 17:20,02/03/2026,AXISUPI260302600,"₹26,195.00",₹523.90,₹94.30,"₹25,576.80",,SUCCESS,UPI collect for GLX-206584 Scrap sale realisation
UPI101716184256,GLX-206948,jashan02@okkotak,Jashan Sports Goods Pvt Ltd,01/03/2026 11:30,03/03/2026,AXISUPI260303679,"₹13,037.79",₹260.76,₹46.94,"₹12,730.09",,SUCCESS,UPI collect for GLX-206948 Contract manufacturing charges
UPI807893223156,GLX-207029,kesari49@ybl,Kesari Handlooms Pvt Ltd,01/03/2026 11:16,02/03/2026,AXISUPI260302500,"₹93,298.00","₹1,865.96",₹335.87,"₹91,096.17",,SUCCESS,UPI collect for GLX-207029 Freight recovery billing
UPI408819548602,GLX-207042,girnar34@oksbi,Girnar Pipes and Fittings Pvt Ltd,01/03/2026 08:05,03/03/2026,AXISUPI260303171,"₹45,513.71",₹910.27,₹163.85,"₹44,439.59",,SUCCESS,UPI collect for GLX-207042 Secondary transport recovery
UPI862784170901,GLX-207114,ojas96@okhdfcbank,Ojas Lighting Private Limited,01/03/2026 12:41,02/03/2026,AXISUPI260302100,"₹85,392.00","₹1,707.84",₹307.41,"₹83,376.75",,SUCCESS,UPI collect for GLX-207114 Sample despatch billing
UPI293076084943,GLX-207341,sohrab77@okaxis,Sohrab Auto Spares LLP,01/03/2026 12:01,02/03/2026,AXISUPI260302600,"₹70,286.00","₹1,405.72",₹253.03,"₹68,627.25",,SUCCESS,UPI collect for GLX-207341 Consignment despatch
UPI340418163962,GLX-207384,palashwood27@okhdfcbank,Palashwood Interiors Pvt Ltd,01/03/2026 13:00,02/03/2026,AXISUPI260302400,"₹50,934.00","₹1,018.68",₹183.36,"₹49,731.96",,SUCCESS,UPI collect for GLX-207384 Contract manufacturing charges
UPI953846691441,GLX-207981,tanmay93@okaxis,Tanmay Toolroom Private Limited,01/03/2026 13:36,02/03/2026,AXISUPI260302810,"₹44,098.10",₹881.96,₹158.75,"₹43,057.39",,SUCCESS,UPI collect for GLX-207981 Packaging material supply
UPI285757699882,GLX-208032,madhuban65@okaxis,Madhuban Nurseries Pvt Ltd,01/03/2026 18:24,02/03/2026,AXISUPI260302600,"₹72,707.00","₹1,454.14",₹261.75,"₹70,991.11",,SUCCESS,UPI collect for GLX-208032 Palletisation charges
UPI652156982857,GLX-208223,bhavani67@okhdfcbank,Bhavani Steel Trading Pvt Ltd,01/03/2026 19:46,02/03/2026,AXISUPI260302100,"₹19,584.00",₹391.68,₹70.50,"₹19,121.82",,SUCCESS,UPI collect for GLX-208223 Trial batch supply
UPI450647573854,GLX-208387,devgiri01@ybl,Devgiri Paints LLP,01/03/2026 15:03,02/03/2026,AXISUPI260302500,"₹9,571.00",₹191.42,₹34.46,"₹9,345.12",,SUCCESS,UPI collect for GLX-208387 Annual maintenance billing
UPI539820160690,GLX-209042,tarangini29@okhdfcbank,Tarangini Prints LLP,01/03/2026 12:13,02/03/2026,AXISUPI260302634,"₹65,732.34","₹1,314.65",₹236.64,"₹64,181.05",,SUCCESS,UPI collect for GLX-209042 Packaging material supply
UPI315409463653,GLX-209664,utsav31@okhdfcbank,Utsav Bakers LLP,01/03/2026 14:55,02/03/2026,AXISUPI260302400,"₹7,932.00",₹158.64,₹28.56,"₹7,744.80",,SUCCESS,UPI collect for GLX-209664 Testing and calibration charges
UPI123755869522,GLX-209978,prithvi07@ybl,Prithvi Seeds and Feeds Pvt Ltd,01/03/2026 16:21,02/03/2026,AXISUPI260302200,"₹55,648.00","₹1,112.96",₹200.33,"₹54,334.71",,SUCCESS,UPI collect for GLX-209978 Bulk despatch schedule A
UPI498573769208,GLX-204464,tarangini09@oksbi,Tarangini Prints LLP,02/03/2026 09:46,04/03/2026,AXISUPI260304885,"₹93,418.85","₹1,868.38",₹336.31,"₹91,214.16",,SUCCESS,UPI collect for GLX-204464 Design retainer billing
UPI791609591296,GLX-204491,ojas26@okaxis,Ojas Lighting Private Limited,02/03/2026 15:43,03/03/2026,AXISUPI260303300,"₹36,416.00",₹728.32,₹131.10,"₹35,556.58",,SUCCESS,UPI collect for GLX-204491 Palletisation charges
UPI262910892664,GLX-204825,ranjeet07@ybl,Ranjeet Timber Depot Pvt Ltd,02/03/2026 10:05,03/03/2026,AXISUPI260303650,"₹1,958.50",₹39.17,₹7.05,"₹1,912.28",,SUCCESS,UPI collect for GLX-204825 Warehouse handling recovery
UPI703686277017,GLX-204883,ambar44@okaxis,Ambar Cold Rooms Pvt Ltd,02/03/2026 15:29,03/03/2026,AXISUPI260303900,"₹47,771.00",₹955.42,₹171.98,"₹46,643.60",,SUCCESS,UPI collect for GLX-204883 Spare kit despatch
UPI916299588234,GLX-205130,bhoomi84@okicici,Bhoomi Tiles and Sanitary LLP,02/03/2026 20:13,04/03/2026,AXISUPI260304515,"₹22,333.15",₹446.66,₹80.40,"₹21,806.09",,SUCCESS,UPI collect for GLX-205130 Tooling amortisation billing
UPI137844902026,GLX-205143,chandravat43@okaxis,Chandravat Metals Private Limited,02/03/2026 11:39,03/03/2026,AXISUPI260303438,"₹75,306.38","₹1,506.13",₹271.10,"₹73,529.15",,SUCCESS,UPI collect for GLX-205143 Bulk despatch schedule A
UPI292396889471,GLX-205334,ekansh87@okaxis,Ekansh Glassworks Private Limited,02/03/2026 16:28,03/03/2026,AXISUPI260303948,"₹38,231.48",₹764.63,₹137.63,"₹37,329.22",,SUCCESS,UPI collect for GLX-205334 Rework charges billed
UPI843737064084,GLX-205599,chirag29@okhdfcbank,Chirag Battery House Pvt Ltd,02/03/2026 20:13,03/03/2026,AXISUPI260303100,"₹5,571.00",₹111.42,₹20.06,"₹5,439.52",,SUCCESS,UPI collect for GLX-205599 Machinery hire charges
UPI581474083844,GLX-205624,chandravat18@ybl,Chandravat Metals Private Limited,02/03/2026 08:55,29/03/2026,AXISUPI260329818,"₹28,906.18",₹578.12,₹104.06,"₹28,224.00",,SUCCESS,UPI collect for GLX-205624 Bulk despatch schedule A
UPI288103147602,GLX-206032,prithvi86@okhdfcbank,Prithvi Seeds and Feeds Pvt Ltd,02/03/2026 18:04,03/03/2026,AXISUPI260303100,"₹82,899.00","₹1,657.98",₹298.44,"₹80,942.58",,SUCCESS,UPI collect for GLX-206032 Consignment despatch
UPI867086603446,GLX-206116,rukmini03@ybl,Rukmini Provisions Private Limited,02/03/2026 16:21,03/03/2026,AXISUPI260303800,"₹38,995.00",₹779.90,₹140.38,"₹38,074.72",,SUCCESS,UPI collect for GLX-206116 Testing and calibration charges
UPI793347998561,GLX-206245,barkat67@oksbi,Barkat Stationers Private Limited,02/03/2026 20:30,04/03/2026,AXISUPI260304861,"₹30,751.61",₹615.03,₹110.71,"₹30,025.87",,SUCCESS,UPI collect for GLX-206245 Trial batch supply
UPI806599133569,GLX-206254,vaayu58@okaxis,Vaayu Organics Private Limited,02/03/2026 10:38,03/03/2026,AXISUPI260303600,"₹19,193.00",₹383.86,₹69.09,"₹18,740.05",,SUCCESS,UPI collect for GLX-206254 Testing and calibration charges
UPI933899495326,GLX-206629,neelkanth22@okhdfcbank,Neelkanth Ceramics Pvt Ltd,02/03/2026 14:27,03/03/2026,AXISUPI260303100,"₹8,802.00",₹176.04,₹31.69,"₹8,594.27",,SUCCESS,UPI collect for GLX-206629 Mould development charges
UPI343082440519,GLX-207045,kalanjali52@ybl,Kalanjali Crafts Pvt Ltd,02/03/2026 10:49,03/03/2026,AXISUPI260303800,"₹60,901.00","₹1,218.02",₹219.24,"₹59,463.74",,SUCCESS,UPI collect for GLX-207045 Job work conversion charges
UPI707714724342,GLX-207521,anokhi27@okhdfcbank,Anokhi Kitchenware Pvt Ltd,02/03/2026 20:13,03/03/2026,AXISUPI260303100,"₹10,485.00",₹209.70,₹37.75,"₹10,237.55",,SUCCESS,UPI collect for GLX-207521 Export documentation recovery
UPI883537400232,GLX-207801,naaz69@okhdfcbank,Naaz Fabrics Private Limited,02/03/2026 10:24,03/03/2026,AXISUPI260303778,"₹37,536.78",₹750.74,₹135.13,"₹36,650.91",,SUCCESS,UPI collect for GLX-207801 Packaging material supply
UPI929274160051,GLX-207932,vindhya15@okaxis,Vindhya Plastics Private Limited,02/03/2026 16:47,03/03/2026,AXISUPI260303600,"₹20,957.00",₹419.14,₹75.45,"₹20,462.41",,SUCCESS,UPI collect for GLX-207932 Freight recovery billing
UPI459882106238,GLX-208371,meghdoot90@okicici,Meghdoot Packaging LLP,02/03/2026 13:19,04/03/2026,AXISUPI260304527,"₹81,598.27","₹1,631.97",₹293.75,"₹79,672.55",,SUCCESS,UPI collect for GLX-208371 Site erection charges
UPI305231608320,GLX-208492,yamini62@okaxis,Yamini Home Needs Pvt Ltd,02/03/2026 18:38,03/03/2026,AXISUPI260303900,"₹24,497.00",₹489.94,₹88.19,"₹23,918.87",,SUCCESS,UPI collect for GLX-208492 Secondary transport recovery
UPI933577531159,GLX-208541,palashwood32@ybl,Palashwood Interiors Pvt Ltd,02/03/2026 20:07,03/03/2026,AXISUPI260303680,"₹25,592.80",₹511.86,₹92.13,"₹24,988.81",,SUCCESS,UPI collect for GLX-208541 Bulk despatch schedule B
UPI346641918542,GLX-208731,kaveri35@ybl,Kaveri Rubber Works Pvt Ltd,02/03/2026 17:26,03/03/2026,AXISUPI260303800,"₹50,290.00","₹1,005.80",₹181.04,"₹49,103.16",,SUCCESS,UPI collect for GLX-208731 Contract manufacturing charges
UPI561634932401,GLX-208823,kesari08@okaxis,Kesari Handlooms Pvt Ltd,02/03/2026 19:43,03/03/2026,AXISUPI260303900,"₹8,765.00",₹175.30,₹31.55,"₹8,558.15",,SUCCESS,UPI collect for GLX-208823 Annual maintenance billing
UPI294324544468,GLX-208992,nirvaan87@ybl,Nirvaan Agro Mills Pvt Ltd,02/03/2026 15:26,03/03/2026,AXISUPI260303200,"₹51,148.00","₹1,022.96",₹184.13,"₹49,940.91",,SUCCESS,UPI collect for GLX-208992 Sample despatch billing
UPI962297597669,GLX-209322,utsav25@okaxis,Utsav Bakers LLP,02/03/2026 08:15,03/03/2026,AXISUPI260303600,"₹81,941.00","₹1,638.82",₹294.99,"₹80,007.19",,SUCCESS,UPI collect for GLX-209322 Scrap sale realisation
UPI271498388807,GLX-209752,madhuban26@okkotak,Madhuban Nurseries Pvt Ltd,02/03/2026 17:30,04/03/2026,AXISUPI260304673,"₹7,421.73",₹148.43,₹26.72,"₹7,246.58",,SUCCESS,UPI collect for GLX-209752 Sample despatch billing
UPI946265011877,GLX-209781,marudhar83@okhdfcbank,Marudhar Furnishings LLP,02/03/2026 15:50,03/03/2026,AXISUPI260303700,"₹32,361.00",₹647.22,₹116.50,"₹31,597.28",,SUCCESS,UPI collect for GLX-209781 Labelling job billing
UPI311913800194,GLX-204287,kalanjali33@okaxis,Kalanjali Crafts Pvt Ltd,03/03/2026 18:47,04/03/2026,AXISUPI260304600,"₹33,476.00",₹669.52,₹120.51,"₹32,685.97",,SUCCESS,UPI collect for GLX-204287 Site erection charges
UPI205040824791,GLX-204559,sanchit27@okhdfcbank,Sanchit Hardware Depot Pvt Ltd,03/03/2026 13:03,04/03/2026,AXISUPI260304328,"₹42,518.28",₹850.37,₹153.07,"₹41,514.84",,SUCCESS,UPI collect for GLX-204559 Job work conversion charges
UPI524152478246,GLX-204839,devgiri12@oksbi,Devgiri Paints LLP,03/03/2026 20:39,05/03/2026,AXISUPI260305135,"₹83,574.35","₹1,671.49",₹300.87,"₹81,601.99",,SUCCESS,UPI collect for GLX-204839 Freight recovery billing
UPI495779755225,GLX-205165,rukmini40@okaxis,Rukmini Provisions Private Limited,03/03/2026 20:33,04/03/2026,AXISUPI260304300,"₹49,160.00",₹983.20,₹176.98,"₹47,999.82",,SUCCESS,UPI collect for GLX-205165 Scrap sale realisation
UPI290082984403,GLX-205188,girnar19@okhdfcbank,Girnar Pipes and Fittings Pvt Ltd,03/03/2026 15:57,04/03/2026,AXISUPI260304904,"₹34,343.04",₹686.86,₹123.63,"₹33,532.55",,SUCCESS,UPI collect for GLX-205188 Export documentation recovery
UPI641873130246,GLX-205286,anokhi56@oksbi,Anokhi Kitchenware Pvt Ltd,03/03/2026 18:41,05/03/2026,AXISUPI260305219,"₹91,936.19","₹1,838.72",₹330.97,"₹89,766.50",,SUCCESS,UPI collect for GLX-205286 Secondary transport recovery
UPI807636788194,GLX-205362,nirvaan57@ybl,Nirvaan Agro Mills Pvt Ltd,03/03/2026 10:31,04/03/2026,AXISUPI260304746,"₹66,093.46","₹1,321.87",₹237.94,"₹64,533.65",,SUCCESS,UPI collect for GLX-205362 Palletisation charges
UPI198807872531,GLX-206233,bhavani94@okaxis,Bhavani Steel Trading Pvt Ltd,03/03/2026 10:15,04/03/2026,AXISUPI260304300,"₹22,115.00",₹442.30,₹79.61,"₹21,593.09",,SUCCESS,UPI collect for GLX-206233 Tooling amortisation billing
UPI220880536865,GLX-206261,ojas63@okhdfcbank,Ojas Lighting Private Limited,03/03/2026 09:36,27/03/2026,AXISUPI260327700,"₹72,771.00","₹1,455.42",₹261.98,"₹71,053.60",,SUCCESS,UPI collect for GLX-206261 Palletisation charges
UPI899149479892,GLX-206369,chirag43@okaxis,Chirag Battery House Pvt Ltd,03/03/2026 18:01,04/03/2026,AXISUPI260304600,"₹6,287.00",₹125.74,₹22.63,"₹6,138.63",,SUCCESS,UPI collect for GLX-206369 Mould development charges
UPI101835796994,GLX-206381,tanmay58@oksbi,Tanmay Toolroom Private Limited,03/03/2026 16:37,05/03/2026,AXISUPI260305705,"₹29,247.05",₹584.94,₹105.29,"₹28,556.82",,SUCCESS,UPI collect for GLX-206381 Design retainer billing
UPI265843896908,GLX-207083,yamini39@okhdfcbank,Yamini Home Needs Pvt Ltd,03/03/2026 08:27,04/03/2026,AXISUPI260304454,"₹36,273.54",₹725.47,₹130.58,"₹35,417.49",,SUCCESS,UPI collect for GLX-207083 Export documentation recovery
UPI841788365244,GLX-207112,palashwood05@okhdfcbank,Palashwood Interiors Pvt Ltd,03/03/2026 13:46,04/03/2026,AXISUPI260304400,"₹28,164.00",₹563.28,₹101.39,"₹27,499.33",,SUCCESS,UPI collect for GLX-207112 Contract manufacturing charges
UPI279382198687,GLX-207449,sohrab39@okicici,Sohrab Auto Spares LLP,03/03/2026 19:10,05/03/2026,AXISUPI260305533,"₹30,460.33",₹609.21,₹109.66,"₹29,741.46",,SUCCESS,UPI collect for GLX-207449 Bulk despatch schedule A
UPI362148726184,GLX-208187,utsav29@ybl,Utsav Bakers LLP,03/03/2026 18:07,04/03/2026,AXISUPI260304500,"₹7,996.00",₹159.92,₹28.79,"₹7,807.29",,SUCCESS,UPI collect for GLX-208187 Testing and calibration charges
UPI769461800511,GLX-208449,chandravat32@ybl,Chandravat Metals Private Limited,03/03/2026 17:21,04/03/2026,AXISUPI260304554,"₹52,114.54","₹1,042.29",₹187.61,"₹50,884.64",,SUCCESS,UPI collect for GLX-208449 Consignment despatch
UPI730567371673,GLX-208497,sitara27@okaxis,Sitara Packaging Solutions Pvt Ltd,03/03/2026 17:32,04/03/2026,AXISUPI260304948,"₹37,241.48",₹744.83,₹134.07,"₹36,362.58",,SUCCESS,UPI collect for GLX-208497 Spare kit despatch
UPI162983715936,GLX-208542,vindhya54@okhdfcbank,Vindhya Plastics Private Limited,03/03/2026 09:44,04/03/2026,AXISUPI260304742,"₹61,017.42","₹1,220.35",₹219.66,"₹59,577.41",,SUCCESS,UPI collect for GLX-208542 Annual maintenance billing
UPI158490297844,GLX-208628,ambar41@okhdfcbank,Ambar Cold Rooms Pvt Ltd,03/03/2026 13:27,04/03/2026,AXISUPI260304700,"₹37,779.00",₹755.58,₹136.00,"₹36,887.42",,SUCCESS,UPI collect for GLX-208628 Warehouse handling recovery
UPI865066357434,GLX-208678,marudhar88@okaxis,Marudhar Furnishings LLP,03/03/2026 18:14,04/03/2026,AXISUPI260304108,"₹5,103.08",₹102.06,₹18.37,"₹4,982.65",,SUCCESS,UPI collect for GLX-208678 Rework charges billed
UPI373931274088,GLX-208978,ojas77@okkotak,Ojas Lighting Private Limited,03/03/2026 15:18,05/03/2026,AXISUPI260305397,"₹64,757.97","₹1,295.16",₹233.13,"₹63,229.68",,SUCCESS,UPI collect for GLX-208978 Sample despatch billing
UPI190617273221,GLX-208979,bhoomi11@oksbi,Bhoomi Tiles and Sanitary LLP,03/03/2026 17:33,05/03/2026,AXISUPI260305471,"₹89,220.71","₹1,784.41",₹321.19,"₹87,115.11",,SUCCESS,UPI collect for GLX-208979 Trial batch supply
UPI458737330558,GLX-209394,shubhankar64@okicici,Shubhankar Electricals LLP,03/03/2026 18:20,05/03/2026,AXISUPI260305305,"₹50,492.05","₹1,009.84",₹181.77,"₹49,300.44",,SUCCESS,UPI collect for GLX-209394 Machinery hire charges
UPI595739279019,GLX-209512,suvarna13@okaxis,Suvarna Weaves LLP,03/03/2026 08:20,04/03/2026,AXISUPI260304900,"₹91,637.00","₹1,832.74",₹329.89,"₹89,474.37",,SUCCESS,UPI collect for GLX-209512 Labelling job billing
UPI116031372423,GLX-209786,tarangini64@okicici,Tarangini Prints LLP,03/03/2026 11:49,05/03/2026,AXISUPI260305677,"₹22,532.77",₹450.66,₹81.12,"₹22,000.99",,SUCCESS,UPI collect for GLX-209786 Packaging material supply
UPI468809756140,GLX-209844,jashan79@okhdfcbank,Jashan Sports Goods Pvt Ltd,03/03/2026 18:13,04/03/2026,AXISUPI260304400,"₹90,786.00","₹1,815.72",₹326.83,"₹88,643.45",,SUCCESS,UPI collect for GLX-209844 Bulk despatch schedule B
UPI710884894223,GLX-204696,ranjeet00@okkotak,Ranjeet Timber Depot Pvt Ltd,04/03/2026 10:33,06/03/2026,AXISUPI260306835,"₹73,870.35","₹1,477.41",₹265.93,"₹72,127.01",,SUCCESS,UPI collect for GLX-204696 Spare kit despatch
UPI971065437281,GLX-204878,chirag23@okaxis,Chirag Battery House Pvt Ltd,04/03/2026 19:56,05/03/2026,AXISUPI260305900,"₹48,734.00",₹974.68,₹175.44,"₹47,583.88",,SUCCESS,UPI collect for GLX-204878 Machinery hire charges
UPI840809821346,GLX-205000,sohrab54@okaxis,Sohrab Auto Spares LLP,04/03/2026 10:01,05/03/2026,AXISUPI260305600,"₹70,052.00","₹1,401.04",₹252.19,"₹68,398.77",,SUCCESS,UPI collect for GLX-205000 Consignment despatch
UPI352248271582,GLX-205063,vaayu79@okicici,Vaayu Organics Private Limited,04/03/2026 11:39,06/03/2026,AXISUPI260306497,"₹53,247.97","₹1,064.96",₹191.69,"₹51,991.32",,SUCCESS,UPI collect for GLX-205063 Scrap sale realisation
UPI455669765827,GLX-205160,rukmini04@okhdfcbank,Rukmini Provisions Private Limited,04/03/2026 09:22,05/03/2026,AXISUPI260305274,"₹41,428.74",₹828.57,₹149.14,"₹40,451.03",,SUCCESS,UPI collect for GLX-205160 Testing and calibration charges
UPI319591551565,GLX-205374,kesari30@oksbi,Kesari Handlooms Pvt Ltd,04/03/2026 11:42,06/03/2026,AXISUPI260306177,"₹85,797.77","₹1,715.96",₹308.87,"₹83,772.94",,SUCCESS,UPI collect for GLX-205374 Freight recovery billing
UPI695947262123,GLX-205685,suvarna14@okicici,Suvarna Weaves LLP,04/03/2026 15:31,06/03/2026,AXISUPI260306923,"₹64,502.23","₹1,290.04",₹232.21,"₹62,979.98",,SUCCESS,UPI collect for GLX-205685 Rework charges billed
UPI654707720341,GLX-205972,shubhankar72@ybl,Shubhankar Electricals LLP,04/03/2026 20:44,05/03/2026,AXISUPI260305200,"₹50,464.00","₹1,009.28",₹181.67,"₹49,273.05",,SUCCESS,UPI collect for GLX-205972 Mould development charges
UPI413702401986,GLX-206113,ekansh22@okhdfcbank,Ekansh Glassworks Private Limited,04/03/2026 17:03,05/03/2026,AXISUPI260305562,"₹9,040.62",₹180.81,₹32.55,"₹8,827.26",,SUCCESS,UPI collect for GLX-206113 Labelling job billing
UPI987008603510,GLX-206266,devgiri87@ybl,Devgiri Paints LLP,04/03/2026 19:03,05/03/2026,AXISUPI260305200,"₹44,164.00",₹883.28,₹158.99,"₹43,121.73",,SUCCESS,UPI collect for GLX-206266 Annual maintenance billing
UPI501284298719,GLX-206600,girnar66@okaxis,Girnar Pipes and Fittings Pvt Ltd,04/03/2026 12:29,05/03/2026,AXISUPI260305600,"₹12,632.00",₹252.64,₹45.48,"₹12,333.88",,SUCCESS,UPI collect for GLX-206600 Secondary transport recovery
UPI696748638113,GLX-206775,barkat79@ybl,Barkat Stationers Private Limited,04/03/2026 20:44,05/03/2026,AXISUPI260305200,"₹33,265.00",₹665.30,₹119.75,"₹32,479.95",,SUCCESS,UPI collect for GLX-206775 Tooling amortisation billing
UPI166478091935,GLX-206806,sanchit10@okhdfcbank,Sanchit Hardware Depot Pvt Ltd,04/03/2026 11:04,05/03/2026,AXISUPI260305700,"₹95,613.00","₹1,912.26",₹344.21,"₹93,356.53",,SUCCESS,UPI collect for GLX-206806 Site erection charges
UPI636339431490,GLX-206979,bhavani52@ybl,Bhavani Steel Trading Pvt Ltd,04/03/2026 19:36,05/03/2026,AXISUPI260305392,"₹76,358.92","₹1,527.18",₹274.89,"₹74,556.85",,SUCCESS,UPI collect for GLX-206979 Trial batch supply
UPI998287020342,GLX-207255,naaz09@okhdfcbank,Naaz Fabrics Private Limited,04/03/2026 17:23,05/03/2026,AXISUPI260305100,"₹64,314.00","₹1,286.28",₹231.53,"₹62,796.19",,SUCCESS,UPI collect for GLX-207255 Design retainer billing
UPI711554002552,GLX-207368,madhuban21@okaxis,Madhuban Nurseries Pvt Ltd,04/03/2026 14:38,05/03/2026,AXISUPI260305600,"₹64,706.00","₹1,294.12",₹232.94,"₹63,178.94",,SUCCESS,UPI collect for GLX-207368 Palletisation charges
UPI282316545730,GLX-207510,nirvaan05@okaxis,Nirvaan Agro Mills Pvt Ltd,04/03/2026 11:47,05/03/2026,AXISUPI260305300,"₹7,697.00",₹153.94,₹27.71,"₹7,515.35",,SUCCESS,UPI collect for GLX-207510 Sample despatch billing
UPI334951661591,GLX-207550,sitara12@okaxis,Sitara Packaging Solutions Pvt Ltd,04/03/2026 20:23,05/03/2026,AXISUPI260305408,₹939.08,₹18.78,₹3.38,₹916.92,,SUCCESS,UPI collect for GLX-207550 Warehouse handling recovery
UPI292710156089,GLX-207569,anokhi52@oksbi,Anokhi Kitchenware Pvt Ltd,04/03/2026 17:22,06/03/2026,AXISUPI260306507,"₹68,206.07","₹1,364.12",₹245.54,"₹66,596.41",,SUCCESS,UPI collect for GLX-207569 Export documentation recovery
UPI753495795344,GLX-207691,vindhya29@okhdfcbank,Vindhya Plastics Private Limited,04/03/2026 17:00,05/03/2026,AXISUPI260305700,"₹27,105.00",₹542.10,₹97.58,"₹26,465.32",,SUCCESS,UPI collect for GLX-207691 Freight recovery billing
UPI267783346832,GLX-207742,prithvi18@okaxis,Prithvi Seeds and Feeds Pvt Ltd,04/03/2026 11:56,05/03/2026,AXISUPI260305600,"₹45,887.00",₹917.74,₹165.19,"₹44,804.07",,SUCCESS,UPI collect for GLX-207742 Bulk despatch schedule A
UPI136321774602,GLX-208545,tanmay70@okicici,Tanmay Toolroom Private Limited,04/03/2026 12:26,06/03/2026,AXISUPI260306383,"₹34,463.83",₹689.28,₹124.07,"₹33,650.48",,SUCCESS,UPI collect for GLX-208545 Packaging material supply
UPI670510929441,GLX-208581,jashan05@ybl,Jashan Sports Goods Pvt Ltd,04/03/2026 20:44,05/03/2026,AXISUPI260305200,"₹56,197.00","₹1,123.94",₹202.31,"₹54,870.75",,SUCCESS,UPI collect for GLX-208581 Contract manufacturing charges
UPI434148305044,GLX-208916,meghdoot88@okhdfcbank,Meghdoot Packaging LLP,04/03/2026 15:23,05/03/2026,AXISUPI260305400,"₹78,276.00","₹1,565.52",₹281.79,"₹76,428.69",,SUCCESS,UPI collect for GLX-208916 Job work conversion charges
UPI807011360190,GLX-209221,kaveri18@ybl,Kaveri Rubber Works Pvt Ltd,04/03/2026 16:50,05/03/2026,AXISUPI260305218,"₹90,307.18","₹1,806.14",₹325.11,"₹88,175.93",,SUCCESS,UPI collect for GLX-209221 Bulk despatch schedule B
UPI842012127363,GLX-209718,neelkanth00@okkotak,Neelkanth Ceramics Pvt Ltd,04/03/2026 20:06,06/03/2026,AXISUPI260306247,"₹44,281.47",₹885.63,₹159.41,"₹43,236.43",,SUCCESS,UPI collect for GLX-209718 Machinery hire charges
UPI608619820552,GLX-204089,girnar93@ybl,Girnar Pipes and Fittings Pvt Ltd,05/03/2026 13:09,06/03/2026,AXISUPI260306578,"₹54,616.78","₹1,092.34",₹196.62,"₹53,327.82",,SUCCESS,UPI collect for GLX-204089 Export documentation recovery
UPI986096499144,GLX-204600,ambar30@okhdfcbank,Ambar Cold Rooms Pvt Ltd,05/03/2026 12:04,06/03/2026,AXISUPI260306400,"₹76,737.00","₹1,534.74",₹276.25,"₹74,926.01",,SUCCESS,UPI collect for GLX-204600 Spare kit despatch
UPI636357515641,GLX-205354,yamini76@oksbi,Yamini Home Needs Pvt Ltd,05/03/2026 11:11,07/03/2026,AXISUPI260307375,"₹2,684.75",₹53.70,₹9.67,"₹2,621.38",,SUCCESS,UPI collect for GLX-205354 Secondary transport recovery
UPI723749966714,GLX-205977,bhoomi05@okaxis,Bhoomi Tiles and Sanitary LLP,05/03/2026 18:10,06/03/2026,AXISUPI260306900,"₹10,898.00",₹217.96,₹39.23,"₹10,640.81",,SUCCESS,UPI collect for GLX-205977 Tooling amortisation billing
UPI532397625639,GLX-206406,ranjeet35@ybl,Ranjeet Timber Depot Pvt Ltd,05/03/2026 20:16,06/03/2026,AXISUPI260306500,"₹14,206.00",₹284.12,₹51.14,"₹13,870.74",,SUCCESS,UPI collect for GLX-206406 Warehouse handling recovery
UPI853760303167,GLX-206459,kaveri09@okhdfcbank,Kaveri Rubber Works Pvt Ltd,05/03/2026 16:41,06/03/2026,AXISUPI260306100,"₹15,426.00",₹308.52,₹55.53,"₹15,061.95",,SUCCESS,UPI collect for GLX-206459 Contract manufacturing charges
UPI422303556669,GLX-206574,palashwood43@okaxis,Palashwood Interiors Pvt Ltd,05/03/2026 15:56,06/03/2026,AXISUPI260306600,"₹18,509.00",₹370.18,₹66.63,"₹18,072.19",,SUCCESS,UPI collect for GLX-206574 Bulk despatch schedule B
UPI409796976645,GLX-206650,chandravat41@ybl,Chandravat Metals Private Limited,05/03/2026 19:33,06/03/2026,AXISUPI260306830,"₹6,244.30",₹124.89,₹22.48,"₹6,096.93",,SUCCESS,UPI collect for GLX-206650 Bulk despatch schedule A
UPI547562528884,GLX-206679,meghdoot33@okhdfcbank,Meghdoot Packaging LLP,05/03/2026 19:56,06/03/2026,AXISUPI260306892,"₹61,252.92","₹1,225.06",₹220.51,"₹59,807.35",,SUCCESS,UPI collect for GLX-206679 Site erection charges
UPI780232262963,GLX-206693,tarangini78@okaxis,Tarangini Prints LLP,05/03/2026 10:29,06/03/2026,AXISUPI260306300,"₹58,808.00","₹1,176.16",₹211.71,"₹42,718.13","₹14,702.00",SUCCESS,UPI collect for GLX-206693 Design retainer billing
UPI656085707872,GLX-206901,marudhar35@okaxis,Marudhar Furnishings LLP,05/03/2026 14:38,06/03/2026,AXISUPI260306300,"₹3,827.00",₹76.54,₹13.78,"₹3,736.68",,SUCCESS,UPI collect for GLX-206901 Labelling job billing
UPI812538937216,GLX-207051,utsav01@ybl,Utsav Bakers LLP,05/03/2026 09:54,06/03/2026,AXISUPI260306992,"₹80,900.92","₹1,618.02",₹291.24,"₹78,991.66",,SUCCESS,UPI collect for GLX-207051 Scrap sale realisation
UPI612188289928,GLX-207208,barkat08@ybl,Barkat Stationers Private Limited,05/03/2026 14:21,06/03/2026,AXISUPI260306800,"₹49,408.00",₹988.16,₹177.87,"₹48,241.97",,SUCCESS,UPI collect for GLX-207208 Trial batch supply
UPI564339182296,GLX-207424,devgiri50@okhdfcbank,Devgiri Paints LLP,05/03/2026 12:55,06/03/2026,AXISUPI260306700,"₹10,428.00",₹208.56,₹37.54,"₹10,181.90",,SUCCESS,UPI collect for GLX-207424 Freight recovery billing
UPI489397937335,GLX-207680,ekansh43@okicici,Ekansh Glassworks Private Limited,05/03/2026 09:04,07/03/2026,AXISUPI260307161,"₹55,575.61","₹1,111.51",₹200.07,"₹54,264.03",,SUCCESS,UPI collect for GLX-207680 Rework charges billed
UPI254629844094,GLX-207689,prithvi64@okaxis,Prithvi Seeds and Feeds Pvt Ltd,05/03/2026 12:38,06/03/2026,AXISUPI260306900,"₹87,677.00","₹1,753.54",₹315.64,"₹85,607.82",,SUCCESS,UPI collect for GLX-207689 Consignment despatch
UPI502328183982,GLX-207825,shubhankar93@okhdfcbank,Shubhankar Electricals LLP,05/03/2026 11:23,06/03/2026,AXISUPI260306100,"₹84,906.00","₹1,698.12",₹305.66,"₹82,902.22",,SUCCESS,UPI collect for GLX-207825 Machinery hire charges
UPI116494786094,GLX-208111,naaz14@okaxis,Naaz Fabrics Private Limited,05/03/2026 15:54,06/03/2026,AXISUPI260306144,"₹7,362.44",₹147.25,₹26.50,"₹7,188.69",,SUCCESS,UPI collect for GLX-208111 Packaging material supply
UPI113118302956,GLX-208634,vaayu93@oksbi,Vaayu Organics Private Limited,05/03/2026 18:23,07/03/2026,AXISUPI260307645,"₹13,208.45",₹264.17,₹47.55,"₹12,896.73",,SUCCESS,UPI collect for GLX-208634 Testing and calibration charges
UPI118832815210,GLX-208698,neelkanth10@ybl,Neelkanth Ceramics Pvt Ltd,05/03/2026 17:26,06/03/2026,AXISUPI260306500,"₹5,791.00",₹115.82,₹20.85,"₹5,654.33",,SUCCESS,UPI collect for GLX-208698 Mould development charges
UPI366698669452,GLX-208824,sohrab32@okaxis,Sohrab Auto Spares LLP,05/03/2026 19:43,06/03/2026,AXISUPI260306300,"₹55,721.00","₹1,114.42",₹200.60,"₹54,405.98",,SUCCESS,UPI collect for GLX-208824 Bulk despatch schedule A
UPI343935424126,GLX-209094,kalanjali72@okaxis,Kalanjali Crafts Pvt Ltd,05/03/2026 10:01,06/03/2026,AXISUPI260306900,"₹52,307.00","₹1,046.14",₹188.31,"₹51,072.55",,SUCCESS,UPI collect for GLX-209094 Job work conversion charges
UPI519607798096,GLX-209327,kesari81@okicici,Kesari Handlooms Pvt Ltd,05/03/2026 15:28,07/03/2026,AXISUPI260307227,"₹18,739.27",₹374.79,₹67.46,"₹18,297.02",,SUCCESS,UPI collect for GLX-209327 Annual maintenance billing
UPI948878421830,GLX-209449,ojas45@okaxis,Ojas Lighting Private Limited,05/03/2026 18:38,06/03/2026,AXISUPI260306900,"₹66,266.00","₹1,325.32",₹238.56,"₹64,702.12",,SUCCESS,UPI collect for GLX-209449 Palletisation charges
UPI790789319967,GLX-209900,madhuban55@ybl,Madhuban Nurseries Pvt Ltd,05/03/2026 17:16,06/03/2026,AXISUPI260306500,"₹89,905.00","₹1,798.10",₹323.66,"₹87,783.24",,SUCCESS,UPI collect for GLX-209900 Sample despatch billing
UPI508871691151,GLX-204118,sitara17@ybl,Sitara Packaging Solutions Pvt Ltd,06/03/2026 12:09,07/03/2026,AXISUPI260307344,"₹3,386.44",₹67.73,₹12.19,"₹3,306.52",,SUCCESS,UPI collect for GLX-204118 Spare kit despatch
UPI232058216133,GLX-204165,chandravat66@okaxis,Chandravat Metals Private Limited,06/03/2026 18:01,07/03/2026,AXISUPI260307300,"₹2,738.00",₹54.76,₹9.86,"₹2,673.38",,SUCCESS,UPI collect for GLX-204165 Consignment despatch
UPI989561899526,GLX-204585,neelkanth54@okaxis,Neelkanth Ceramics Pvt Ltd,06/03/2026 17:33,07/03/2026,AXISUPI260307600,"₹86,639.00","₹1,732.78",₹311.90,"₹84,594.32",,SUCCESS,UPI collect for GLX-204585 Machinery hire charges
UPI617749554271,GLX-204731,bhoomi01@okicici,Bhoomi Tiles and Sanitary LLP,06/03/2026 16:39,08/03/2026,AXISUPI260308977,"₹12,617.77",₹252.36,₹45.42,"₹12,319.99",,SUCCESS,UPI collect for GLX-204731 Trial batch supply
UPI636528175048,GLX-204802,ambar86@ybl,Ambar Cold Rooms Pvt Ltd,06/03/2026 19:49,07/03/2026,AXISUPI260307500,"₹75,721.00","₹1,514.42",₹272.60,"₹73,933.98",,SUCCESS,UPI collect for GLX-204802 Warehouse handling recovery
UPI348891181561,GLX-204928,bhavani53@oksbi,Bhavani Steel Trading Pvt Ltd,06/03/2026 11:15,08/03/2026,AXISUPI260308723,"₹56,076.23","₹1,121.52",₹201.87,"₹54,752.84",,SUCCESS,UPI collect for GLX-204928 Tooling amortisation billing
UPI858700734336,GLX-205489,sanchit63@okaxis,Sanchit Hardware Depot Pvt Ltd,06/03/2026 08:40,07/03/2026,AXISUPI260307744,"₹33,342.44",₹666.85,₹120.03,"₹32,555.56",,SUCCESS,UPI collect for GLX-205489 Job work conversion charges
UPI548143282039,GLX-205555,tarangini61@ybl,Tarangini Prints LLP,06/03/2026 12:49,07/03/2026,AXISUPI260307800,"₹16,090.00",₹321.80,₹57.92,"₹15,710.28",,SUCCESS,UPI collect for GLX-205555 Packaging material supply
UPI896999948306,GLX-205727,vindhya84@ybl,Vindhya Plastics Private Limited,06/03/2026 11:44,07/03/2026,AXISUPI260307500,"₹2,065.00",₹41.30,₹7.43,"₹2,016.27",,SUCCESS,UPI collect for GLX-205727 Annual maintenance billing
UPI720699356011,GLX-205836,chirag36@okaxis,Chirag Battery House Pvt Ltd,06/03/2026 12:15,07/03/2026,AXISUPI260307900,"₹35,999.00",₹719.98,₹129.60,"₹35,149.42",,SUCCESS,UPI collect for GLX-205836 Mould development charges
UPI562066485388,GLX-205904,kalanjali87@okicici,Kalanjali Crafts Pvt Ltd,06/03/2026 13:52,08/03/2026,AXISUPI260308665,"₹3,758.65",₹75.17,₹13.53,"₹3,669.95",,SUCCESS,UPI collect for GLX-205904 Site erection charges
UPI156599186191,GLX-205989,suvarna58@okhdfcbank,Suvarna Weaves LLP,06/03/2026 08:55,07/03/2026,AXISUPI260307400,"₹9,687.00",₹193.74,₹34.87,"₹9,458.39",,SUCCESS,UPI collect for GLX-205989 Labelling job billing
UPI764080642613,GLX-206103,ranjeet91@okaxis,Ranjeet Timber Depot Pvt Ltd,06/03/2026 15:33,07/03/2026,AXISUPI260307900,"₹44,909.00",₹898.18,₹161.67,"₹43,849.15",,SUCCESS,UPI collect for GLX-206103 Spare kit despatch
UPI922254389319,GLX-206316,marudhar50@okaxis,Marudhar Furnishings LLP,06/03/2026 18:33,07/03/2026,AXISUPI260307360,"₹36,695.60",₹733.91,₹132.10,"₹35,829.59",,SUCCESS,UPI collect for GLX-206316 Rework charges billed
UPI184325219664,GLX-206787,nirvaan95@okkotak,Nirvaan Agro Mills Pvt Ltd,06/03/2026 18:28,08/03/2026,AXISUPI260308415,"₹28,965.15",₹579.30,₹104.27,"₹28,281.58",,SUCCESS,UPI collect for GLX-206787 Palletisation charges
UPI503977350444,GLX-207350,tanmay90@ybl,Tanmay Toolroom Private Limited,06/03/2026 19:35,07/03/2026,AXISUPI260307800,"₹94,993.00","₹1,899.86",₹341.97,"₹92,751.17",,SUCCESS,UPI collect for GLX-207350 Design retainer billing
UPI771263339663,GLX-207495,palashwood21@ybl,Palashwood Interiors Pvt Ltd,06/03/2026 17:53,07/03/2026,AXISUPI260307800,"₹79,450.00","₹1,589.00",₹286.02,"₹77,574.98",,SUCCESS,UPI collect for GLX-207495 Contract manufacturing charges
UPI993620884084,GLX-207498,jashan14@ybl,Jashan Sports Goods Pvt Ltd,06/03/2026 12:49,07/03/2026,AXISUPI260307500,"₹25,645.00",₹512.90,₹92.32,"₹25,039.78",,SUCCESS,UPI collect for GLX-207498 Bulk despatch schedule B
UPI843226198734,GLX-208152,prithvi14@okaxis,Prithvi Seeds and Feeds Pvt Ltd,06/03/2026 18:38,07/03/2026,AXISUPI260307600,"₹36,509.00",₹730.18,₹131.43,"₹35,647.39",,SUCCESS,UPI collect for GLX-208152 Bulk despatch schedule A
UPI322110848983,GLX-208690,rukmini13@ybl,Rukmini Provisions Private Limited,06/03/2026 14:26,07/03/2026,AXISUPI260307866,"₹74,446.66","₹1,488.93",₹268.01,"₹72,689.72",,SUCCESS,UPI collect for GLX-208690 Scrap sale realisation
UPI730827769750,GLX-208757,ekansh47@okhdfcbank,Ekansh Glassworks Private Limited,06/03/2026 14:27,07/03/2026,AXISUPI260307400,"₹53,301.00","₹1,066.02",₹191.88,"₹52,043.10",,SUCCESS,UPI collect for GLX-208757 Labelling job billing
UPI387464191552,GLX-208807,ojas77@okhdfcbank,Ojas Lighting Private Limited,06/03/2026 20:04,07/03/2026,AXISUPI260307100,"₹82,314.00","₹1,646.28",₹296.33,"₹80,371.39",,SUCCESS,UPI collect for GLX-208807 Sample despatch billing
UPI826036985138,GLX-208939,anokhi74@okicici,Anokhi Kitchenware Pvt Ltd,06/03/2026 13:21,08/03/2026,AXISUPI260308443,"₹60,312.43","₹1,206.25",₹217.12,"₹58,889.06",,SUCCESS,UPI collect for GLX-208939 Secondary transport recovery
UPI787013309125,GLX-208982,kesari05@oksbi,Kesari Handlooms Pvt Ltd,06/03/2026 08:49,08/03/2026,AXISUPI260308561,"₹85,018.61","₹1,700.37",₹306.07,"₹83,012.17",,SUCCESS,UPI collect for GLX-208982 Freight recovery billing
UPI795023423848,GLX-209054,utsav22@okhdfcbank,Utsav Bakers LLP,06/03/2026 14:04,07/03/2026,AXISUPI260307700,"₹20,733.00",₹414.66,₹74.64,"₹20,243.70",,SUCCESS,UPI collect for GLX-209054 Testing and calibration charges
UPI330509334562,GLX-209715,yamini71@oksbi,Yamini Home Needs Pvt Ltd,06/03/2026 20:10,08/03/2026,AXISUPI260308177,"₹25,218.77",₹504.38,₹90.79,"₹24,623.60",,SUCCESS,UPI collect for GLX-209715 Export documentation recovery
UPI714760602316,GLX-204483,meghdoot77@okaxis,Meghdoot Packaging LLP,07/03/2026 12:52,08/03/2026,AXISUPI260308900,"₹53,117.00","₹1,062.34",₹191.22,"₹51,863.44",,SUCCESS,UPI collect for GLX-204483 Job work conversion charges
UPI102550902037,GLX-204657,vindhya57@okhdfcbank,Vindhya Plastics Private Limited,07/03/2026 16:27,08/03/2026,AXISUPI260308700,"₹32,514.00",₹650.28,₹117.05,"₹31,746.67",,SUCCESS,UPI collect for GLX-204657 Freight recovery billing
UPI614517468306,GLX-204818,barkat19@okaxis,Barkat Stationers Private Limited,07/03/2026 13:47,08/03/2026,AXISUPI260308300,"₹30,044.00",₹600.88,₹108.16,"₹29,334.96",,SUCCESS,UPI collect for GLX-204818 Tooling amortisation billing
UPI196114064511,GLX-205423,jashan21@okhdfcbank,Jashan Sports Goods Pvt Ltd,07/03/2026 16:41,08/03/2026,AXISUPI260308700,"₹38,904.00",₹778.08,₹140.05,"₹37,985.87",,SUCCESS,UPI collect for GLX-205423 Contract manufacturing charges
UPI272035666328,GLX-205537,shubhankar06@ybl,Shubhankar Electricals LLP,07/03/2026 09:16,08/03/2026,AXISUPI260308800,"₹9,799.00",₹195.98,₹35.28,"₹9,567.74",,SUCCESS,UPI collect for GLX-205537 Mould development charges
UPI501161143383,GLX-205849,sitara11@okaxis,Sitara Packaging Solutions Pvt Ltd,07/03/2026 16:52,08/03/2026,AXISUPI260308420,"₹95,736.20","₹1,914.72",₹344.65,"₹93,476.83",,SUCCESS,UPI collect for GLX-205849 Warehouse handling recovery
UPI175020819427,GLX-206162,nirvaan64@oksbi,Nirvaan Agro Mills Pvt Ltd,07/03/2026 10:08,09/03/2026,AXISUPI260309747,"₹10,320.47",₹206.41,₹37.15,"₹10,076.91",,SUCCESS,UPI collect for GLX-206162 Sample despatch billing
UPI743619426855,GLX-206198,girnar83@ybl,Girnar Pipes and Fittings Pvt Ltd,07/03/2026 11:44,08/03/2026,AXISUPI260308800,"₹31,003.00",₹620.06,₹111.61,"₹30,271.33",,SUCCESS,UPI collect for GLX-206198 Secondary transport recovery
UPI885209799369,GLX-206202,anokhi27@oksbi,Anokhi Kitchenware Pvt Ltd,07/03/2026 11:04,09/03/2026,AXISUPI260309573,"₹35,131.73",₹702.63,₹126.47,"₹34,302.63",,SUCCESS,UPI collect for GLX-206202 Export documentation recovery
UPI971771525199,GLX-206237,kalanjali48@okhdfcbank,Kalanjali Crafts Pvt Ltd,07/03/2026 17:32,08/03/2026,AXISUPI260308100,"₹12,141.00",₹242.82,₹43.71,"₹11,854.47",,SUCCESS,UPI collect for GLX-206237 Job work conversion charges
UPI103748197631,GLX-206386,chirag84@okhdfcbank,Chirag Battery House Pvt Ltd,07/03/2026 10:32,08/03/2026,AXISUPI260308400,"₹40,962.00",₹819.24,₹147.46,"₹39,995.30",,SUCCESS,UPI collect for GLX-206386 Machinery hire charges
UPI431335397341,GLX-206417,madhuban72@okhdfcbank,Madhuban Nurseries Pvt Ltd,07/03/2026 10:46,08/03/2026,AXISUPI260308700,"₹94,308.00","₹1,886.16",₹339.51,"₹92,082.33",,SUCCESS,UPI collect for GLX-206417 Palletisation charges
UPI132730989219,GLX-206443,naaz77@oksbi,Naaz Fabrics Private Limited,07/03/2026 15:29,09/03/2026,AXISUPI260309609,"₹64,463.09","₹1,289.26",₹232.07,"₹62,941.76",,SUCCESS,UPI collect for GLX-206443 Design retainer billing
UPI117741617273,GLX-206484,suvarna62@ybl,Suvarna Weaves LLP,07/03/2026 10:35,08/03/2026,AXISUPI260308200,"₹65,431.00","₹1,308.62",₹235.55,"₹63,886.83",,SUCCESS,UPI collect for GLX-206484 Rework charges billed
UPI916725704154,GLX-206668,vaayu90@okhdfcbank,Vaayu Organics Private Limited,07/03/2026 09:30,08/03/2026,AXISUPI260308982,"₹91,700.82","₹1,834.02",₹330.12,"₹89,536.68",,SUCCESS,UPI collect for GLX-206668 Scrap sale realisation
UPI420370353212,GLX-207514,devgiri93@okhdfcbank,Devgiri Paints LLP,07/03/2026 16:27,08/03/2026,AXISUPI260308100,"₹49,986.00",₹999.72,₹179.95,"₹48,806.33",,SUCCESS,UPI collect for GLX-207514 Annual maintenance billing
UPI158732419641,GLX-208133,sanchit61@ybl,Sanchit Hardware Depot Pvt Ltd,07/03/2026 08:49,08/03/2026,AXISUPI260308200,"₹87,967.00","₹1,759.34",₹316.68,"₹85,890.98",,SUCCESS,UPI collect for GLX-208133 Site erection charges
UPI274911166145,GLX-208158,marudhar51@okaxis,Marudhar Furnishings LLP,07/03/2026 20:38,08/03/2026,AXISUPI260308600,"₹2,345.00",₹46.90,₹8.44,"₹2,289.66",,SUCCESS,UPI collect for GLX-208158 Labelling job billing
UPI819428444713,GLX-209023,rukmini71@okhdfcbank,Rukmini Provisions Private Limited,07/03/2026 14:09,08/03/2026,AXISUPI260308700,"₹12,957.00",₹259.14,₹46.65,"₹12,651.21",,SUCCESS,UPI collect for GLX-209023 Testing and calibration charges
UPI420847103419,GLX-209126,sohrab94@okaxis,Sohrab Auto Spares LLP,07/03/2026 12:52,08/03/2026,AXISUPI260308600,"₹64,310.00","₹1,286.20",₹231.52,"₹62,792.28",,SUCCESS,UPI collect for GLX-209126 Consignment despatch
UPI347406566531,GLX-209133,chandravat73@okhdfcbank,Chandravat Metals Private Limited,07/03/2026 17:00,08/03/2026,AXISUPI260308100,"₹24,921.00",₹498.42,₹89.72,"₹24,332.86",,SUCCESS,UPI collect for GLX-209133 Bulk despatch schedule A
UPI239755911572,GLX-209192,bhavani82@oksbi,Bhavani Steel Trading Pvt Ltd,07/03/2026 12:27,09/03/2026,AXISUPI260309453,"₹41,655.53",₹833.11,₹149.96,"₹40,672.46",,SUCCESS,UPI collect for GLX-209192 Trial batch supply
UPI287057696367,GLX-209253,tanmay40@okaxis,Tanmay Toolroom Private Limited,07/03/2026 08:52,08/03/2026,AXISUPI260308600,"₹4,055.00",₹81.10,₹14.60,"₹3,959.30",,SUCCESS,UPI collect for GLX-209253 Packaging material supply
UPI957878771275,GLX-209665,ambar20@okhdfcbank,Ambar Cold Rooms Pvt Ltd,07/03/2026 15:36,08/03/2026,AXISUPI260308400,"₹83,847.00","₹1,676.94",₹301.85,"₹81,868.21",,SUCCESS,UPI collect for GLX-209665 Spare kit despatch
UPI610715638687,GLX-209811,kaveri64@okaxis,Kaveri Rubber Works Pvt Ltd,07/03/2026 17:47,08/03/2026,AXISUPI260308294,"₹74,971.94","₹1,499.44",₹269.90,"₹73,202.60",,SUCCESS,UPI collect for GLX-209811 Bulk despatch schedule B
UPI896110612517,GLX-204759,kaveri56@okhdfcbank,Kaveri Rubber Works Pvt Ltd,08/03/2026 16:10,09/03/2026,AXISUPI260309778,"₹83,445.78","₹1,668.92",₹300.41,"₹81,476.45",,SUCCESS,UPI collect for GLX-204759 Contract manufacturing charges
UPI437769436679,GLX-205252,bhoomi68@okaxis,Bhoomi Tiles and Sanitary LLP,08/03/2026 15:29,09/03/2026,AXISUPI260309300,"₹15,284.00",₹305.68,₹55.02,"₹14,923.30",,SUCCESS,UPI collect for GLX-205252 Tooling amortisation billing
UPI710736074907,GLX-205338,prithvi27@ybl,Prithvi Seeds and Feeds Pvt Ltd,08/03/2026 08:03,09/03/2026,AXISUPI260309200,"₹10,000.00",₹200.00,₹36.00,"₹9,764.00",,SUCCESS,UPI collect for GLX-205338 Consignment despatch
UPI565341495949,GLX-205357,jashan77@okkotak,Jashan Sports Goods Pvt Ltd,08/03/2026 18:12,10/03/2026,AXISUPI260310625,"₹73,220.25","₹1,464.40",₹263.59,"₹71,492.26",,SUCCESS,UPI collect for GLX-205357 Bulk despatch schedule B
UPI222690880379,GLX-205449,utsav66@ybl,Utsav Bakers LLP,08/03/2026 10:58,09/03/2026,AXISUPI260309800,"₹70,153.00","₹1,403.06",₹252.55,"₹68,497.39",,SUCCESS,UPI collect for GLX-205449 Scrap sale realisation
UPI501957840921,GLX-205594,naaz25@okhdfcbank,Naaz Fabrics Private Limited,08/03/2026 17:36,09/03/2026,AXISUPI260309700,"₹75,345.00","₹1,506.90",₹271.24,"₹73,566.86",,SUCCESS,UPI collect for GLX-205594 Packaging material supply
UPI925399997030,GLX-205678,bhavani95@okhdfcbank,Bhavani Steel Trading Pvt Ltd,08/03/2026 16:26,09/03/2026,AXISUPI260309262,"₹25,813.62",₹516.27,₹92.93,"₹25,204.42",,SUCCESS,UPI collect for GLX-205678 Tooling amortisation billing
UPI646683683607,GLX-205809,yamini23@okicici,Yamini Home Needs Pvt Ltd,08/03/2026 11:02,10/03/2026,AXISUPI260310257,"₹35,911.57",₹718.23,₹129.28,"₹35,064.06",,SUCCESS,UPI collect for GLX-205809 Secondary transport recovery
UPI895337466934,GLX-206609,vaayu67@okhdfcbank,Vaayu Organics Private Limited,08/03/2026 17:36,09/03/2026,AXISUPI260309400,"₹25,113.00",₹502.26,₹90.41,"₹24,520.33",,SUCCESS,UPI collect for GLX-206609 Testing and calibration charges
UPI348920194508,GLX-206626,girnar14@okaxis,Girnar Pipes and Fittings Pvt Ltd,08/03/2026 17:59,09/03/2026,AXISUPI260309630,"₹27,284.30",₹545.69,₹98.22,"₹26,640.39",,SUCCESS,UPI collect for GLX-206626 Export documentation recovery
UPI208231183245,GLX-207025,madhuban52@ybl,Madhuban Nurseries Pvt Ltd,08/03/2026 16:24,09/03/2026,AXISUPI260309296,"₹11,593.96",₹231.88,₹41.74,"₹11,320.34",,SUCCESS,UPI collect for GLX-207025 Sample despatch billing
UPI681334542962,GLX-207086,suvarna50@oksbi,Suvarna Weaves LLP,08/03/2026 13:51,10/03/2026,AXISUPI260310105,"₹95,463.05","₹1,909.26",₹343.67,"₹93,210.12",,SUCCESS,UPI collect for GLX-207086 Labelling job billing
UPI663552760883,GLX-207546,kesari80@ybl,Kesari Handlooms Pvt Ltd,08/03/2026 12:49,09/03/2026,AXISUPI260309800,"₹48,850.00",₹977.00,₹175.86,"₹47,697.14",,SUCCESS,UPI collect for GLX-207546 Annual maintenance billing
UPI618760128679,GLX-207792,palashwood26@ybl,Palashwood Interiors Pvt Ltd,08/03/2026 11:58,09/03/2026,AXISUPI260309866,"₹93,139.66","₹1,862.79",₹335.30,"₹90,941.57",,SUCCESS,UPI collect for GLX-207792 Bulk despatch schedule B
UPI564841370881,GLX-207840,ojas23@okaxis,Ojas Lighting Private Limited,08/03/2026 16:10,09/03/2026,AXISUPI260309600,"₹42,332.00",₹846.64,₹152.40,"₹41,332.96",,SUCCESS,UPI collect for GLX-207840 Palletisation charges
UPI192897430244,GLX-207933,devgiri04@ybl,Devgiri Paints LLP,08/03/2026 15:40,09/03/2026,AXISUPI260309800,"₹67,093.00","₹1,341.86",₹241.53,"₹65,509.61",,SUCCESS,UPI collect for GLX-207933 Freight recovery billing
UPI163540367445,GLX-208434,barkat07@okhdfcbank,Barkat Stationers Private Limited,08/03/2026 11:04,09/03/2026,AXISUPI260309400,"₹76,503.00","₹1,530.06",₹275.41,"₹74,697.53",,SUCCESS,UPI collect for GLX-208434 Trial batch supply
UPI993927013447,GLX-208598,neelkanth30@okkotak,Neelkanth Ceramics Pvt Ltd,08/03/2026 10:12,10/03/2026,AXISUPI260310859,"₹63,493.59","₹1,269.87",₹228.58,"₹61,995.14",,SUCCESS,UPI collect for GLX-208598 Mould development charges
UPI643045633080,GLX-208855,sanchit60@okhdfcbank,Sanchit Hardware Depot Pvt Ltd,08/03/2026 14:10,09/03/2026,AXISUPI260309418,₹984.18,₹19.68,₹3.54,₹960.96,,SUCCESS,UPI collect for GLX-208855 Job work conversion charges
UPI140834243954,GLX-208893,meghdoot92@okicici,Meghdoot Packaging LLP,08/03/2026 17:58,10/03/2026,AXISUPI260310497,"₹40,512.97",₹810.26,₹145.85,"₹39,556.86",,SUCCESS,UPI collect for GLX-208893 Site erection charges
UPI511497176842,GLX-208914,shubhankar26@okicici,Shubhankar Electricals LLP,08/03/2026 20:33,10/03/2026,AXISUPI260310239,"₹91,693.39","₹1,833.87",₹330.10,"₹89,529.42",,SUCCESS,UPI collect for GLX-208914 Machinery hire charges
UPI707538052863,GLX-209260,sitara05@ybl,Sitara Packaging Solutions Pvt Ltd,08/03/2026 19:12,09/03/2026,AXISUPI260309200,"₹50,959.00","₹1,019.18",₹183.45,"₹49,756.37",,SUCCESS,UPI collect for GLX-209260 Spare kit despatch
UPI729079426080,GLX-209413,ranjeet66@okaxis,Ranjeet Timber Depot Pvt Ltd,08/03/2026 14:29,09/03/2026,AXISUPI260309600,"₹69,377.00","₹1,387.54",₹249.76,"₹67,739.70",,SUCCESS,UPI collect for GLX-209413 Warehouse handling recovery
UPI161863113974,GLX-209438,ekansh06@okaxis,Ekansh Glassworks Private Limited,08/03/2026 08:52,09/03/2026,AXISUPI260309900,"₹34,631.00",₹692.62,₹124.67,"₹33,813.71",,SUCCESS,UPI collect for GLX-209438 Rework charges billed
UPI315512123864,GLX-209526,tarangini87@okaxis,Tarangini Prints LLP,08/03/2026 11:20,09/03/2026,AXISUPI260309300,"₹49,790.00",₹995.80,₹179.24,"₹48,614.96",,SUCCESS,UPI collect for GLX-209526 Design retainer billing
UPI804151147732,GLX-209697,sohrab31@okhdfcbank,Sohrab Auto Spares LLP,08/03/2026 13:19,09/03/2026,AXISUPI260309538,"₹37,957.38",₹759.15,₹136.65,"₹37,061.58",,SUCCESS,UPI collect for GLX-209697 Bulk despatch schedule A
UPI867757024180,GLX-204128,palashwood02@okhdfcbank,Palashwood Interiors Pvt Ltd,09/03/2026 09:08,10/03/2026,AXISUPI260310334,"₹38,369.34",₹767.39,₹138.13,"₹37,463.82",,SUCCESS,UPI collect for GLX-204128 Contract manufacturing charges
UPI990584735870,GLX-204850,kaveri11@okaxis,Kaveri Rubber Works Pvt Ltd,09/03/2026 09:33,10/03/2026,AXISUPI260310300,"₹18,272.00",₹365.44,₹65.78,"₹17,840.78",,SUCCESS,UPI collect for GLX-204850 Bulk despatch schedule B
UPI240094253345,GLX-205237,ranjeet34@oksbi,Ranjeet Timber Depot Pvt Ltd,09/03/2026 09:05,11/03/2026,AXISUPI260311177,"₹60,255.77","₹1,205.12",₹216.92,"₹58,833.73",,SUCCESS,UPI collect for GLX-205237 Spare kit despatch
UPI179448411478,GLX-205834,chirag64@okaxis,Chirag Battery House Pvt Ltd,09/03/2026 16:13,10/03/2026,AXISUPI260310276,"₹2,809.76",₹56.20,₹10.12,"₹2,743.44",,SUCCESS,UPI collect for GLX-205834 Mould development charges
UPI196808051600,GLX-205894,chandravat08@okhdfcbank,Chandravat Metals Private Limited,09/03/2026 20:18,10/03/2026,AXISUPI260310700,"₹63,861.00","₹1,277.22",₹229.90,"₹62,353.88",,SUCCESS,UPI collect for GLX-205894 Consignment despatch
UPI275348765911,GLX-206074,barkat74@okaxis,Barkat Stationers Private Limited,09/03/2026 20:38,10/03/2026,AXISUPI260310600,"₹25,277.00",₹505.54,₹91.00,"₹24,680.46",,SUCCESS,UPI collect for GLX-206074 Tooling amortisation billing
UPI476191452114,GLX-206187,prithvi35@okaxis,Prithvi Seeds and Feeds Pvt Ltd,09/03/2026 11:31,10/03/2026,AXISUPI260310984,"₹50,165.84","₹1,003.32",₹180.60,"₹48,981.92",,SUCCESS,UPI collect for GLX-206187 Bulk despatch schedule A
UPI622317435658,GLX-206315,nirvaan01@okicici,Nirvaan Agro Mills Pvt Ltd,09/03/2026 10:56,11/03/2026,AXISUPI260311533,"₹81,049.33","₹1,620.99",₹291.78,"₹79,136.56",,SUCCESS,UPI collect for GLX-206315 Palletisation charges
UPI816376316856,GLX-206333,kalanjali87@ybl,Kalanjali Crafts Pvt Ltd,09/03/2026 08:03,10/03/2026,AXISUPI260310200,"₹21,466.00",₹429.32,₹77.28,"₹20,959.40",,SUCCESS,UPI collect for GLX-206333 Site erection charges
UPI633144684269,GLX-206358,utsav64@okkotak,Utsav Bakers LLP,09/03/2026 18:38,11/03/2026,AXISUPI260311901,"₹22,040.01",₹440.80,₹79.34,"₹21,519.87",,SUCCESS,UPI collect for GLX-206358 Testing and calibration charges
UPI643737445150,GLX-206394,ekansh12@okicici,Ekansh Glassworks Private Limited,09/03/2026 20:58,11/03/2026,AXISUPI260311983,"₹64,934.83","₹1,298.70",₹233.77,"₹63,402.36",,SUCCESS,UPI collect for GLX-206394 Labelling job billing
UPI708169606856,GLX-206671,kesari23@okkotak,Kesari Handlooms Pvt Ltd,09/03/2026 19:03,11/03/2026,AXISUPI260311571,"₹28,696.71",₹573.93,₹103.31,"₹28,019.47",,SUCCESS,UPI collect for GLX-206671 Freight recovery billing
UPI799229107341,GLX-207038,tarangini43@okhdfcbank,Tarangini Prints LLP,09/03/2026 18:42,10/03/2026,AXISUPI260310172,"₹30,222.72",₹604.45,₹108.80,"₹29,509.47",,SUCCESS,UPI collect for GLX-207038 Packaging material supply
UPI453566814245,GLX-207365,ojas61@ybl,Ojas Lighting Private Limited,09/03/2026 10:21,10/03/2026,AXISUPI260310500,"₹17,545.00",₹350.90,₹63.16,"₹17,130.94",,SUCCESS,UPI collect for GLX-207365 Sample despatch billing
UPI404672880665,GLX-207531,bhoomi14@oksbi,Bhoomi Tiles and Sanitary LLP,09/03/2026 14:42,11/03/2026,AXISUPI260311591,"₹70,267.91","₹1,405.36",₹252.96,"₹68,609.59",,SUCCESS,UPI collect for GLX-207531 Trial batch supply
UPI608836884163,GLX-207929,naaz81@ybl,Naaz Fabrics Private Limited,09/03/2026 16:35,10/03/2026,AXISUPI260310800,"₹3,616.00",₹72.32,₹13.02,"₹3,530.66",,SUCCESS,UPI collect for GLX-207929 Design retainer billing
UPI884696049264,GLX-207961,anokhi16@okhdfcbank,Anokhi Kitchenware Pvt Ltd,09/03/2026 20:41,10/03/2026,AXISUPI260310100,"₹32,274.00",₹645.48,₹116.19,"₹31,512.33",,SUCCESS,UPI collect for GLX-207961 Secondary transport recovery
UPI852701023668,GLX-208057,ambar74@okicici,Ambar Cold Rooms Pvt Ltd,09/03/2026 17:35,11/03/2026,AXISUPI260311197,"₹17,226.97",₹344.54,₹62.02,"₹16,820.41",,SUCCESS,UPI collect for GLX-208057 Warehouse handling recovery
UPI963151135871,GLX-208278,meghdoot70@okhdfcbank,Meghdoot Packaging LLP,09/03/2026 12:13,10/03/2026,AXISUPI260310274,"₹28,549.74",₹570.99,₹102.78,"₹27,875.97",,SUCCESS,UPI collect for GLX-208278 Job work conversion charges
UPI832624950199,GLX-208397,vindhya51@okaxis,Vindhya Plastics Private Limited,09/03/2026 10:15,10/03/2026,AXISUPI260310600,"₹74,804.00","₹1,496.08",₹269.29,"₹73,038.63",,SUCCESS,UPI collect for GLX-208397 Annual maintenance billing
UPI918724910286,GLX-208668,neelkanth46@okhdfcbank,Neelkanth Ceramics Pvt Ltd,09/03/2026 16:27,10/03/2026,AXISUPI260310400,"₹33,060.00",₹661.20,₹119.02,"₹32,279.78",,SUCCESS,UPI collect for GLX-208668 Machinery hire charges
UPI800720916258,GLX-209321,yamini00@okhdfcbank,Yamini Home Needs Pvt Ltd,09/03/2026 11:23,10/03/2026,AXISUPI260310100,"₹75,078.00","₹1,501.56",₹270.28,"₹73,306.16",,SUCCESS,UPI collect for GLX-209321 Export documentation recovery
UPI307495092209,GLX-209412,tanmay57@okhdfcbank,Tanmay Toolroom Private Limited,09/03/2026 14:27,10/03/2026,AXISUPI260310400,"₹28,731.00",₹574.62,₹103.43,"₹28,052.95",,SUCCESS,UPI collect for GLX-209412 Design retainer billing
UPI714249476904,GLX-209605,marudhar19@oksbi,Marudhar Furnishings LLP,09/03/2026 11:41,11/03/2026,AXISUPI260311993,"₹19,052.93",₹381.06,₹68.59,"₹18,603.28",,SUCCESS,UPI collect for GLX-209605 Rework charges billed
UPI354628989044,GLX-209778,rukmini26@okaxis,Rukmini Provisions Private Limited,09/03/2026 14:47,10/03/2026,AXISUPI260310300,"₹69,590.00","₹1,391.80",₹250.52,"₹67,947.68",,SUCCESS,UPI collect for GLX-209778 Scrap sale realisation
UPI230162745156,GLX-204266,bhoomi20@okhdfcbank,Bhoomi Tiles and Sanitary LLP,10/03/2026 10:41,11/03/2026,AXISUPI260311100,"₹56,493.00","₹1,129.86",₹203.37,"₹55,159.77",,SUCCESS,UPI collect for GLX-204266 Tooling amortisation billing
UPI813435696333,GLX-205023,rukmini88@okhdfcbank,Rukmini Provisions Private Limited,10/03/2026 19:30,11/03/2026,AXISUPI260311490,"₹95,124.90","₹1,902.50",₹342.45,"₹92,879.95",,SUCCESS,UPI collect for GLX-205023 Testing and calibration charges
UPI948932679910,GLX-205497,jashan41@okkotak,Jashan Sports Goods Pvt Ltd,10/03/2026 13:20,12/03/2026,AXISUPI260312181,"₹84,312.81","₹1,686.26",₹303.53,"₹82,323.02",,SUCCESS,UPI collect for GLX-205497 Contract manufacturing charges
UPI570269216403,GLX-205874,bhavani78@okkotak,Bhavani Steel Trading Pvt Ltd,10/03/2026 13:03,12/03/2026,AXISUPI260312871,"₹67,579.71","₹1,351.59",₹243.29,"₹65,984.83",,SUCCESS,UPI collect for GLX-205874 Trial batch supply
UPI767077541162,GLX-205901,nirvaan05@okicici,Nirvaan Agro Mills Pvt Ltd,10/03/2026 12:21,12/03/2026,AXISUPI260312857,"₹61,513.57","₹1,230.27",₹221.45,"₹60,061.85",,SUCCESS,UPI collect for GLX-205901 Sample despatch billing
UPI937255245343,GLX-206588,vaayu33@okaxis,Vaayu Organics Private Limited,10/03/2026 20:49,11/03/2026,AXISUPI260311744,"₹93,957.44","₹1,879.15",₹338.25,"₹91,740.04",,SUCCESS,UPI collect for GLX-206588 Scrap sale realisation
UPI576519887577,GLX-206896,madhuban95@ybl,Madhuban Nurseries Pvt Ltd,10/03/2026 13:07,11/03/2026,AXISUPI260311500,"₹72,814.00","₹1,456.28",₹262.13,"₹71,095.59",,SUCCESS,UPI collect for GLX-206896 Palletisation charges
UPI242152690480,GLX-206983,tanmay66@okaxis,Tanmay Toolroom Private Limited,10/03/2026 19:43,11/03/2026,AXISUPI260311300,"₹51,626.00","₹1,032.52",₹185.85,"₹50,407.63",,SUCCESS,UPI collect for GLX-206983 Packaging material supply
UPI813009564183,GLX-207023,sitara46@ybl,Sitara Packaging Solutions Pvt Ltd,10/03/2026 14:21,11/03/2026,AXISUPI260311500,"₹88,447.00","₹1,768.94",₹318.41,"₹86,359.65",,SUCCESS,UPI collect for GLX-207023 Warehouse handling recovery
UPI232130361394,GLX-207171,girnar77@ybl,Girnar Pipes and Fittings Pvt Ltd,10/03/2026 09:30,11/03/2026,AXISUPI260311800,"₹71,062.00","₹1,421.24",₹255.82,"₹69,384.94",,SUCCESS,UPI collect for GLX-207171 Secondary transport recovery
UPI856049157394,GLX-207251,sanchit13@okhdfcbank,Sanchit Hardware Depot Pvt Ltd,10/03/2026 14:55,11/03/2026,AXISUPI260311400,"₹52,158.00","₹1,043.16",₹187.77,"₹50,927.07",,SUCCESS,UPI collect for GLX-207251 Site erection charges
UPI286988692922,GLX-207304,palashwood27@okhdfcbank,Palashwood Interiors Pvt Ltd,10/03/2026 14:27,11/03/2026,AXISUPI260311400,"₹22,998.00",₹459.96,₹82.79,"₹22,455.25",,SUCCESS,UPI collect for GLX-207304 Bulk despatch schedule B
UPI641286165593,GLX-207376,chirag95@oksbi,Chirag Battery House Pvt Ltd,10/03/2026 19:29,12/03/2026,AXISUPI260312669,"₹43,691.69",₹873.83,₹157.29,"₹42,660.57",,SUCCESS,UPI collect for GLX-207376 Machinery hire charges
UPI111938105664,GLX-207906,suvarna61@okhdfcbank,Suvarna Weaves LLP,10/03/2026 18:04,11/03/2026,AXISUPI260311400,"₹11,919.00",₹238.38,₹42.91,"₹11,637.71",,SUCCESS,UPI collect for GLX-207906 Rework charges billed
UPI428238278350,GLX-208007,tarangini94@okaxis,Tarangini Prints LLP,10/03/2026 10:06,11/03/2026,AXISUPI260311900,"₹31,427.00",₹628.54,₹113.14,"₹30,685.32",,SUCCESS,UPI collect for GLX-208007 Design retainer billing
UPI874686590187,GLX-208259,sohrab02@okhdfcbank,Sohrab Auto Spares LLP,10/03/2026 16:32,11/03/2026,AXISUPI260311700,"₹41,937.00",₹838.74,₹150.97,"₹40,947.29",,SUCCESS,UPI collect for GLX-208259 Consignment despatch
UPI467790288036,GLX-208659,utsav65@okhdfcbank,Utsav Bakers LLP,10/03/2026 11:23,11/03/2026,AXISUPI260311400,"₹21,297.00",₹425.94,₹76.67,"₹20,794.39",,SUCCESS,UPI collect for GLX-208659 Scrap sale realisation
UPI815409151661,GLX-208664,suvarna28@okaxis,Suvarna Weaves LLP,10/03/2026 10:55,04/04/2026,AXISUPI260404456,"₹40,278.56",₹805.57,₹145.00,"₹39,327.99",,SUCCESS,UPI collect for GLX-208664 Labelling job billing
UPI289054484702,GLX-208866,kalanjali69@okicici,Kalanjali Crafts Pvt Ltd,10/03/2026 15:25,12/03/2026,AXISUPI260312485,"₹62,301.85","₹1,246.04",₹224.29,"₹60,831.52",,SUCCESS,UPI collect for GLX-208866 Job work conversion charges
UPI641448874081,GLX-208980,shubhankar81@okhdfcbank,Shubhankar Electricals LLP,10/03/2026 16:18,11/03/2026,AXISUPI260311400,"₹62,301.00","₹1,246.02",₹224.28,"₹60,830.70",,SUCCESS,UPI collect for GLX-208980 Mould development charges
UPI956554818829,GLX-209343,anokhi22@okaxis,Anokhi Kitchenware Pvt Ltd,10/03/2026 08:06,11/03/2026,AXISUPI260311900,"₹72,143.00","₹1,442.86",₹259.71,"₹70,440.43",,SUCCESS,UPI collect for GLX-209343 Export documentation recovery
UPI789757311455,GLX-209425,chandravat30@okhdfcbank,Chandravat Metals Private Limited,10/03/2026 12:40,11/03/2026,AXISUPI260311508,"₹41,782.08",₹835.64,₹150.42,"₹40,796.02",,SUCCESS,UPI collect for GLX-209425 Bulk despatch schedule A
UPI808855617888,GLX-209462,devgiri19@okkotak,Devgiri Paints LLP,10/03/2026 13:23,12/03/2026,AXISUPI260312169,"₹39,915.69",₹798.31,₹143.70,"₹38,973.68",,SUCCESS,UPI collect for GLX-209462 Annual maintenance billing
UPI447503784816,GLX-209961,vindhya60@okhdfcbank,Vindhya Plastics Private Limited,10/03/2026 14:18,11/03/2026,AXISUPI260311700,"₹4,191.00",₹83.82,₹15.09,"₹4,092.09",,SUCCESS,UPI collect for GLX-209961 Freight recovery billing
UPI937859179205,GLX-209962,ambar61@okaxis,Ambar Cold Rooms Pvt Ltd,10/03/2026 13:06,11/03/2026,AXISUPI260311300,"₹93,593.00","₹1,871.86",₹336.93,"₹91,384.21",,SUCCESS,UPI collect for GLX-209962 Spare kit despatch
UPI714948592754,GLX-209969,marudhar36@okaxis,Marudhar Furnishings LLP,10/03/2026 15:14,11/03/2026,AXISUPI260311882,"₹82,564.82","₹1,651.30",₹297.23,"₹80,616.29",,SUCCESS,UPI collect for GLX-209969 Labelling job billing
UPI845997043420,GLX-204186,shubhankar38@okaxis,Shubhankar Electricals LLP,11/03/2026 19:56,12/03/2026,AXISUPI260312900,"₹91,322.00","₹1,826.44",₹328.76,"₹89,166.80",,SUCCESS,UPI collect for GLX-204186 Machinery hire charges
UPI876193614284,GLX-204645,kesari63@ybl,Kesari Handlooms Pvt Ltd,11/03/2026 12:08,12/03/2026,AXISUPI260312932,"₹50,030.32","₹1,000.61",₹180.11,"₹48,849.60",,SUCCESS,UPI collect for GLX-204645 Annual maintenance billing
UPI571980274750,GLX-204702,barkat41@okhdfcbank,Barkat Stationers Private Limited,11/03/2026 10:18,12/03/2026,AXISUPI260312100,"₹43,308.00",₹866.16,₹155.91,"₹42,285.93",,SUCCESS,UPI collect for GLX-204702 Trial batch supply
UPI773104726407,GLX-204929,neelkanth14@ybl,Neelkanth Ceramics Pvt Ltd,11/03/2026 13:53,12/03/2026,AXISUPI260312200,"₹89,083.00","₹1,781.66",₹320.70,"₹86,980.64",,SUCCESS,UPI collect for GLX-204929 Mould development charges
UPI497408832347,GLX-204956,sohrab51@okkotak,Sohrab Auto Spares LLP,11/03/2026 10:36,13/03/2026,AXISUPI260313991,"₹83,924.91","₹1,678.50",₹302.13,"₹81,944.28",,SUCCESS,UPI collect for GLX-204956 Bulk despatch schedule A
UPI610566064781,GLX-205100,vaayu36@okhdfcbank,Vaayu Organics Private Limited,11/03/2026 18:40,12/03/2026,AXISUPI260312628,"₹17,204.28",₹344.09,₹61.94,"₹16,798.25",,SUCCESS,UPI collect for GLX-205100 Testing and calibration charges
UPI444717817708,GLX-205103,tanmay93@ybl,Tanmay Toolroom Private Limited,11/03/2026 19:03,12/03/2026,AXISUPI260312800,"₹82,384.00","₹1,647.68",₹296.58,"₹80,439.74",,SUCCESS,UPI collect for GLX-205103 Design retainer billing
UPI510314248496,GLX-205110,jashan41@okaxis,Jashan Sports Goods Pvt Ltd,11/03/2026 10:29,12/03/2026,AXISUPI260312900,"₹43,793.00",₹875.86,₹157.65,"₹42,759.49",,SUCCESS,UPI collect for GLX-205110 Bulk despatch schedule B
UPI436601024962,GLX-205531,madhuban49@okhdfcbank,Madhuban Nurseries Pvt Ltd,11/03/2026 19:41,12/03/2026,AXISUPI260312454,"₹31,782.54",₹635.65,₹114.42,"₹31,032.47",,SUCCESS,UPI collect for GLX-205531 Sample despatch billing
UPI157935250739,GLX-205533,nirvaan50@okkotak,Nirvaan Agro Mills Pvt Ltd,11/03/2026 17:02,13/03/2026,AXISUPI260313187,"₹23,688.87",₹473.78,₹85.28,"₹23,129.81",,SUCCESS,UPI collect for GLX-205533 Palletisation charges
UPI510102682280,GLX-206183,girnar22@okaxis,Girnar Pipes and Fittings Pvt Ltd,11/03/2026 10:43,12/03/2026,AXISUPI260312900,"₹8,414.00",₹168.28,₹30.29,"₹8,215.43",,SUCCESS,UPI collect for GLX-206183 Export documentation recovery
UPI370928924804,GLX-206426,anokhi41@okhdfcbank,Anokhi Kitchenware Pvt Ltd,11/03/2026 08:09,12/03/2026,AXISUPI260312700,"₹75,318.00","₹1,506.36",₹271.14,"₹73,540.50",,SUCCESS,UPI collect for GLX-206426 Secondary transport recovery
UPI988311118254,GLX-206492,kaveri11@okaxis,Kaveri Rubber Works Pvt Ltd,11/03/2026 14:25,12/03/2026,AXISUPI260312252,"₹48,745.52",₹974.91,₹175.48,"₹47,595.13",,SUCCESS,UPI collect for GLX-206492 Contract manufacturing charges
UPI505976248050,GLX-206583,bhavani46@okicici,Bhavani Steel Trading Pvt Ltd,11/03/2026 12:47,13/03/2026,AXISUPI260313473,"₹73,614.73","₹1,472.29",₹265.01,"₹71,877.43",,SUCCESS,UPI collect for GLX-206583 Tooling amortisation billing
UPI212156391096,GLX-206786,rukmini89@okkotak,Rukmini Provisions Private Limited,11/03/2026 12:13,13/03/2026,AXISUPI260313877,"₹42,199.77",₹844.00,₹151.92,"₹41,203.85",,SUCCESS,UPI collect for GLX-206786 Scrap sale realisation
UPI448238619491,GLX-207342,devgiri00@ybl,Devgiri Paints LLP,11/03/2026 18:53,12/03/2026,AXISUPI260312500,"₹81,868.00","₹1,637.36",₹294.72,"₹79,935.92",,SUCCESS,UPI collect for GLX-207342 Freight recovery billing
UPI408504795912,GLX-207563,meghdoot36@okhdfcbank,Meghdoot Packaging LLP,11/03/2026 08:55,12/03/2026,AXISUPI260312520,"₹42,556.20",₹851.12,₹153.20,"₹41,551.88",,SUCCESS,UPI collect for GLX-207563 Site erection charges
UPI151652733874,GLX-207592,sitara55@okhdfcbank,Sitara Packaging Solutions Pvt Ltd,11/03/2026 08:09,12/03/2026,AXISUPI260312400,"₹14,439.00",₹288.78,₹51.98,"₹14,098.24",,SUCCESS,UPI collect for GLX-207592 Spare kit despatch
UPI222811054856,GLX-207679,yamini02@okicici,Yamini Home Needs Pvt Ltd,11/03/2026 09:57,13/03/2026,AXISUPI260313131,"₹83,475.31","₹1,669.51",₹300.51,"₹81,505.29",,SUCCESS,UPI collect for GLX-207679 Secondary transport recovery
UPI740920100987,GLX-207844,ekansh72@okhdfcbank,Ekansh Glassworks Private Limited,11/03/2026 17:22,12/03/2026,AXISUPI260312388,"₹42,707.88",₹854.16,₹153.75,"₹41,699.97",,SUCCESS,UPI collect for GLX-207844 Rework charges billed
UPI517541346596,GLX-208298,suvarna01@ybl,Suvarna Weaves LLP,11/03/2026 12:21,12/03/2026,AXISUPI260312500,"₹62,824.00","₹1,256.48",₹226.17,"₹61,341.35",,SUCCESS,UPI collect for GLX-208298 Labelling job billing
UPI195561694600,GLX-208393,prithvi22@okhdfcbank,Prithvi Seeds and Feeds Pvt Ltd,11/03/2026 20:36,12/03/2026,AXISUPI260312100,"₹63,801.00","₹1,276.02",₹229.68,"₹62,295.30",,SUCCESS,UPI collect for GLX-208393 Consignment despatch
UPI754562755232,GLX-208791,ranjeet90@ybl,Ranjeet Timber Depot Pvt Ltd,11/03/2026 13:26,12/03/2026,AXISUPI260312500,"₹13,513.00",₹270.26,₹48.65,"₹13,194.09",,SUCCESS,UPI collect for GLX-208791 Warehouse handling recovery
UPI252514085848,GLX-209077,sanchit40@ybl,Sanchit Hardware Depot Pvt Ltd,11/03/2026 16:12,12/03/2026,AXISUPI260312200,"₹89,803.00","₹1,796.06",₹323.29,"₹87,683.65",,SUCCESS,UPI collect for GLX-209077 Job work conversion charges
UPI133668294854,GLX-209138,naaz78@okaxis,Naaz Fabrics Private Limited,11/03/2026 09:01,12/03/2026,AXISUPI260312300,"₹86,744.00","₹1,734.88",₹312.28,"₹84,696.84",,SUCCESS,UPI collect for GLX-209138 Packaging material supply
UPI695583375540,GLX-204379,girnar04@okicici,Girnar Pipes and Fittings Pvt Ltd,12/03/2026 13:38,14/03/2026,AXISUPI260314605,"₹62,015.05","₹1,240.30",₹223.25,"₹60,551.50",,SUCCESS,UPI collect for GLX-204379 Secondary transport recovery
UPI619692526228,GLX-204572,neelkanth35@okicici,Neelkanth Ceramics Pvt Ltd,12/03/2026 10:21,14/03/2026,AXISUPI260314437,"₹84,648.37","₹1,692.97",₹304.73,"₹82,650.67",,SUCCESS,UPI collect for GLX-204572 Machinery hire charges
UPI466398192354,GLX-205335,shubhankar78@oksbi,Shubhankar Electricals LLP,12/03/2026 20:43,14/03/2026,AXISUPI260314249,"₹54,847.49","₹1,096.95",₹197.45,"₹53,553.09",,SUCCESS,UPI collect for GLX-205335 Mould development charges
UPI795289385163,GLX-205552,kesari14@ybl,Kesari Handlooms Pvt Ltd,12/03/2026 20:03,13/03/2026,AXISUPI260313326,"₹58,196.26","₹1,163.93",₹209.51,"₹56,822.82",,SUCCESS,UPI collect for GLX-205552 Freight recovery billing
UPI637827393302,GLX-205632,barkat94@okhdfcbank,Barkat Stationers Private Limited,12/03/2026 14:55,13/03/2026,AXISUPI260313100,"₹64,989.00","₹1,299.78",₹233.96,"₹63,455.26",,SUCCESS,UPI collect for GLX-205632 Tooling amortisation billing
UPI640548007348,GLX-206205,yamini09@okkotak,Yamini Home Needs Pvt Ltd,12/03/2026 15:16,14/03/2026,AXISUPI260314919,"₹69,578.19","₹1,391.56",₹250.48,"₹67,936.15",,SUCCESS,UPI collect for GLX-206205 Export documentation recovery
UPI561430277925,GLX-206263,vaayu38@okhdfcbank,Vaayu Organics Private Limited,12/03/2026 15:47,13/03/2026,AXISUPI260313352,"₹66,602.52","₹1,332.05",₹239.77,"₹65,030.70",,SUCCESS,UPI collect for GLX-206263 Scrap sale realisation
UPI519449797129,GLX-206268,vindhya45@ybl,Vindhya Plastics Private Limited,12/03/2026 08:40,13/03/2026,AXISUPI260313566,"₹34,816.66",₹696.33,₹125.34,"₹33,994.99",,SUCCESS,UPI collect for GLX-206268 Annual maintenance billing
UPI899292098072,GLX-206452,naaz09@okicici,Naaz Fabrics Private Limited,12/03/2026 19:38,14/03/2026,AXISUPI260314359,"₹66,008.59","₹1,320.17",₹237.63,"₹64,450.79",,SUCCESS,UPI collect for GLX-206452 Design retainer billing
UPI444836079436,GLX-206658,ojas18@okicici,Ojas Lighting Private Limited,12/03/2026 17:02,14/03/2026,AXISUPI260314437,"₹27,768.37",₹555.37,₹99.97,"₹27,113.03",,SUCCESS,UPI collect for GLX-206658 Sample despatch billing
UPI688495204950,GLX-207556,tarangini80@okhdfcbank,Tarangini Prints LLP,12/03/2026 08:18,13/03/2026,AXISUPI260313100,"₹49,626.00",₹992.52,₹178.65,"₹48,454.83",,SUCCESS,UPI collect for GLX-207556 Packaging material supply
UPI618200356984,GLX-207897,devgiri74@oksbi,Devgiri Paints LLP,12/03/2026 10:40,14/03/2026,AXISUPI260314561,"₹87,466.61","₹1,749.33",₹314.88,"₹85,402.40",,SUCCESS,UPI collect for GLX-207897 Annual maintenance billing
UPI581725425337,GLX-207912,kaveri78@ybl,Kaveri Rubber Works Pvt Ltd,12/03/2026 12:44,13/03/2026,AXISUPI260313500,"₹73,552.00","₹1,471.04",₹264.79,"₹71,816.17",,SUCCESS,UPI collect for GLX-207912 Bulk despatch schedule B
UPI378834972771,GLX-207967,ambar20@okhdfcbank,Ambar Cold Rooms Pvt Ltd,12/03/2026 12:18,13/03/2026,AXISUPI260313400,"₹19,245.00",₹384.90,₹69.28,"₹18,790.82",,SUCCESS,UPI collect for GLX-207967 Warehouse handling recovery
UPI383906382475,GLX-208146,palashwood45@okaxis,Palashwood Interiors Pvt Ltd,12/03/2026 19:06,13/03/2026,AXISUPI260313300,"₹64,811.00","₹1,296.22",₹233.32,"₹63,281.46",,SUCCESS,UPI collect for GLX-208146 Contract manufacturing charges
UPI542107138179,GLX-208151,bhoomi42@ybl,Bhoomi Tiles and Sanitary LLP,12/03/2026 10:47,13/03/2026,AXISUPI260313536,"₹23,476.36",₹469.53,₹84.52,"₹22,922.31",,SUCCESS,UPI collect for GLX-208151 Trial batch supply
UPI471717173022,GLX-208331,madhuban48@okicici,Madhuban Nurseries Pvt Ltd,12/03/2026 10:04,14/03/2026,AXISUPI260314215,"₹74,701.15","₹1,494.02",₹268.92,"₹72,938.21",,SUCCESS,UPI collect for GLX-208331 Palletisation charges
UPI107232759788,GLX-208446,utsav81@okhdfcbank,Utsav Bakers LLP,12/03/2026 13:13,13/03/2026,AXISUPI260313100,"₹48,042.00",₹960.84,₹172.95,"₹46,908.21",,SUCCESS,UPI collect for GLX-208446 Testing and calibration charges
UPI501334452303,GLX-208817,prithvi30@okhdfcbank,Prithvi Seeds and Feeds Pvt Ltd,12/03/2026 09:00,13/03/2026,AXISUPI260313400,"₹9,516.00",₹190.32,₹34.26,"₹9,291.42",,SUCCESS,UPI collect for GLX-208817 Bulk despatch schedule A
UPI628540678415,GLX-208844,marudhar88@okhdfcbank,Marudhar Furnishings LLP,12/03/2026 11:23,13/03/2026,AXISUPI260313400,"₹44,229.00",₹884.58,₹159.22,"₹43,185.20",,SUCCESS,UPI collect for GLX-208844 Rework charges billed
UPI129161139301,GLX-209250,kalanjali71@ybl,Kalanjali Crafts Pvt Ltd,12/03/2026 12:49,13/03/2026,AXISUPI260313800,"₹70,963.00","₹1,419.26",₹255.47,"₹69,288.27",,SUCCESS,UPI collect for GLX-209250 Site erection charges
UPI825743425030,GLX-209262,meghdoot16@ybl,Meghdoot Packaging LLP,12/03/2026 12:49,13/03/2026,AXISUPI260313500,"₹20,731.00",₹414.62,₹74.63,"₹20,241.75",,SUCCESS,UPI collect for GLX-209262 Job work conversion charges
UPI762765735066,GLX-209481,chirag71@ybl,Chirag Battery House Pvt Ltd,12/03/2026 11:20,13/03/2026,AXISUPI260313488,"₹20,235.88",₹404.72,₹72.85,"₹19,758.31",,SUCCESS,UPI collect for GLX-209481 Mould development charges
UPI874246615911,GLX-209716,chandravat33@ybl,Chandravat Metals Private Limited,12/03/2026 13:20,13/03/2026,AXISUPI260313242,"₹16,390.42",₹327.81,₹59.01,"₹16,003.60",,SUCCESS,UPI collect for GLX-209716 Consignment despatch
UPI122135074263,GLX-209920,ranjeet48@okaxis,Ranjeet Timber Depot Pvt Ltd,12/03/2026 19:52,13/03/2026,AXISUPI260313300,"₹60,059.00","₹1,201.18",₹216.21,"₹58,641.61",,SUCCESS,UPI collect for GLX-209920 Spare kit despatch
UPI875487374774,GLX-209994,ekansh81@okhdfcbank,Ekansh Glassworks Private Limited,12/03/2026 18:50,13/03/2026,AXISUPI260313700,"₹71,322.00","₹1,426.44",₹256.76,"₹69,638.80",,SUCCESS,UPI collect for GLX-209994 Labelling job billing
UPI609539674679,GLX-204508,bhoomi37@ybl,Bhoomi Tiles and Sanitary LLP,13/03/2026 14:05,14/03/2026,AXISUPI260314350,"₹94,700.50","₹1,894.01",₹340.92,"₹92,465.57",,SUCCESS,UPI collect for GLX-204508 Tooling amortisation billing
UPI187135904065,GLX-204623,kesari82@okhdfcbank,Kesari Handlooms Pvt Ltd,13/03/2026 08:04,14/03/2026,AXISUPI260314994,"₹32,588.94",₹651.78,₹117.32,"₹31,819.84",,SUCCESS,UPI collect for GLX-204623 Annual maintenance billing
UPI266004296522,GLX-205029,anokhi07@okkotak,Anokhi Kitchenware Pvt Ltd,13/03/2026 14:45,15/03/2026,AXISUPI260315631,"₹15,512.31",₹310.25,₹55.84,"₹15,146.22",,SUCCESS,UPI collect for GLX-205029 Export documentation recovery
UPI204945872823,GLX-205039,suvarna78@ybl,Suvarna Weaves LLP,13/03/2026 18:07,14/03/2026,AXISUPI260314800,"₹72,970.00","₹1,459.40",₹262.69,"₹71,247.91",,SUCCESS,UPI collect for GLX-205039 Rework charges billed
UPI846241118259,GLX-205081,bhavani34@okhdfcbank,Bhavani Steel Trading Pvt Ltd,13/03/2026 16:28,14/03/2026,AXISUPI260314292,"₹56,467.92","₹1,129.36",₹203.28,"₹55,135.28",,SUCCESS,UPI collect for GLX-205081 Trial batch supply
UPI187489491054,GLX-205135,tanmay02@ybl,Tanmay Toolroom Private Limited,13/03/2026 14:21,14/03/2026,AXISUPI260314200,"₹90,631.00","₹1,812.62",₹326.27,"₹88,492.11",,SUCCESS,UPI collect for GLX-205135 Packaging material supply
UPI874148941275,GLX-205324,kalanjali70@ybl,Kalanjali Crafts Pvt Ltd,13/03/2026 08:40,14/03/2026,AXISUPI260314800,"₹75,166.00","₹1,503.32",₹270.60,"₹73,392.08",,SUCCESS,UPI collect for GLX-205324 Job work conversion charges
UPI878141102237,GLX-205616,rukmini90@okhdfcbank,Rukmini Provisions Private Limited,13/03/2026 19:31,14/03/2026,AXISUPI260314268,"₹40,618.68",₹812.37,₹146.23,"₹39,660.08",,SUCCESS,UPI collect for GLX-205616 Testing and calibration charges
UPI495008109267,GLX-205695,neelkanth68@okhdfcbank,Neelkanth Ceramics Pvt Ltd,13/03/2026 11:23,14/03/2026,AXISUPI260314100,"₹66,888.00","₹1,337.76",₹240.80,"₹65,309.44",,SUCCESS,UPI collect for GLX-205695 Mould development charges
UPI251219996651,GLX-205998,nirvaan87@okhdfcbank,Nirvaan Agro Mills Pvt Ltd,13/03/2026 16:18,14/03/2026,AXISUPI260314400,"₹47,559.00",₹951.18,₹171.21,"₹46,436.61",,SUCCESS,UPI collect for GLX-205998 Sample despatch billing
UPI266223823769,GLX-206081,ambar03@okaxis,Ambar Cold Rooms Pvt Ltd,13/03/2026 09:01,14/03/2026,AXISUPI260314900,"₹6,209.00",₹124.18,₹22.35,"₹6,062.47",,SUCCESS,UPI collect for GLX-206081 Spare kit despatch
UPI856201531751,GLX-206122,jashan54@ybl,Jashan Sports Goods Pvt Ltd,13/03/2026 10:46,14/03/2026,AXISUPI260314224,"₹74,215.24","₹1,484.30",₹267.17,"₹72,463.77",,SUCCESS,UPI collect for GLX-206122 Contract manufacturing charges
UPI339553968979,GLX-206556,sanchit57@okaxis,Sanchit Hardware Depot Pvt Ltd,13/03/2026 16:20,14/03/2026,AXISUPI260314726,"₹18,699.26",₹373.99,₹67.32,"₹18,257.95",,SUCCESS,UPI collect for GLX-206556 Site erection charges
UPI963830899645,GLX-206988,tarangini16@oksbi,Tarangini Prints LLP,13/03/2026 16:34,15/03/2026,AXISUPI260315309,"₹39,449.09",₹788.98,₹142.02,"₹38,518.09",,SUCCESS,UPI collect for GLX-206988 Design retainer billing
UPI949580052610,GLX-207278,sitara91@okkotak,Sitara Packaging Solutions Pvt Ltd,13/03/2026 17:34,15/03/2026,AXISUPI260315493,"₹71,553.93","₹1,431.08",₹257.59,"₹69,865.26",,SUCCESS,UPI collect for GLX-207278 Warehouse handling recovery
UPI736975168142,GLX-207422,marudhar53@ybl,Marudhar Furnishings LLP,13/03/2026 20:30,14/03/2026,AXISUPI260314500,"₹46,804.00",₹936.08,₹168.49,"₹45,699.43",,SUCCESS,UPI collect for GLX-207422 Labelling job billing
UPI940346708120,GLX-207474,utsav34@okaxis,Utsav Bakers LLP,13/03/2026 09:44,14/03/2026,AXISUPI260314204,"₹51,517.04","₹1,030.34",₹185.46,"₹50,301.24",,SUCCESS,UPI collect for GLX-207474 Scrap sale realisation
UPI669141509875,GLX-207489,vindhya36@oksbi,Vindhya Plastics Private Limited,13/03/2026 15:27,15/03/2026,AXISUPI260315993,"₹13,949.93",₹279.00,₹50.22,"₹13,620.71",,SUCCESS,UPI collect for GLX-207489 Freight recovery billing
UPI232906176379,GLX-207733,prithvi03@ybl,Prithvi Seeds and Feeds Pvt Ltd,13/03/2026 09:40,14/03/2026,AXISUPI260314800,"₹58,201.00","₹1,164.02",₹209.52,"₹56,827.46",,SUCCESS,UPI collect for GLX-207733 Consignment despatch
UPI777535398039,GLX-208197,yamini88@ybl,Yamini Home Needs Pvt Ltd,13/03/2026 20:53,14/03/2026,AXISUPI260314500,"₹1,840.00",₹36.80,₹6.62,"₹1,796.58",,SUCCESS,UPI collect for GLX-208197 Secondary transport recovery
UPI158108079647,GLX-208399,chandravat12@oksbi,Chandravat Metals Private Limited,13/03/2026 09:32,15/03/2026,AXISUPI260315285,"₹35,704.85",₹714.10,₹128.54,"₹34,862.21",,SUCCESS,UPI collect for GLX-208399 Bulk despatch schedule A
UPI763464360673,GLX-208629,palashwood95@okkotak,Palashwood Interiors Pvt Ltd,13/03/2026 17:15,15/03/2026,AXISUPI260315187,"₹69,390.87","₹1,387.82",₹249.81,"₹67,753.24",,SUCCESS,UPI collect for GLX-208629 Bulk despatch schedule B
UPI161404705881,GLX-208821,ojas10@ybl,Ojas Lighting Private Limited,13/03/2026 17:03,14/03/2026,AXISUPI260314200,"₹17,722.00",₹354.44,₹63.80,"₹17,303.76",,SUCCESS,UPI collect for GLX-208821 Palletisation charges
UPI782665632273,GLX-209472,chirag46@okhdfcbank,Chirag Battery House Pvt Ltd,13/03/2026 19:23,14/03/2026,AXISUPI260314100,"₹30,150.00",₹603.00,₹108.54,"₹29,438.46",,SUCCESS,UPI collect for GLX-209472 Machinery hire charges
UPI481398577244,GLX-209820,sohrab94@okhdfcbank,Sohrab Auto Spares LLP,13/03/2026 09:13,14/03/2026,AXISUPI260314700,"₹35,016.00",₹700.32,₹126.06,"₹34,189.62",,SUCCESS,UPI collect for GLX-209820 Consignment despatch
UPI270109110240,GLX-204279,vindhya69@ybl,Vindhya Plastics Private Limited,14/03/2026 10:18,15/03/2026,AXISUPI260315878,"₹70,225.78","₹1,404.52",₹252.81,"₹68,568.45",,SUCCESS,UPI collect for GLX-204279 Annual maintenance billing
UPI430951520047,GLX-204306,meghdoot61@ybl,Meghdoot Packaging LLP,14/03/2026 12:26,15/03/2026,AXISUPI260315200,"₹80,983.00","₹1,619.66",₹291.54,"₹79,071.80",,SUCCESS,UPI collect for GLX-204306 Site erection charges
UPI796121225791,GLX-204798,ranjeet82@okaxis,Ranjeet Timber Depot Pvt Ltd,14/03/2026 18:24,15/03/2026,AXISUPI260315900,"₹57,419.00","₹1,148.38",₹206.71,"₹56,063.91",,SUCCESS,UPI collect for GLX-204798 Warehouse handling recovery
UPI910569928407,GLX-204835,barkat05@okaxis,Barkat Stationers Private Limited,14/03/2026 16:56,15/03/2026,AXISUPI260315894,"₹21,472.94",₹429.46,₹77.30,"₹20,966.18",,SUCCESS,UPI collect for GLX-204835 Trial batch supply
UPI481791541275,GLX-204936,vaayu43@okicici,Vaayu Organics Private Limited,14/03/2026 19:40,16/03/2026,AXISUPI260316863,"₹2,095.63",₹41.91,₹7.54,"₹2,046.18",,SUCCESS,UPI collect for GLX-204936 Testing and calibration charges
UPI865276694477,GLX-205493,chirag00@okaxis,Chirag Battery House Pvt Ltd,14/03/2026 18:47,15/03/2026,AXISUPI260315900,"₹61,595.00","₹1,231.90",₹221.74,"₹60,141.36",,SUCCESS,UPI collect for GLX-205493 Mould development charges
UPI281299174110,GLX-205598,devgiri85@okaxis,Devgiri Paints LLP,14/03/2026 09:10,15/03/2026,AXISUPI260315300,"₹33,752.00",₹675.04,₹121.51,"₹32,955.45",,SUCCESS,UPI collect for GLX-205598 Freight recovery billing
UPI887757677892,GLX-205926,ambar02@okkotak,Ambar Cold Rooms Pvt Ltd,14/03/2026 15:05,16/03/2026,AXISUPI260316235,"₹55,279.35","₹1,105.59",₹199.01,"₹53,974.75",,SUCCESS,UPI collect for GLX-205926 Warehouse handling recovery
UPI175734112866,GLX-206137,sitara52@okhdfcbank,Sitara Packaging Solutions Pvt Ltd,14/03/2026 09:04,15/03/2026,AXISUPI260315700,"₹94,560.00","₹1,891.20",₹340.42,"₹92,328.38",,SUCCESS,UPI collect for GLX-206137 Spare kit despatch
UPI571619386691,GLX-206216,bhavani68@ybl,Bhavani Steel Trading Pvt Ltd,14/03/2026 18:21,15/03/2026,AXISUPI260315800,"₹15,478.00",₹309.56,₹55.72,"₹15,112.72",,SUCCESS,UPI collect for GLX-206216 Tooling amortisation billing
UPI334033358018,GLX-206249,nirvaan06@okkotak,Nirvaan Agro Mills Pvt Ltd,14/03/2026 10:09,16/03/2026,AXISUPI260316403,"₹40,062.03",₹801.24,₹144.22,"₹39,116.57",,SUCCESS,UPI collect for GLX-206249 Palletisation charges
UPI402654306154,GLX-206463,rukmini50@okaxis,Rukmini Provisions Private Limited,14/03/2026 15:10,15/03/2026,AXISUPI260315900,"₹25,172.00",₹503.44,₹90.62,"₹24,577.94",,SUCCESS,UPI collect for GLX-206463 Scrap sale realisation
UPI312252444994,GLX-206521,shubhankar25@oksbi,Shubhankar Electricals LLP,14/03/2026 08:30,16/03/2026,AXISUPI260316555,"₹70,024.55","₹1,400.49",₹252.09,"₹68,371.97",,SUCCESS,UPI collect for GLX-206521 Machinery hire charges
UPI290873958628,GLX-206632,marudhar76@okhdfcbank,Marudhar Furnishings LLP,14/03/2026 11:16,15/03/2026,AXISUPI260315856,"₹33,019.56",₹660.39,₹118.87,"₹32,240.30",,SUCCESS,UPI collect for GLX-206632 Rework charges billed
UPI970895172622,GLX-206890,tanmay43@okaxis,Tanmay Toolroom Private Limited,14/03/2026 08:53,15/03/2026,AXISUPI260315792,"₹17,088.92",₹341.78,₹61.52,"₹16,685.62",,SUCCESS,UPI collect for GLX-206890 Design retainer billing
UPI589124534044,GLX-207535,sohrab64@okicici,Sohrab Auto Spares LLP,14/03/2026 17:06,16/03/2026,AXISUPI260316419,"₹17,184.19",₹343.68,₹61.86,"₹16,778.65",,SUCCESS,UPI collect for GLX-207535 Bulk despatch schedule A
UPI398504299707,GLX-207567,anokhi55@okhdfcbank,Anokhi Kitchenware Pvt Ltd,14/03/2026 15:00,15/03/2026,AXISUPI260315100,"₹12,402.00",₹248.04,₹44.65,"₹12,109.31",,SUCCESS,UPI collect for GLX-207567 Secondary transport recovery
UPI765223337761,GLX-207918,sanchit94@okhdfcbank,Sanchit Hardware Depot Pvt Ltd,14/03/2026 15:36,15/03/2026,AXISUPI260315700,"₹7,953.00",₹159.06,₹28.63,"₹7,765.31",,SUCCESS,UPI collect for GLX-207918 Job work conversion charges
UPI780506991481,GLX-208244,girnar51@okhdfcbank,Girnar Pipes and Fittings Pvt Ltd,14/03/2026 16:27,15/03/2026,AXISUPI260315700,"₹47,256.00",₹945.12,₹170.12,"₹46,140.76",,SUCCESS,UPI collect for GLX-208244 Export documentation recovery
UPI925784558365,GLX-208459,ekansh13@okhdfcbank,Ekansh Glassworks Private Limited,14/03/2026 16:26,15/03/2026,AXISUPI260315442,"₹36,624.42",₹732.49,₹131.85,"₹35,760.08",,SUCCESS,UPI collect for GLX-208459 Rework charges billed
UPI207295414470,GLX-208765,madhuban84@okaxis,Madhuban Nurseries Pvt Ltd,14/03/2026 12:29,15/03/2026,AXISUPI260315300,"₹21,368.00",₹427.36,₹76.92,"₹20,863.72",,SUCCESS,UPI collect for GLX-208765 Sample despatch billing
UPI848575392285,GLX-208875,chandravat10@okhdfcbank,Chandravat Metals Private Limited,14/03/2026 18:04,15/03/2026,AXISUPI260315700,"₹84,264.00","₹1,685.28",₹303.35,"₹82,275.37",,SUCCESS,UPI collect for GLX-208875 Consignment despatch
UPI832263858846,GLX-209252,naaz37@okhdfcbank,Naaz Fabrics Private Limited,14/03/2026 16:27,15/03/2026,AXISUPI260315100,"₹28,692.00",₹573.84,₹103.29,"₹28,014.87",,SUCCESS,UPI collect for GLX-209252 Packaging material supply
UPI374936461674,GLX-209741,jashan68@okaxis,Jashan Sports Goods Pvt Ltd,14/03/2026 12:52,15/03/2026,AXISUPI260315900,"₹75,230.00","₹1,504.60",₹270.83,"₹73,454.57",,SUCCESS,UPI collect for GLX-209741 Bulk despatch schedule B
UPI691371951034,GLX-209756,kaveri50@ybl,Kaveri Rubber Works Pvt Ltd,14/03/2026 15:40,15/03/2026,AXISUPI260315500,"₹86,476.00","₹1,729.52",₹311.31,"₹84,435.17",,SUCCESS,UPI collect for GLX-209756 Contract manufacturing charges
UPI560839452700,GLX-204134,sitara64@ybl,Sitara Packaging Solutions Pvt Ltd,15/03/2026 10:22,16/03/2026,AXISUPI260316932,"₹67,652.32","₹1,353.05",₹243.55,"₹66,055.72",,SUCCESS,UPI collect for GLX-204134 Warehouse handling recovery
UPI382097122105,GLX-204326,vaayu11@okhdfcbank,Vaayu Organics Private Limited,15/03/2026 10:18,16/03/2026,AXISUPI260316100,"₹37,575.00",₹751.50,₹135.27,"₹36,688.23",,SUCCESS,UPI collect for GLX-204326 Scrap sale realisation
UPI474363624240,GLX-205108,ekansh68@okhdfcbank,Ekansh Glassworks Private Limited,15/03/2026 17:09,16/03/2026,AXISUPI260316100,"₹1,413.00",₹28.26,₹5.09,"₹1,379.65",,SUCCESS,UPI collect for GLX-205108 Labelling job billing
UPI317366610321,GLX-205444,kalanjali81@okaxis,Kalanjali Crafts Pvt Ltd,15/03/2026 14:29,16/03/2026,AXISUPI260316600,"₹32,522.00",₹650.44,₹117.08,"₹31,754.48",,SUCCESS,UPI collect for GLX-205444 Site erection charges
UPI410848184035,GLX-205995,neelkanth73@okaxis,Neelkanth Ceramics Pvt Ltd,15/03/2026 18:01,16/03/2026,AXISUPI260316300,"₹64,982.00","₹1,299.64",₹233.94,"₹63,448.42",,SUCCESS,UPI collect for GLX-205995 Machinery hire charges
UPI913775497232,GLX-206087,bhavani67@okhdfcbank,Bhavani Steel Trading Pvt Ltd,15/03/2026 10:55,16/03/2026,AXISUPI260316700,"₹70,800.00","₹1,416.00",₹254.88,"₹69,129.12",,SUCCESS,UPI collect for GLX-206087 Trial batch supply
UPI353200992699,GLX-206279,sanchit19@ybl,Sanchit Hardware Depot Pvt Ltd,15/03/2026 18:30,16/03/2026,AXISUPI260316800,"₹20,635.00",₹412.70,₹74.29,"₹20,148.01",,SUCCESS,UPI collect for GLX-206279 Site erection charges
UPI392497529777,GLX-206483,yamini84@okaxis,Yamini Home Needs Pvt Ltd,15/03/2026 20:38,16/03/2026,AXISUPI260316600,"₹80,150.00","₹1,603.00",₹288.54,"₹78,258.46",,SUCCESS,UPI collect for GLX-206483 Export documentation recovery
UPI761712963310,GLX-206628,ranjeet86@okaxis,Ranjeet Timber Depot Pvt Ltd,15/03/2026 12:34,16/03/2026,AXISUPI260316486,"₹32,592.86",₹651.86,₹117.33,"₹31,823.67",,SUCCESS,UPI collect for GLX-206628 Spare kit despatch
UPI737726416518,GLX-206931,utsav23@oksbi,Utsav Bakers LLP,15/03/2026 14:13,17/03/2026,AXISUPI260317453,"₹87,096.53","₹1,741.93",₹313.55,"₹85,041.05",,SUCCESS,UPI collect for GLX-206931 Testing and calibration charges
UPI695263131016,GLX-206951,suvarna26@okaxis,Suvarna Weaves LLP,15/03/2026 19:43,16/03/2026,AXISUPI260316900,"₹43,982.00",₹879.64,₹158.34,"₹42,944.02",,SUCCESS,UPI collect for GLX-206951 Rework charges billed
UPI511377800174,GLX-207061,sohrab54@okhdfcbank,Sohrab Auto Spares LLP,15/03/2026 09:13,16/03/2026,AXISUPI260316100,"₹80,334.00","₹1,606.68",₹289.20,"₹78,438.12",,SUCCESS,UPI collect for GLX-207061 Consignment despatch
UPI944259203782,GLX-207085,girnar12@oksbi,Girnar Pipes and Fittings Pvt Ltd,15/03/2026 09:23,17/03/2026,AXISUPI260317219,"₹44,650.19",₹893.00,₹160.74,"₹43,596.45",,SUCCESS,UPI collect for GLX-207085 Secondary transport recovery
UPI331005004738,GLX-207576,tarangini64@okaxis,Tarangini Prints LLP,15/03/2026 10:01,16/03/2026,AXISUPI260316600,"₹45,482.00",₹909.64,₹163.74,"₹44,408.62",,SUCCESS,UPI collect for GLX-207576 Packaging material supply
UPI734066858449,GLX-207594,madhuban01@okhdfcbank,Madhuban Nurseries Pvt Ltd,15/03/2026 16:04,16/03/2026,AXISUPI260316400,"₹23,151.00",₹463.02,₹83.34,"₹22,604.64",,SUCCESS,UPI collect for GLX-207594 Palletisation charges
UPI605394973283,GLX-207697,palashwood00@ybl,Palashwood Interiors Pvt Ltd,15/03/2026 11:40,16/03/2026,AXISUPI260316800,"₹42,874.00",₹857.48,₹154.35,"₹41,862.17",,SUCCESS,UPI collect for GLX-207697 Contract manufacturing charges
UPI109821506269,GLX-207919,devgiri32@okhdfcbank,Devgiri Paints LLP,15/03/2026 17:36,16/03/2026,AXISUPI260316100,"₹5,184.00",₹103.68,₹18.66,"₹4,964.66",,SUCCESS,UPI collect for GLX-207919 Annual maintenance billing
UPI122932363725,GLX-207972,bhoomi38@okhdfcbank,Bhoomi Tiles and Sanitary LLP,15/03/2026 10:47,16/03/2026,AXISUPI260316838,"₹64,699.38","₹1,293.99",₹232.92,"₹63,172.47",,SUCCESS,UPI collect for GLX-207972 Trial batch supply
UPI451777369185,GLX-208043,kesari89@ybl,Kesari Handlooms Pvt Ltd,15/03/2026 18:39,16/03/2026,AXISUPI260316614,"₹68,216.14","₹1,364.32",₹245.58,"₹66,606.24",,SUCCESS,UPI collect for GLX-208043 Freight recovery billing
UPI735765228291,GLX-208253,barkat50@okhdfcbank,Barkat Stationers Private Limited,15/03/2026 17:36,16/03/2026,AXISUPI260316100,"₹40,401.00",₹808.02,₹145.44,"₹39,447.54",,SUCCESS,UPI collect for GLX-208253 Tooling amortisation billing
UPI915479405039,GLX-208429,meghdoot38@okaxis,Meghdoot Packaging LLP,15/03/2026 08:06,16/03/2026,AXISUPI260316900,"₹32,831.00",₹656.62,₹118.19,"₹32,056.19",,SUCCESS,UPI collect for GLX-208429 Job work conversion charges
UPI226436457884,GLX-209341,prithvi22@okaxis,Prithvi Seeds and Feeds Pvt Ltd,15/03/2026 10:55,16/03/2026,AXISUPI260316816,"₹70,909.16","₹1,418.18",₹255.27,"₹69,235.71",,SUCCESS,UPI collect for GLX-209341 Bulk despatch schedule A
UPI153849546274,GLX-209443,ojas96@okkotak,Ojas Lighting Private Limited,15/03/2026 13:33,17/03/2026,AXISUPI260317901,"₹57,779.01","₹1,155.58",₹208.00,"₹56,415.43",,SUCCESS,UPI collect for GLX-209443 Sample despatch billing
UPI195162569609,GLX-209613,kaveri05@okaxis,Kaveri Rubber Works Pvt Ltd,15/03/2026 15:06,16/03/2026,AXISUPI260316300,"₹49,601.00",₹992.02,₹178.56,"₹48,430.42",,SUCCESS,UPI collect for GLX-209613 Bulk despatch schedule B
UPI348049879225,GLX-209626,shubhankar09@okaxis,Shubhankar Electricals LLP,15/03/2026 08:52,16/03/2026,AXISUPI260316300,"₹53,741.00","₹1,074.82",₹193.47,"₹52,472.71",,SUCCESS,UPI collect for GLX-209626 Mould development charges
UPI144272798325,GLX-209730,naaz17@okkotak,Naaz Fabrics Private Limited,15/03/2026 10:26,17/03/2026,AXISUPI260317859,"₹92,815.59","₹1,856.31",₹334.14,"₹90,625.14",,SUCCESS,UPI collect for GLX-209730 Design retainer billing
UPI378575574476,GLX-204119,vindhya70@oksbi,Vindhya Plastics Private Limited,16/03/2026 20:32,18/03/2026,AXISUPI260318945,"₹37,709.45",₹754.19,₹135.75,"₹36,819.51",,SUCCESS,UPI collect for GLX-204119 Freight recovery billing
UPI233657222062,GLX-204203,marudhar86@okaxis,Marudhar Furnishings LLP,16/03/2026 13:33,17/03/2026,AXISUPI260317600,"₹53,411.00","₹1,068.22",₹192.28,"₹52,150.50",,SUCCESS,UPI collect for GLX-204203 Labelling job billing
UPI169829851608,GLX-204487,rukmini69@okaxis,Rukmini Provisions Private Limited,16/03/2026 15:06,17/03/2026,AXISUPI260317300,"₹51,239.00","₹1,024.78",₹184.46,"₹50,029.76",,SUCCESS,UPI collect for GLX-204487 Testing and calibration charges
UPI688139752800,GLX-204659,jashan86@okaxis,Jashan Sports Goods Pvt Ltd,16/03/2026 19:29,17/03/2026,AXISUPI260317600,"₹31,586.00",₹631.72,₹113.71,"₹30,840.57",,SUCCESS,UPI collect for GLX-204659 Contract manufacturing charges
UPI590404025189,GLX-204843,nirvaan00@ybl,Nirvaan Agro Mills Pvt Ltd,16/03/2026 17:23,17/03/2026,AXISUPI260317530,"₹59,548.30","₹1,190.97",₹214.37,"₹58,142.96",,SUCCESS,UPI collect for GLX-204843 Sample despatch billing
UPI775411533856,GLX-204905,meghdoot04@okhdfcbank,Meghdoot Packaging LLP,16/03/2026 19:32,17/03/2026,AXISUPI260317100,"₹18,108.00",₹362.16,₹65.19,"₹17,680.65",,SUCCESS,UPI collect for GLX-204905 Site erection charges
UPI472853477537,GLX-205600,bhoomi21@okkotak,Bhoomi Tiles and Sanitary LLP,16/03/2026 14:18,18/03/2026,AXISUPI260318703,"₹27,942.03",₹558.84,₹100.59,"₹27,282.60",,SUCCESS,UPI collect for GLX-205600 Tooling amortisation billing
UPI897935411343,GLX-205735,kesari66@okaxis,Kesari Handlooms Pvt Ltd,16/03/2026 17:52,17/03/2026,AXISUPI260317600,"₹65,012.00","₹1,300.24",₹234.04,"₹63,477.72",,SUCCESS,UPI collect for GLX-205735 Annual maintenance billing
UPI912228771761,GLX-205935,yamini77@okicici,Yamini Home Needs Pvt Ltd,16/03/2026 17:28,18/03/2026,AXISUPI260318347,"₹64,127.47","₹1,282.55",₹230.86,"₹62,614.06",,SUCCESS,UPI collect for GLX-205935 Secondary transport recovery
UPI143857272364,GLX-206151,anokhi85@okaxis,Anokhi Kitchenware Pvt Ltd,16/03/2026 08:43,17/03/2026,AXISUPI260317900,"₹35,207.00",₹704.14,₹126.75,"₹34,376.11",,SUCCESS,UPI collect for GLX-206151 Export documentation recovery
UPI999131837321,GLX-206389,barkat85@okkotak,Barkat Stationers Private Limited,16/03/2026 15:38,18/03/2026,AXISUPI260318295,"₹84,322.95","₹1,686.46",₹303.56,"₹82,332.93",,SUCCESS,UPI collect for GLX-206389 Trial batch supply
UPI819201241055,GLX-206867,neelkanth02@ybl,Neelkanth Ceramics Pvt Ltd,16/03/2026 18:44,17/03/2026,AXISUPI260317800,"₹59,785.00","₹1,195.70",₹215.23,"₹58,374.07",,SUCCESS,UPI collect for GLX-206867 Mould development charges
UPI845883777676,GLX-207027,utsav86@okaxis,Utsav Bakers LLP,16/03/2026 13:20,17/03/2026,AXISUPI260317900,"₹3,068.00",₹61.36,₹11.04,"₹2,995.60",,SUCCESS,UPI collect for GLX-207027 Scrap sale realisation
UPI919875043353,GLX-207262,chandravat70@ybl,Chandravat Metals Private Limited,16/03/2026 20:41,17/03/2026,AXISUPI260317104,"₹68,310.04","₹1,366.20",₹245.92,"₹66,697.92",,SUCCESS,UPI collect for GLX-207262 Bulk despatch schedule A
UPI566446784095,GLX-207447,tarangini66@ybl,Tarangini Prints LLP,16/03/2026 11:07,17/03/2026,AXISUPI260317200,"₹60,841.00","₹1,216.82",₹219.03,"₹59,405.15",,SUCCESS,UPI collect for GLX-207447 Design retainer billing
UPI336969503665,GLX-207628,kaveri93@okaxis,Kaveri Rubber Works Pvt Ltd,16/03/2026 08:29,17/03/2026,AXISUPI260317780,"₹39,354.80",₹787.10,₹141.68,"₹38,426.02",,SUCCESS,UPI collect for GLX-207628 Contract manufacturing charges
UPI100485480875,GLX-207657,kalanjali18@ybl,Kalanjali Crafts Pvt Ltd,16/03/2026 13:16,17/03/2026,AXISUPI260317800,"₹14,362.00",₹287.24,₹51.70,"₹14,023.06",,SUCCESS,UPI collect for GLX-207657 Job work conversion charges
UPI168796457583,GLX-207802,palashwood31@okaxis,Palashwood Interiors Pvt Ltd,16/03/2026 12:01,17/03/2026,AXISUPI260317300,"₹77,384.00","₹1,547.68",₹278.58,"₹75,557.74",,SUCCESS,UPI collect for GLX-207802 Bulk despatch schedule B
UPI748334766081,GLX-207946,ekansh61@ybl,Ekansh Glassworks Private Limited,16/03/2026 11:37,17/03/2026,AXISUPI260317350,"₹86,366.50","₹1,727.33",₹310.92,"₹84,328.25",,SUCCESS,UPI collect for GLX-207946 Rework charges billed
UPI190629531631,GLX-208098,tanmay78@oksbi,Tanmay Toolroom Private Limited,16/03/2026 12:30,18/03/2026,AXISUPI260318315,"₹95,663.15","₹1,913.26",₹344.39,"₹93,405.50",,SUCCESS,UPI collect for GLX-208098 Packaging material supply
UPI768627406885,GLX-208188,ranjeet81@okaxis,Ranjeet Timber Depot Pvt Ltd,16/03/2026 09:20,17/03/2026,AXISUPI260317300,"₹87,230.00","₹1,744.60",₹314.03,"₹85,171.37",,SUCCESS,UPI collect for GLX-208188 Warehouse handling recovery
UPI476420309300,GLX-208376,ojas13@oksbi,Ojas Lighting Private Limited,16/03/2026 18:42,18/03/2026,AXISUPI260318297,"₹15,589.97",₹311.80,₹56.12,"₹15,222.05",,SUCCESS,UPI collect for GLX-208376 Palletisation charges
UPI138824373064,GLX-208889,chirag47@ybl,Chirag Battery House Pvt Ltd,16/03/2026 13:15,17/03/2026,AXISUPI260317716,"₹87,666.16","₹1,753.32",₹315.60,"₹85,597.24",,SUCCESS,UPI collect for GLX-208889 Machinery hire charges
UPI718536575976,GLX-209742,prithvi05@ybl,Prithvi Seeds and Feeds Pvt Ltd,16/03/2026 19:47,17/03/2026,AXISUPI260317356,"₹32,672.56",₹653.45,₹117.62,"₹31,901.49",,SUCCESS,UPI collect for GLX-209742 Consignment despatch
UPI727720615919,GLX-209939,ambar08@okhdfcbank,Ambar Cold Rooms Pvt Ltd,16/03/2026 19:00,17/03/2026,AXISUPI260317400,"₹29,523.00",₹590.46,₹106.28,"₹28,826.26",,SUCCESS,UPI collect for GLX-209939 Spare kit despatch
UPI360592246000,GLX-204039,chirag21@okhdfcbank,Chirag Battery House Pvt Ltd,17/03/2026 11:04,18/03/2026,AXISUPI260318700,"₹68,586.00","₹1,371.72",₹246.91,"₹66,967.37",,SUCCESS,UPI collect for GLX-204039 Mould development charges
UPI690532143825,GLX-204248,suvarna11@ybl,Suvarna Weaves LLP,17/03/2026 20:46,18/03/2026,AXISUPI260318290,"₹70,525.90","₹1,410.52",₹253.89,"₹68,861.49",,SUCCESS,UPI collect for GLX-204248 Labelling job billing
UPI857125662160,GLX-204412,bhoomi66@oksbi,Bhoomi Tiles and Sanitary LLP,17/03/2026 16:05,19/03/2026,AXISUPI260319291,"₹93,241.91","₹1,864.84",₹335.67,"₹91,041.40",,SUCCESS,UPI collect for GLX-204412 Trial batch supply
UPI947596893712,GLX-204545,girnar56@okaxis,Girnar Pipes and Fittings Pvt Ltd,17/03/2026 15:06,18/03/2026,AXISUPI260318300,"₹3,737.00",₹74.74,₹13.45,"₹3,648.81",,SUCCESS,UPI collect for GLX-204545 Export documentation recovery
UPI774042041606,GLX-204679,sohrab49@okaxis,Sohrab Auto Spares LLP,17/03/2026 19:55,18/03/2026,AXISUPI260318576,"₹12,892.76",₹257.86,₹46.41,"₹12,588.49",,SUCCESS,UPI collect for GLX-204679 Bulk despatch schedule A
UPI841833012815,GLX-205196,ojas64@ybl,Ojas Lighting Private Limited,17/03/2026 19:35,18/03/2026,AXISUPI260318200,"₹26,470.00",₹529.40,₹95.29,"₹25,845.31",,SUCCESS,UPI collect for GLX-205196 Sample despatch billing
UPI830190125957,GLX-205398,chandravat24@ybl,Chandravat Metals Private Limited,17/03/2026 09:30,18/03/2026,AXISUPI260318500,"₹95,359.00","₹1,907.18",₹343.29,"₹93,108.53",,SUCCESS,UPI collect for GLX-205398 Consignment despatch
UPI257155091310,GLX-205500,shubhankar29@okicici,Shubhankar Electricals LLP,17/03/2026 09:23,19/03/2026,AXISUPI260319407,"₹92,901.07","₹1,858.02",₹334.44,"₹90,708.61",,SUCCESS,UPI collect for GLX-205500 Machinery hire charges
UPI579573658457,GLX-205890,rukmini50@oksbi,Rukmini Provisions Private Limited,17/03/2026 08:11,19/03/2026,AXISUPI260319123,"₹22,707.23",₹454.14,₹81.75,"₹22,171.34",,SUCCESS,UPI collect for GLX-205890 Scrap sale realisation
UPI879741425379,GLX-206163,devgiri18@okkotak,Devgiri Paints LLP,17/03/2026 17:21,19/03/2026,AXISUPI260319913,"₹20,501.13",₹410.02,₹73.80,"₹20,017.31",,SUCCESS,UPI collect for GLX-206163 Freight recovery billing
UPI864860954593,GLX-206167,naaz38@okhdfcbank,Naaz Fabrics Private Limited,17/03/2026 11:30,18/03/2026,AXISUPI260318850,"₹6,883.50",₹137.67,₹24.78,"₹6,721.05",,SUCCESS,UPI collect for GLX-206167 Packaging material supply
UPI940499164281,GLX-206602,vindhya21@okaxis,Vindhya Plastics Private Limited,17/03/2026 17:56,18/03/2026,AXISUPI260318600,"₹49,865.00",₹997.30,₹179.51,"₹48,688.19",,SUCCESS,UPI collect for GLX-206602 Annual maintenance billing
UPI953171829431,GLX-206904,sitara34@ybl,Sitara Packaging Solutions Pvt Ltd,17/03/2026 14:07,18/03/2026,AXISUPI260318200,"₹14,626.00",₹292.52,₹52.65,"₹14,280.83",,SUCCESS,UPI collect for GLX-206904 Spare kit despatch
UPI375976377768,GLX-206992,sanchit03@oksbi,Sanchit Hardware Depot Pvt Ltd,17/03/2026 10:54,19/03/2026,AXISUPI260319207,"₹19,819.07",₹396.38,₹71.35,"₹19,351.34",,SUCCESS,UPI collect for GLX-206992 Job work conversion charges
UPI668516920354,GLX-207119,marudhar90@ybl,Marudhar Furnishings LLP,17/03/2026 14:21,18/03/2026,AXISUPI260318380,"₹1,523.80",₹30.48,₹5.49,"₹1,487.83",,SUCCESS,UPI collect for GLX-207119 Rework charges billed
UPI711846329520,GLX-207421,vaayu87@okaxis,Vaayu Organics Private Limited,17/03/2026 18:55,18/03/2026,AXISUPI260318582,"₹36,409.82",₹728.20,₹131.08,"₹35,550.54",,SUCCESS,UPI collect for GLX-207421 Testing and calibration charges
UPI991270127128,GLX-207536,tanmay51@okaxis,Tanmay Toolroom Private Limited,17/03/2026 13:20,18/03/2026,AXISUPI260318300,"₹36,101.00",₹722.02,₹129.96,"₹35,249.02",,SUCCESS,UPI collect for GLX-207536 Design retainer billing
UPI323879332524,GLX-207960,kalanjali49@okhdfcbank,Kalanjali Crafts Pvt Ltd,17/03/2026 17:29,18/03/2026,AXISUPI260318958,"₹76,724.58","₹1,534.49",₹276.21,"₹74,913.88",,SUCCESS,UPI collect for GLX-207960 Site erection charges
UPI294927683416,GLX-208076,anokhi92@ybl,Anokhi Kitchenware Pvt Ltd,17/03/2026 10:49,18/03/2026,AXISUPI260318500,"₹15,583.00",₹311.66,₹56.10,"₹15,215.24",,SUCCESS,UPI collect for GLX-208076 Secondary transport recovery
UPI354231753254,GLX-208084,ambar44@okkotak,Ambar Cold Rooms Pvt Ltd,17/03/2026 20:39,19/03/2026,AXISUPI260319493,"₹95,367.93","₹1,907.36",₹343.32,"₹93,117.25",,SUCCESS,UPI collect for GLX-208084 Warehouse handling recovery
UPI167753662973,GLX-208150,jashan46@okaxis,Jashan Sports Goods Pvt Ltd,17/03/2026 14:01,18/03/2026,AXISUPI260318600,"₹44,312.00",₹886.24,₹159.52,"₹43,266.24",,SUCCESS,UPI collect for GLX-208150 Bulk despatch schedule B
UPI428007694423,GLX-208512,madhuban21@okaxis,Madhuban Nurseries Pvt Ltd,17/03/2026 18:15,18/03/2026,AXISUPI260318900,"₹84,203.00","₹1,684.06",₹303.13,"₹82,215.81",,SUCCESS,UPI collect for GLX-208512 Sample despatch billing
UPI269052821367,GLX-209099,palashwood36@ybl,Palashwood Interiors Pvt Ltd,17/03/2026 12:12,18/03/2026,AXISUPI260318500,"₹92,065.00","₹1,841.30",₹331.43,"₹89,892.27",,SUCCESS,UPI collect for GLX-209099 Contract manufacturing charges
UPI307971724382,GLX-209430,bhavani15@okkotak,Bhavani Steel Trading Pvt Ltd,17/03/2026 09:34,19/03/2026,AXISUPI260319193,"₹4,824.93",₹96.50,₹17.37,"₹4,711.06",,SUCCESS,UPI collect for GLX-209430 Tooling amortisation billing
UPI957478994926,GLX-209486,tarangini28@okkotak,Tarangini Prints LLP,17/03/2026 09:57,19/03/2026,AXISUPI260319853,"₹56,284.53","₹1,125.69",₹202.62,"₹54,842.69",,SUCCESS,UPI collect for GLX-209486 Packaging material supply
UPI730013520688,GLX-209981,nirvaan19@ybl,Nirvaan Agro Mills Pvt Ltd,17/03/2026 12:44,18/03/2026,AXISUPI260318200,"₹33,148.00",₹662.96,₹119.33,"₹32,365.71",,SUCCESS,UPI collect for GLX-209981 Palletisation charges
UPI865331900003,GLX-204226,kesari75@okicici,Kesari Handlooms Pvt Ltd,18/03/2026 17:36,20/03/2026,AXISUPI260320989,"₹88,136.89","₹1,762.74",₹317.29,"₹86,056.86",,SUCCESS,UPI collect for GLX-204226 Freight recovery billing
UPI894833982769,GLX-204247,jashan95@ybl,Jashan Sports Goods Pvt Ltd,18/03/2026 10:21,19/03/2026,AXISUPI260319800,"₹39,931.00",₹798.62,₹143.75,"₹38,988.63",,SUCCESS,UPI collect for GLX-204247 Contract manufacturing charges
UPI899792927499,GLX-204418,yamini01@ybl,Yamini Home Needs Pvt Ltd,18/03/2026 18:07,19/03/2026,AXISUPI260319500,"₹76,792.00","₹1,535.84",₹276.45,"₹74,979.71",,SUCCESS,UPI collect for GLX-204418 Export documentation recovery
UPI866627851192,GLX-204437,barkat43@okhdfcbank,Barkat Stationers Private Limited,18/03/2026 16:55,19/03/2026,AXISUPI260319160,"₹77,562.60","₹1,551.25",₹279.22,"₹75,732.13",,SUCCESS,UPI collect for GLX-204437 Tooling amortisation billing
UPI264366823435,GLX-204797,suvarna41@ybl,Suvarna Weaves LLP,18/03/2026 09:58,19/03/2026,AXISUPI260319806,"₹89,575.06","₹1,791.50",₹322.47,"₹87,461.09",,SUCCESS,UPI collect for GLX-204797 Rework charges billed
UPI853399368750,GLX-205037,bhavani17@ybl,Bhavani Steel Trading Pvt Ltd,18/03/2026 08:16,19/03/2026,AXISUPI260319668,"₹53,915.68","₹1,078.31",₹194.10,"₹52,643.27",,SUCCESS,UPI collect for GLX-205037 Trial batch supply
UPI531362091229,GLX-205472,utsav88@ybl,Utsav Bakers LLP,18/03/2026 10:21,19/03/2026,AXISUPI260319200,"₹4,168.00",₹83.36,₹15.00,"₹3,027.64","₹1,042.00",SUCCESS,UPI collect for GLX-205472 Testing and calibration charges
UPI599032877823,GLX-205485,sanchit87@okaxis,Sanchit Hardware Depot Pvt Ltd,18/03/2026 10:38,19/03/2026,AXISUPI260319300,₹902.00,₹18.04,₹3.25,₹880.71,,SUCCESS,UPI collect for GLX-205485 Site erection charges
UPI341977592655,GLX-205759,prithvi84@okhdfcbank,Prithvi Seeds and Feeds Pvt Ltd,18/03/2026 09:30,19/03/2026,AXISUPI260319622,"₹11,111.22",₹222.22,₹40.00,"₹10,849.00",,SUCCESS,UPI collect for GLX-205759 Bulk despatch schedule A
UPI965833241789,GLX-205865,rukmini85@okaxis,Rukmini Provisions Private Limited,18/03/2026 10:38,19/03/2026,AXISUPI260319900,"₹58,778.00","₹1,175.56",₹211.60,"₹57,390.84",,SUCCESS,UPI collect for GLX-205865 Testing and calibration charges
UPI768313709132,GLX-205866,tanmay03@okhdfcbank,Tanmay Toolroom Private Limited,18/03/2026 16:41,19/03/2026,AXISUPI260319100,"₹30,168.00",₹603.36,₹108.60,"₹29,456.04",,SUCCESS,UPI collect for GLX-205866 Packaging material supply
UPI805646566697,GLX-206576,nirvaan96@okicici,Nirvaan Agro Mills Pvt Ltd,18/03/2026 14:20,20/03/2026,AXISUPI260320125,"₹49,041.25",₹980.82,₹176.55,"₹47,883.88",,SUCCESS,UPI collect for GLX-206576 Sample despatch billing
UPI591077987194,GLX-206834,meghdoot66@okhdfcbank,Meghdoot Packaging LLP,18/03/2026 16:14,19/03/2026,AXISUPI260319832,"₹44,017.32",₹880.35,₹158.46,"₹42,978.51",,SUCCESS,UPI collect for GLX-206834 Job work conversion charges
UPI296265379327,GLX-206856,shubhankar95@okhdfcbank,Shubhankar Electricals LLP,18/03/2026 13:23,19/03/2026,AXISUPI260319400,"₹83,775.00","₹1,675.50",₹301.59,"₹81,797.91",,SUCCESS,UPI collect for GLX-206856 Mould development charges
UPI196648716620,GLX-207067,madhuban47@okaxis,Madhuban Nurseries Pvt Ltd,18/03/2026 15:05,19/03/2026,AXISUPI260319408,"₹31,926.08",₹638.52,₹114.93,"₹31,172.63",,SUCCESS,UPI collect for GLX-207067 Palletisation charges
UPI284852803236,GLX-207103,ranjeet32@okaxis,Ranjeet Timber Depot Pvt Ltd,18/03/2026 17:56,19/03/2026,AXISUPI260319300,"₹75,800.00","₹1,516.00",₹272.88,"₹74,011.12",,SUCCESS,UPI collect for GLX-207103 Spare kit despatch
UPI304830781873,GLX-207198,sitara96@oksbi,Sitara Packaging Solutions Pvt Ltd,18/03/2026 16:09,20/03/2026,AXISUPI260320645,"₹31,154.45",₹623.09,₹112.16,"₹30,419.20",,SUCCESS,UPI collect for GLX-207198 Warehouse handling recovery
UPI340819217460,GLX-207566,kaveri27@okicici,Kaveri Rubber Works Pvt Ltd,18/03/2026 10:35,20/03/2026,AXISUPI260320557,"₹80,500.57","₹1,610.01",₹289.80,"₹78,600.76",,SUCCESS,UPI collect for GLX-207566 Bulk despatch schedule B
UPI262511209210,GLX-208106,sohrab48@ybl,Sohrab Auto Spares LLP,18/03/2026 15:40,19/03/2026,AXISUPI260319500,"₹11,947.00",₹238.94,₹43.01,"₹11,665.05",,SUCCESS,UPI collect for GLX-208106 Consignment despatch
UPI717003857516,GLX-208178,neelkanth63@ybl,Neelkanth Ceramics Pvt Ltd,18/03/2026 08:49,19/03/2026,AXISUPI260319200,"₹83,053.00","₹1,661.06",₹298.99,"₹81,092.95",,SUCCESS,UPI collect for GLX-208178 Machinery hire charges
UPI390055537683,GLX-208496,girnar12@okaxis,Girnar Pipes and Fittings Pvt Ltd,18/03/2026 15:06,19/03/2026,AXISUPI260319300,"₹32,402.00",₹648.04,₹116.65,"₹31,637.31",,SUCCESS,UPI collect for GLX-208496 Secondary transport recovery
UPI435944207041,GLX-208633,ekansh33@okkotak,Ekansh Glassworks Private Limited,18/03/2026 08:07,20/03/2026,AXISUPI260320973,"₹9,719.73",₹194.39,₹34.99,"₹9,490.35",,SUCCESS,UPI collect for GLX-208633 Labelling job billing
UPI244450301675,GLX-208877,devgiri75@okkotak,Devgiri Paints LLP,18/03/2026 18:12,20/03/2026,AXISUPI260320685,"₹67,541.85","₹1,350.84",₹243.15,"₹65,947.86",,SUCCESS,UPI collect for GLX-208877 Annual maintenance billing
UPI910427893886,GLX-209302,naaz03@okhdfcbank,Naaz Fabrics Private Limited,18/03/2026 15:13,19/03/2026,AXISUPI260319100,"₹58,104.00","₹1,162.08",₹209.17,"₹56,732.75",,SUCCESS,UPI collect for GLX-209302 Design retainer billing
UPI845139853404,GLX-209974,vaayu47@okaxis,Vaayu Organics Private Limited,18/03/2026 18:10,19/03/2026,AXISUPI260319300,"₹13,628.00",₹272.56,₹49.06,"₹13,306.38",,SUCCESS,UPI collect for GLX-209974 Scrap sale realisation
UPI877268679250,GLX-204189,ambar23@oksbi,Ambar Cold Rooms Pvt Ltd,19/03/2026 09:04,21/03/2026,AXISUPI260321579,"₹25,654.79",₹513.10,₹92.36,"₹25,049.33",,SUCCESS,UPI collect for GLX-204189 Spare kit despatch
UPI736743634856,GLX-204209,marudhar42@okaxis,Marudhar Furnishings LLP,19/03/2026 17:56,20/03/2026,AXISUPI260320300,"₹51,230.00","₹1,024.60",₹184.43,"₹50,020.97",,SUCCESS,UPI collect for GLX-204209 Labelling job billing
UPI627743665058,GLX-204442,palashwood44@ybl,Palashwood Interiors Pvt Ltd,19/03/2026 13:53,20/03/2026,AXISUPI260320800,"₹68,335.00","₹1,366.70",₹246.01,"₹66,722.29",,SUCCESS,UPI collect for GLX-204442 Bulk despatch schedule B
UPI487999794453,GLX-204503,devgiri51@okaxis,Devgiri Paints LLP,19/03/2026 14:10,20/03/2026,AXISUPI260320294,"₹34,453.94",₹689.08,₹124.03,"₹33,640.83",,SUCCESS,UPI collect for GLX-204503 Freight recovery billing
UPI515111170959,GLX-205030,meghdoot34@okaxis,Meghdoot Packaging LLP,19/03/2026 20:24,20/03/2026,AXISUPI260320300,"₹20,252.00",₹405.04,₹72.91,"₹19,774.05",,SUCCESS,UPI collect for GLX-205030 Site erection charges
UPI107343510595,GLX-205210,bhoomi17@okaxis,Bhoomi Tiles and Sanitary LLP,19/03/2026 18:15,20/03/2026,AXISUPI260320300,"₹41,069.00",₹821.38,₹147.85,"₹40,099.77",,SUCCESS,UPI collect for GLX-205210 Tooling amortisation billing
UPI788848767540,GLX-205412,yamini49@okkotak,Yamini Home Needs Pvt Ltd,19/03/2026 20:30,20/03/2026,AXISUPI260320139,"₹38,286.39",₹765.73,₹137.83,"₹37,382.83",,SUCCESS,UPI collect for GLX-205412 Secondary transport recovery
UPI918670000151,GLX-205711,girnar20@ybl,Girnar Pipes and Fittings Pvt Ltd,19/03/2026 19:40,20/03/2026,AXISUPI260320500,"₹35,347.00",₹706.94,₹127.25,"₹34,512.81",,SUCCESS,UPI collect for GLX-205711 Export documentation recovery
UPI914624366564,GLX-205733,tarangini06@okaxis,Tarangini Prints LLP,19/03/2026 13:42,20/03/2026,AXISUPI260320708,"₹61,368.08","₹1,227.36",₹220.92,"₹59,919.80",,SUCCESS,UPI collect for GLX-205733 Design retainer billing
UPI896644050806,GLX-205891,chirag48@ybl,Chirag Battery House Pvt Ltd,19/03/2026 14:07,20/03/2026,AXISUPI260320500,"₹86,152.00","₹1,723.04",₹310.15,"₹84,118.81",,SUCCESS,UPI collect for GLX-205891 Machinery hire charges
UPI556174841546,GLX-206046,naaz40@ybl,Naaz Fabrics Private Limited,19/03/2026 19:16,20/03/2026,AXISUPI260320308,"₹4,214.08",₹84.28,₹15.17,"₹4,114.63",,SUCCESS,UPI collect for GLX-206046 Packaging material supply
UPI132892231690,GLX-206221,kesari66@okaxis,Kesari Handlooms Pvt Ltd,19/03/2026 08:06,20/03/2026,AXISUPI260320300,"₹69,959.00","₹1,399.18",₹251.85,"₹68,307.97",,SUCCESS,UPI collect for GLX-206221 Annual maintenance billing
UPI369146925978,GLX-206641,neelkanth49@okaxis,Neelkanth Ceramics Pvt Ltd,19/03/2026 16:38,20/03/2026,AXISUPI260320900,"₹79,136.00","₹1,582.72",₹284.89,"₹77,268.39",,SUCCESS,UPI collect for GLX-206641 Mould development charges
UPI847003783538,GLX-206651,utsav26@okicici,Utsav Bakers LLP,19/03/2026 13:55,21/03/2026,AXISUPI260321707,"₹86,595.07","₹1,731.90",₹311.74,"₹84,551.43",,SUCCESS,UPI collect for GLX-206651 Scrap sale realisation
UPI935841642153,GLX-206711,kalanjali84@okhdfcbank,Kalanjali Crafts Pvt Ltd,19/03/2026 18:18,20/03/2026,AXISUPI260320100,"₹5,751.00",₹115.02,₹20.70,"₹5,615.28",,SUCCESS,UPI collect for GLX-206711 Job work conversion charges
UPI931624446978,GLX-207077,kaveri24@okhdfcbank,Kaveri Rubber Works Pvt Ltd,19/03/2026 09:04,20/03/2026,AXISUPI260320100,"₹30,951.00",₹619.02,₹111.42,"₹30,220.56",,SUCCESS,UPI collect for GLX-207077 Contract manufacturing charges
UPI995556377174,GLX-207200,barkat57@okaxis,Barkat Stationers Private Limited,19/03/2026 19:29,20/03/2026,AXISUPI260320300,"₹76,358.00","₹1,527.16",₹274.89,"₹74,555.95",,SUCCESS,UPI collect for GLX-207200 Trial batch supply
UPI963822085280,GLX-207448,ranjeet73@okkotak,Ranjeet Timber Depot Pvt Ltd,19/03/2026 20:40,21/03/2026,AXISUPI260321451,"₹22,188.51",₹443.77,₹79.88,"₹21,664.86",,SUCCESS,UPI collect for GLX-207448 Warehouse handling recovery
UPI601524765701,GLX-207460,prithvi01@ybl,Prithvi Seeds and Feeds Pvt Ltd,19/03/2026 19:26,20/03/2026,AXISUPI260320800,"₹31,687.00",₹633.74,₹114.07,"₹30,939.19",,SUCCESS,UPI collect for GLX-207460 Consignment despatch
UPI323188607421,GLX-207760,vindhya10@okaxis,Vindhya Plastics Private Limited,19/03/2026 18:01,20/03/2026,AXISUPI260320300,"₹60,887.00","₹1,217.74",₹219.19,"₹59,450.07",,SUCCESS,UPI collect for GLX-207760 Freight recovery billing
UPI451978344705,GLX-208420,ekansh05@okhdfcbank,Ekansh Glassworks Private Limited,19/03/2026 20:36,20/03/2026,AXISUPI260320700,"₹79,089.00","₹1,581.78",₹284.72,"₹77,222.50",,SUCCESS,UPI collect for GLX-208420 Rework charges billed
UPI261221873083,GLX-208811,vaayu85@okaxis,Vaayu Organics Private Limited,19/03/2026 16:38,20/03/2026,AXISUPI260320600,"₹43,646.00",₹872.92,₹157.13,"₹42,615.95",,SUCCESS,UPI collect for GLX-208811 Testing and calibration charges
UPI844314958093,GLX-209028,ojas91@ybl,Ojas Lighting Private Limited,19/03/2026 20:58,20/03/2026,AXISUPI260320200,"₹1,162.00",₹23.24,₹4.18,"₹1,134.58",,SUCCESS,UPI collect for GLX-209028 Palletisation charges
UPI210779203271,GLX-209076,madhuban37@ybl,Madhuban Nurseries Pvt Ltd,19/03/2026 15:30,20/03/2026,AXISUPI260320800,"₹21,805.00",₹436.10,₹78.50,"₹21,290.40",,SUCCESS,UPI collect for GLX-209076 Sample despatch billing
UPI954568840824,GLX-209090,chandravat55@okaxis,Chandravat Metals Private Limited,19/03/2026 09:20,20/03/2026,AXISUPI260320900,"₹45,188.00",₹903.76,₹162.68,"₹44,121.56",,SUCCESS,UPI collect for GLX-209090 Bulk despatch schedule A
UPI738592621540,GLX-209676,anokhi25@okkotak,Anokhi Kitchenware Pvt Ltd,19/03/2026 17:17,21/03/2026,AXISUPI260321565,"₹85,864.65","₹1,717.29",₹309.11,"₹83,838.25",,SUCCESS,UPI collect for GLX-209676 Export documentation recovery
UPI633486950211,GLX-204409,yamini08@okaxis,Yamini Home Needs Pvt Ltd,20/03/2026 15:01,21/03/2026,AXISUPI260321714,"₹79,053.14","₹1,581.06",₹284.59,"₹77,187.49",,SUCCESS,UPI collect for GLX-204409 Export documentation recovery
UPI728738306892,GLX-204519,ojas75@okhdfcbank,Ojas Lighting Private Limited,20/03/2026 14:51,21/03/2026,AXISUPI260321112,"₹51,237.12","₹1,024.74",₹184.45,"₹50,027.93",,SUCCESS,UPI collect for GLX-204519 Sample despatch billing
UPI630288159739,GLX-204897,nirvaan78@ybl,Nirvaan Agro Mills Pvt Ltd,20/03/2026 17:26,21/03/2026,AXISUPI260321800,"₹24,082.00",₹481.64,₹86.70,"₹23,513.66",,SUCCESS,UPI collect for GLX-204897 Palletisation charges
UPI387902643113,GLX-204939,kalanjali03@okhdfcbank,Kalanjali Crafts Pvt Ltd,20/03/2026 16:42,21/03/2026,AXISUPI260321472,"₹18,795.72",₹375.91,₹67.66,"₹18,352.15",,SUCCESS,UPI collect for GLX-204939 Site erection charges
UPI585748951471,GLX-205028,marudhar16@ybl,Marudhar Furnishings LLP,20/03/2026 10:58,21/03/2026,AXISUPI260321500,"₹87,079.00","₹1,741.58",₹313.48,"₹85,023.94",,SUCCESS,UPI collect for GLX-205028 Rework charges billed
UPI178964742525,GLX-205164,chandravat87@ybl,Chandravat Metals Private Limited,20/03/2026 20:07,21/03/2026,AXISUPI260321500,"₹81,121.00","₹1,622.42",₹292.04,"₹79,206.54",,SUCCESS,UPI collect for GLX-205164 Consignment despatch
UPI964511163391,GLX-205308,sitara80@ybl,Sitara Packaging Solutions Pvt Ltd,20/03/2026 18:35,21/03/2026,AXISUPI260321200,"₹9,856.00",₹197.12,₹35.48,"₹9,623.40",,SUCCESS,UPI collect for GLX-205308 Spare kit despatch
UPI588983248973,GLX-205366,palashwood19@okaxis,Palashwood Interiors Pvt Ltd,20/03/2026 10:43,21/03/2026,AXISUPI260321900,"₹95,228.00","₹1,904.56",₹342.82,"₹92,980.62",,SUCCESS,UPI collect for GLX-205366 Contract manufacturing charges
UPI644261965203,GLX-205475,tanmay93@okaxis,Tanmay Toolroom Private Limited,20/03/2026 16:38,21/03/2026,AXISUPI260321300,"₹76,952.00","₹1,539.04",₹277.03,"₹75,135.93",,SUCCESS,UPI collect for GLX-205475 Design retainer billing
UPI155207148567,GLX-205908,anokhi79@okhdfcbank,Anokhi Kitchenware Pvt Ltd,20/03/2026 12:09,21/03/2026,AXISUPI260321700,"₹15,999.00",₹319.98,₹57.60,"₹15,621.42",,SUCCESS,UPI collect for GLX-205908 Secondary transport recovery
UPI807119908096,GLX-206027,tarangini00@okicici,Tarangini Prints LLP,20/03/2026 14:09,22/03/2026,AXISUPI260322701,"₹30,975.01",₹619.50,₹111.51,"₹30,244.00",,SUCCESS,UPI collect for GLX-206027 Packaging material supply
UPI358968090150,GLX-206808,shubhankar75@oksbi,Shubhankar Electricals LLP,20/03/2026 19:22,22/03/2026,AXISUPI260322867,"₹4,885.67",₹97.71,₹17.59,"₹4,770.37",,SUCCESS,UPI collect for GLX-206808 Machinery hire charges
UPI912243837181,GLX-206859,suvarna66@okaxis,Suvarna Weaves LLP,20/03/2026 16:24,21/03/2026,AXISUPI260321600,"₹92,948.00","₹1,858.96",₹334.61,"₹90,754.43",,SUCCESS,UPI collect for GLX-206859 Labelling job billing
UPI379381447020,GLX-207226,sanchit74@okicici,Sanchit Hardware Depot Pvt Ltd,20/03/2026 11:37,22/03/2026,AXISUPI260322653,"₹88,277.53","₹1,765.55",₹317.80,"₹86,194.18",,SUCCESS,UPI collect for GLX-207226 Job work conversion charges
UPI317163917860,GLX-207260,sohrab82@ybl,Sohrab Auto Spares LLP,20/03/2026 10:03,21/03/2026,AXISUPI260321500,"₹37,534.00",₹750.68,₹135.12,"₹36,648.20",,SUCCESS,UPI collect for GLX-207260 Bulk despatch schedule A
UPI183353576091,GLX-207394,vindhya86@okhdfcbank,Vindhya Plastics Private Limited,20/03/2026 08:10,21/03/2026,AXISUPI260321232,"₹22,231.32",₹444.63,₹80.03,"₹21,706.66",,SUCCESS,UPI collect for GLX-207394 Annual maintenance billing
UPI903377072817,GLX-207412,ambar42@ybl,Ambar Cold Rooms Pvt Ltd,20/03/2026 15:49,21/03/2026,AXISUPI260321800,"₹17,377.00",₹347.54,₹62.56,"₹16,966.90",,SUCCESS,UPI collect for GLX-207412 Warehouse handling recovery
UPI777565067143,GLX-207441,jashan34@ybl,Jashan Sports Goods Pvt Ltd,20/03/2026 13:10,21/03/2026,AXISUPI260321962,"₹2,060.62",₹41.21,₹7.42,"₹2,011.99",,SUCCESS,UPI collect for GLX-207441 Bulk despatch schedule B
UPI556149805811,GLX-207814,kesari64@okhdfcbank,Kesari Handlooms Pvt Ltd,20/03/2026 15:23,21/03/2026,AXISUPI260321700,"₹84,282.00","₹1,685.64",₹303.42,"₹82,292.94",,SUCCESS,UPI collect for GLX-207814 Freight recovery billing
UPI118099691036,GLX-208036,neelkanth96@okhdfcbank,Neelkanth Ceramics Pvt Ltd,20/03/2026 20:51,21/03/2026,AXISUPI260321172,"₹79,839.72","₹1,596.79",₹287.42,"₹77,955.51",,SUCCESS,UPI collect for GLX-208036 Machinery hire charges
UPI504213260609,GLX-208279,utsav07@okhdfcbank,Utsav Bakers LLP,20/03/2026 11:23,21/03/2026,AXISUPI260321400,"₹4,917.00",₹98.34,₹17.70,"₹4,800.96",,SUCCESS,UPI collect for GLX-208279 Testing and calibration charges
UPI440528610265,GLX-208812,bhavani19@okkotak,Bhavani Steel Trading Pvt Ltd,20/03/2026 12:31,22/03/2026,AXISUPI260322511,"₹32,530.11",₹650.60,₹117.11,"₹31,762.40",,SUCCESS,UPI collect for GLX-208812 Tooling amortisation billing
UPI965497095668,GLX-209002,chirag66@okhdfcbank,Chirag Battery House Pvt Ltd,20/03/2026 18:01,21/03/2026,AXISUPI260321844,"₹76,120.44","₹1,522.41",₹274.03,"₹74,324.00",,SUCCESS,UPI collect for GLX-209002 Mould development charges
UPI807763624658,GLX-209211,bhoomi61@ybl,Bhoomi Tiles and Sanitary LLP,20/03/2026 15:57,21/03/2026,AXISUPI260321482,"₹79,824.82","₹1,596.50",₹287.37,"₹77,940.95",,SUCCESS,UPI collect for GLX-209211 Trial batch supply
UPI261298891536,GLX-209318,rukmini09@oksbi,Rukmini Provisions Private Limited,20/03/2026 10:00,22/03/2026,AXISUPI260322225,"₹25,732.25",₹514.64,₹92.64,"₹25,124.97",,SUCCESS,UPI collect for GLX-209318 Scrap sale realisation
UPI995944173916,GLX-204208,shubhankar19@okhdfcbank,Shubhankar Electricals LLP,21/03/2026 12:32,22/03/2026,AXISUPI260322100,"₹72,045.00","₹1,440.90",₹259.36,"₹70,344.74",,SUCCESS,UPI collect for GLX-204208 Mould development charges
UPI318671944475,GLX-204297,naaz82@okaxis,Naaz Fabrics Private Limited,21/03/2026 18:04,22/03/2026,AXISUPI260322522,"₹23,494.22",₹469.88,₹84.58,"₹22,939.76",,SUCCESS,UPI collect for GLX-204297 Design retainer billing
UPI260339969705,GLX-204500,anokhi88@oksbi,Anokhi Kitchenware Pvt Ltd,21/03/2026 18:20,23/03/2026,AXISUPI260323729,"₹86,091.29","₹1,721.83",₹309.93,"₹84,059.53",,SUCCESS,UPI collect for GLX-204500 Export documentation recovery
UPI817254360091,GLX-204672,jashan32@okhdfcbank,Jashan Sports Goods Pvt Ltd,21/03/2026 15:45,22/03/2026,AXISUPI260322748,"₹61,719.48","₹1,234.39",₹222.19,"₹60,262.90",,SUCCESS,UPI collect for GLX-204672 Contract manufacturing charges
UPI788464289719,GLX-205043,sitara43@ybl,Sitara Packaging Solutions Pvt Ltd,21/03/2026 10:58,22/03/2026,AXISUPI260322800,"₹47,221.00",₹944.42,₹170.00,"₹46,106.58",,SUCCESS,UPI collect for GLX-205043 Warehouse handling recovery
UPI731875718628,GLX-205071,devgiri90@ybl,Devgiri Paints LLP,21/03/2026 08:26,22/03/2026,AXISUPI260322800,"₹28,645.00",₹572.90,₹103.12,"₹27,968.98",,SUCCESS,UPI collect for GLX-205071 Annual maintenance billing
UPI875131601667,GLX-205400,madhuban82@ybl,Madhuban Nurseries Pvt Ltd,21/03/2026 13:16,22/03/2026,AXISUPI260322800,"₹95,443.00","₹1,908.86",₹343.59,"₹93,190.55",,SUCCESS,UPI collect for GLX-205400 Palletisation charges
UPI123137483562,GLX-205811,sohrab41@okhdfcbank,Sohrab Auto Spares LLP,21/03/2026 14:49,22/03/2026,AXISUPI260322982,"₹95,111.82","₹1,902.24",₹342.40,"₹92,867.18",,SUCCESS,UPI collect for GLX-205811 Consignment despatch
UPI720352230285,GLX-205979,vaayu26@okhdfcbank,Vaayu Organics Private Limited,21/03/2026 15:54,22/03/2026,AXISUPI260322754,"₹78,108.54","₹1,562.17",₹281.19,"₹76,265.18",,SUCCESS,UPI collect for GLX-205979 Scrap sale realisation
UPI375500475275,GLX-206143,girnar37@okaxis,Girnar Pipes and Fittings Pvt Ltd,21/03/2026 19:06,22/03/2026,AXISUPI260322300,"₹5,024.00",₹100.48,₹18.09,"₹4,905.43",,SUCCESS,UPI collect for GLX-206143 Secondary transport recovery
UPI414666638175,GLX-206482,meghdoot26@ybl,Meghdoot Packaging LLP,21/03/2026 19:03,22/03/2026,AXISUPI260322200,"₹35,155.00",₹703.10,₹126.56,"₹34,325.34",,SUCCESS,UPI collect for GLX-206482 Job work conversion charges
UPI768262983401,GLX-206539,nirvaan55@okaxis,Nirvaan Agro Mills Pvt Ltd,21/03/2026 08:06,22/03/2026,AXISUPI260322540,"₹54,616.40","₹1,092.33",₹196.62,"₹53,327.45",,SUCCESS,UPI collect for GLX-206539 Sample despatch billing
UPI870760900132,GLX-206595,chandravat33@ybl,Chandravat Metals Private Limited,21/03/2026 12:58,22/03/2026,AXISUPI260322500,"₹22,612.00",₹452.24,₹81.40,"₹22,078.36",,SUCCESS,UPI collect for GLX-206595 Bulk despatch schedule A
UPI181325149500,GLX-206789,kaveri20@okkotak,Kaveri Rubber Works Pvt Ltd,21/03/2026 16:46,23/03/2026,AXISUPI260323163,"₹18,351.63",₹367.03,₹66.07,"₹17,918.53",,SUCCESS,UPI collect for GLX-206789 Bulk despatch schedule B
UPI452788493218,GLX-207030,sanchit64@ybl,Sanchit Hardware Depot Pvt Ltd,21/03/2026 14:44,22/03/2026,AXISUPI260322500,"₹85,252.00","₹1,705.04",₹306.91,"₹83,240.05",,SUCCESS,UPI collect for GLX-207030 Site erection charges
UPI163849396390,GLX-207195,chirag07@okhdfcbank,Chirag Battery House Pvt Ltd,21/03/2026 08:01,22/03/2026,AXISUPI260322418,"₹76,206.18","₹1,524.12",₹274.34,"₹74,407.72",,SUCCESS,UPI collect for GLX-207195 Machinery hire charges
UPI658374585275,GLX-207383,tanmay88@okaxis,Tanmay Toolroom Private Limited,21/03/2026 16:52,22/03/2026,AXISUPI260322300,"₹86,618.00","₹1,732.36",₹311.82,"₹84,573.82",,SUCCESS,UPI collect for GLX-207383 Packaging material supply
UPI249711086956,GLX-207562,ekansh15@oksbi,Ekansh Glassworks Private Limited,21/03/2026 13:58,23/03/2026,AXISUPI260323855,"₹47,743.55",₹954.87,₹171.88,"₹46,616.80",,SUCCESS,UPI collect for GLX-207562 Labelling job billing
UPI868510960137,GLX-207965,rukmini77@okkotak,Rukmini Provisions Private Limited,21/03/2026 18:05,23/03/2026,AXISUPI260323415,"₹32,160.15",₹643.20,₹115.78,"₹31,401.17",,SUCCESS,UPI collect for GLX-207965 Testing and calibration charges
UPI216005568203,GLX-208713,suvarna75@ybl,Suvarna Weaves LLP,21/03/2026 20:10,22/03/2026,AXISUPI260322842,"₹70,045.42","₹1,400.91",₹252.16,"₹68,392.35",,SUCCESS,UPI collect for GLX-208713 Rework charges billed
UPI986024128365,GLX-208837,prithvi38@ybl,Prithvi Seeds and Feeds Pvt Ltd,21/03/2026 16:22,22/03/2026,AXISUPI260322992,"₹52,847.92","₹1,056.96",₹190.25,"₹51,600.71",,SUCCESS,UPI collect for GLX-208837 Bulk despatch schedule A
UPI223566263450,GLX-209152,vindhya23@okhdfcbank,Vindhya Plastics Private Limited,21/03/2026 10:46,22/03/2026,AXISUPI260322100,"₹2,853.00",₹57.06,₹10.27,"₹2,785.67",,SUCCESS,UPI collect for GLX-209152 Freight recovery billing
UPI269922394086,GLX-209214,bhavani89@okaxis,Bhavani Steel Trading Pvt Ltd,21/03/2026 12:06,22/03/2026,AXISUPI260322600,"₹73,976.00","₹1,479.52",₹266.31,"₹72,230.17",,SUCCESS,UPI collect for GLX-209214 Trial batch supply
UPI485732969266,GLX-209347,ambar12@oksbi,Ambar Cold Rooms Pvt Ltd,21/03/2026 15:29,23/03/2026,AXISUPI260323369,"₹28,208.69",₹564.17,₹101.55,"₹27,542.97",,SUCCESS,UPI collect for GLX-209347 Spare kit despatch
UPI201550010667,GLX-209989,barkat09@okhdfcbank,Barkat Stationers Private Limited,21/03/2026 20:54,22/03/2026,AXISUPI260322634,"₹72,968.34","₹1,459.37",₹262.69,"₹71,246.28",,SUCCESS,UPI collect for GLX-209989 Tooling amortisation billing
UPI160353202862,GLX-209998,ranjeet76@okhdfcbank,Ranjeet Timber Depot Pvt Ltd,21/03/2026 18:18,22/03/2026,AXISUPI260322700,"₹78,369.00","₹1,567.38",₹282.13,"₹76,519.49",,SUCCESS,UPI collect for GLX-209998 Spare kit despatch
UPI806677046787,GLX-204003,bhoomi63@okhdfcbank,Bhoomi Tiles and Sanitary LLP,22/03/2026 10:43,23/03/2026,AXISUPI260323124,"₹55,206.24","₹1,104.12",₹198.74,"₹53,903.38",,SUCCESS,UPI collect for GLX-204003 Tooling amortisation billing
UPI630500235252,GLX-204309,utsav96@oksbi,Utsav Bakers LLP,22/03/2026 20:54,24/03/2026,AXISUPI260324933,"₹42,119.33",₹842.39,₹151.63,"₹41,125.31",,SUCCESS,UPI collect for GLX-204309 Scrap sale realisation
UPI549545336194,GLX-205204,girnar88@okhdfcbank,Girnar Pipes and Fittings Pvt Ltd,22/03/2026 13:11,23/03/2026,AXISUPI260323184,"₹11,997.84",₹239.96,₹43.19,"₹11,714.69",,SUCCESS,UPI collect for GLX-205204 Export documentation recovery
UPI383792971978,GLX-205234,kaveri88@okaxis,Kaveri Rubber Works Pvt Ltd,22/03/2026 10:15,23/03/2026,AXISUPI260323300,"₹36,857.00",₹737.14,₹132.69,"₹35,987.17",,SUCCESS,UPI collect for GLX-205234 Contract manufacturing charges
UPI343214461252,GLX-205790,tarangini81@ybl,Tarangini Prints LLP,22/03/2026 12:58,23/03/2026,AXISUPI260323800,"₹10,600.00",₹212.00,₹38.16,"₹10,349.84",,SUCCESS,UPI collect for GLX-205790 Design retainer billing
UPI207810758504,GLX-205953,kesari37@oksbi,Kesari Handlooms Pvt Ltd,22/03/2026 10:43,24/03/2026,AXISUPI260324303,"₹84,854.03","₹1,697.08",₹305.47,"₹82,851.48",,SUCCESS,UPI collect for GLX-205953 Annual maintenance billing
UPI544916853316,GLX-206150,suvarna27@okhdfcbank,Suvarna Weaves LLP,22/03/2026 12:14,23/03/2026,AXISUPI260323106,"₹59,274.06","₹1,185.48",₹213.39,"₹57,875.19",,SUCCESS,UPI collect for GLX-206150 Labelling job billing
UPI571972331888,GLX-206519,meghdoot13@okaxis,Meghdoot Packaging LLP,22/03/2026 16:05,23/03/2026,AXISUPI260323234,"₹3,097.34",₹61.95,₹11.15,"₹3,024.24",,SUCCESS,UPI collect for GLX-206519 Site erection charges
UPI398107238302,GLX-206716,palashwood30@okicici,Palashwood Interiors Pvt Ltd,22/03/2026 08:33,24/03/2026,AXISUPI260324593,"₹60,313.93","₹1,206.28",₹217.13,"₹58,890.52",,SUCCESS,UPI collect for GLX-206716 Bulk despatch schedule B
UPI622086513655,GLX-206727,devgiri57@okicici,Devgiri Paints LLP,22/03/2026 15:19,24/03/2026,AXISUPI260324779,"₹70,350.79","₹1,407.02",₹253.26,"₹68,690.51",,SUCCESS,UPI collect for GLX-206727 Freight recovery billing
UPI942186775321,GLX-206802,naaz01@okaxis,Naaz Fabrics Private Limited,22/03/2026 18:02,23/03/2026,AXISUPI260323132,"₹8,073.32",₹161.47,₹29.06,"₹7,882.79",,SUCCESS,UPI collect for GLX-206802 Packaging material supply
UPI570171471146,GLX-207210,ranjeet29@okhdfcbank,Ranjeet Timber Depot Pvt Ltd,22/03/2026 10:09,23/03/2026,AXISUPI260323400,"₹55,623.00","₹1,112.46",₹200.24,"₹54,310.30",,SUCCESS,UPI collect for GLX-207210 Warehouse handling recovery
UPI915135151613,GLX-207640,madhuban65@ybl,Madhuban Nurseries Pvt Ltd,22/03/2026 14:21,23/03/2026,AXISUPI260323800,"₹68,245.00","₹1,364.90",₹245.68,"₹66,634.42",,SUCCESS,UPI collect for GLX-207640 Sample despatch billing
UPI578170441085,GLX-207806,shubhankar63@oksbi,Shubhankar Electricals LLP,22/03/2026 18:42,24/03/2026,AXISUPI260324357,"₹41,033.57",₹820.67,₹147.72,"₹40,065.18",,SUCCESS,UPI collect for GLX-207806 Machinery hire charges
UPI261805077128,GLX-207883,sohrab36@ybl,Sohrab Auto Spares LLP,22/03/2026 15:30,23/03/2026,AXISUPI260323800,"₹24,262.00",₹485.24,₹87.34,"₹23,689.42",,SUCCESS,UPI collect for GLX-207883 Bulk despatch schedule A
UPI139887606609,GLX-208002,prithvi87@okaxis,Prithvi Seeds and Feeds Pvt Ltd,22/03/2026 16:47,23/03/2026,AXISUPI260323900,"₹29,420.00",₹588.40,₹105.91,"₹28,725.69",,SUCCESS,UPI collect for GLX-208002 Consignment despatch
UPI513735630352,GLX-208090,ojas72@okaxis,Ojas Lighting Private Limited,22/03/2026 08:29,23/03/2026,AXISUPI260323900,"₹69,767.00","₹1,395.34",₹251.16,"₹68,120.50",,SUCCESS,UPI collect for GLX-208090 Palletisation charges
UPI550984854588,GLX-208250,neelkanth58@okhdfcbank,Neelkanth Ceramics Pvt Ltd,22/03/2026 14:18,23/03/2026,AXISUPI260323700,"₹88,548.00","₹1,770.96",₹318.77,"₹86,458.27",,SUCCESS,UPI collect for GLX-208250 Mould development charges
UPI380237361905,GLX-208264,marudhar60@okhdfcbank,Marudhar Furnishings LLP,22/03/2026 14:04,23/03/2026,AXISUPI260323100,"₹33,291.00",₹665.82,₹119.85,"₹32,505.33",,SUCCESS,UPI collect for GLX-208264 Labelling job billing
UPI518491806345,GLX-208386,kalanjali21@okkotak,Kalanjali Crafts Pvt Ltd,22/03/2026 19:31,24/03/2026,AXISUPI260324325,"₹33,302.25",₹666.04,₹119.89,"₹32,516.32",,SUCCESS,UPI collect for GLX-208386 Job work conversion charges
UPI802425775715,GLX-208522,ekansh96@okkotak,Ekansh Glassworks Private Limited,22/03/2026 19:09,24/03/2026,AXISUPI260324517,"₹66,730.17","₹1,334.60",₹240.23,"₹65,155.34",,SUCCESS,UPI collect for GLX-208522 Rework charges billed
UPI626504803224,GLX-208669,vaayu65@ybl,Vaayu Organics Private Limited,22/03/2026 11:16,23/03/2026,AXISUPI260323200,"₹27,505.00",₹550.10,₹99.02,"₹26,855.88",,SUCCESS,UPI collect for GLX-208669 Testing and calibration charges
UPI970841211569,GLX-209418,barkat39@okaxis,Barkat Stationers Private Limited,22/03/2026 17:08,23/03/2026,AXISUPI260323384,"₹37,136.84",₹742.74,₹133.69,"₹36,260.41",,SUCCESS,UPI collect for GLX-209418 Trial batch supply
UPI807022533513,GLX-209805,yamini36@oksbi,Yamini Home Needs Pvt Ltd,22/03/2026 13:51,24/03/2026,AXISUPI260324465,"₹66,306.65","₹1,326.13",₹238.70,"₹64,741.82",,SUCCESS,UPI collect for GLX-209805 Secondary transport recovery
UPI693263033570,GLX-209904,sitara69@okhdfcbank,Sitara Packaging Solutions Pvt Ltd,22/03/2026 18:50,23/03/2026,AXISUPI260323700,"₹21,363.00",₹427.26,₹76.91,"₹20,858.83",,SUCCESS,UPI collect for GLX-209904 Spare kit despatch
UPI399868443448,GLX-204056,prithvi34@okicici,Prithvi Seeds and Feeds Pvt Ltd,23/03/2026 11:31,25/03/2026,AXISUPI260325563,"₹44,869.63",₹897.39,₹161.53,"₹43,810.71",,SUCCESS,UPI collect for GLX-204056 Bulk despatch schedule A
UPI469016577326,GLX-204259,rukmini29@okaxis,Rukmini Provisions Private Limited,23/03/2026 10:01,24/03/2026,AXISUPI260324600,"₹52,034.00","₹1,040.68",₹187.32,"₹50,806.00",,SUCCESS,UPI collect for GLX-204259 Scrap sale realisation
UPI349853505734,GLX-204329,palashwood44@ybl,Palashwood Interiors Pvt Ltd,23/03/2026 10:12,24/03/2026,AXISUPI260324500,"₹95,107.00","₹1,902.14",₹342.39,"₹92,862.47",,SUCCESS,UPI collect for GLX-204329 Contract manufacturing charges
UPI960530295427,GLX-204340,yamini23@okhdfcbank,Yamini Home Needs Pvt Ltd,23/03/2026 09:17,24/03/2026,AXISUPI260324808,"₹89,827.08","₹1,796.54",₹323.38,"₹87,707.16",,SUCCESS,UPI collect for GLX-204340 Export documentation recovery
UPI821968303908,GLX-204486,vindhya35@okaxis,Vindhya Plastics Private Limited,23/03/2026 09:47,24/03/2026,AXISUPI260324600,"₹62,609.00","₹1,252.18",₹225.39,"₹61,131.43",,SUCCESS,UPI collect for GLX-204486 Annual maintenance billing
UPI402796558643,GLX-204517,nirvaan90@oksbi,Nirvaan Agro Mills Pvt Ltd,23/03/2026 18:05,25/03/2026,AXISUPI260325591,"₹38,056.91",₹761.14,₹137.01,"₹37,158.76",,SUCCESS,UPI collect for GLX-204517 Palletisation charges
UPI332870522910,GLX-204656,anokhi20@okhdfcbank,Anokhi Kitchenware Pvt Ltd,23/03/2026 18:55,24/03/2026,AXISUPI260324700,"₹16,044.00",₹320.88,₹57.76,"₹15,665.36",,SUCCESS,UPI collect for GLX-204656 Secondary transport recovery
UPI314654519920,GLX-204765,meghdoot13@okicici,Meghdoot Packaging LLP,23/03/2026 14:52,25/03/2026,AXISUPI260325665,"₹83,435.65","₹1,668.71",₹300.37,"₹81,466.57",,SUCCESS,UPI collect for GLX-204765 Job work conversion charges
UPI167250477517,GLX-205279,sanchit94@ybl,Sanchit Hardware Depot Pvt Ltd,23/03/2026 08:48,24/03/2026,AXISUPI260324368,"₹81,812.68","₹1,636.25",₹294.52,"₹79,881.91",,SUCCESS,UPI collect for GLX-205279 Job work conversion charges
UPI872608243530,GLX-205337,bhavani74@okaxis,Bhavani Steel Trading Pvt Ltd,23/03/2026 13:43,24/03/2026,AXISUPI260324900,"₹73,583.00","₹1,471.66",₹264.90,"₹71,846.44",,SUCCESS,UPI collect for GLX-205337 Tooling amortisation billing
UPI991890430704,GLX-205433,bhoomi72@okhdfcbank,Bhoomi Tiles and Sanitary LLP,23/03/2026 17:23,24/03/2026,AXISUPI260324400,"₹15,447.00",₹308.94,₹55.61,"₹15,082.45",,SUCCESS,UPI collect for GLX-205433 Trial batch supply
UPI338141102708,GLX-205893,chirag46@okaxis,Chirag Battery House Pvt Ltd,23/03/2026 20:23,24/03/2026,AXISUPI260324168,"₹39,213.68",₹784.27,₹141.17,"₹38,288.24",,SUCCESS,UPI collect for GLX-205893 Mould development charges
UPI307600276283,GLX-205940,ranjeet22@okicici,Ranjeet Timber Depot Pvt Ltd,23/03/2026 18:44,25/03/2026,AXISUPI260325383,"₹92,162.83","₹1,843.26",₹331.79,"₹89,987.78",,SUCCESS,UPI collect for GLX-205940 Spare kit despatch
UPI400188181967,GLX-206974,ambar07@ybl,Ambar Cold Rooms Pvt Ltd,23/03/2026 19:16,24/03/2026,AXISUPI260324800,"₹52,738.00","₹1,054.76",₹189.86,"₹51,493.38",,SUCCESS,UPI collect for GLX-206974 Warehouse handling recovery
UPI708367098404,GLX-207518,neelkanth07@ybl,Neelkanth Ceramics Pvt Ltd,23/03/2026 17:03,24/03/2026,AXISUPI260324500,"₹51,574.00","₹1,031.48",₹185.67,"₹50,356.85",,SUCCESS,UPI collect for GLX-207518 Machinery hire charges
UPI659471379941,GLX-207656,ojas27@ybl,Ojas Lighting Private Limited,23/03/2026 19:33,24/03/2026,AXISUPI260324710,"₹61,827.10","₹1,236.54",₹222.58,"₹60,367.98",,SUCCESS,UPI collect for GLX-207656 Sample despatch billing
UPI884768660003,GLX-207750,chandravat00@okicici,Chandravat Metals Private Limited,23/03/2026 20:07,25/03/2026,AXISUPI260325317,"₹1,514.17",₹30.28,₹5.45,"₹1,478.44",,SUCCESS,UPI collect for GLX-207750 Consignment despatch
UPI363373475016,GLX-207886,ekansh08@okhdfcbank,Ekansh Glassworks Private Limited,23/03/2026 12:18,24/03/2026,AXISUPI260324100,"₹22,248.00",₹444.96,₹80.09,"₹21,722.95",,SUCCESS,UPI collect for GLX-207886 Labelling job billing
UPI420445383154,GLX-208120,tanmay78@ybl,Tanmay Toolroom Private Limited,23/03/2026 19:40,24/03/2026,AXISUPI260324200,"₹25,246.00",₹504.92,₹90.89,"₹24,650.19",,SUCCESS,UPI collect for GLX-208120 Design retainer billing
UPI820814607274,GLX-208631,barkat52@okhdfcbank,Barkat Stationers Private Limited,23/03/2026 13:27,24/03/2026,AXISUPI260324100,"₹37,233.00",₹744.66,₹134.04,"₹36,354.30",,SUCCESS,UPI collect for GLX-208631 Tooling amortisation billing
UPI899127921124,GLX-208902,kesari29@ybl,Kesari Handlooms Pvt Ltd,23/03/2026 18:07,24/03/2026,AXISUPI260324200,"₹60,958.00","₹1,219.16",₹219.45,"₹59,519.39",,SUCCESS,UPI collect for GLX-208902 Freight recovery billing
UPI204219864340,GLX-208991,jashan75@ybl,Jashan Sports Goods Pvt Ltd,23/03/2026 19:26,24/03/2026,AXISUPI260324800,"₹8,755.00",₹175.10,₹31.52,"₹8,548.38",,SUCCESS,UPI collect for GLX-208991 Bulk despatch schedule B
UPI153540413279,GLX-209141,utsav01@oksbi,Utsav Bakers LLP,23/03/2026 13:43,25/03/2026,AXISUPI260325729,"₹11,760.29",₹235.21,₹42.34,"₹11,482.74",,SUCCESS,UPI collect for GLX-209141 Testing and calibration charges
UPI372633552334,GLX-209259,tarangini17@okhdfcbank,Tarangini Prints LLP,23/03/2026 18:00,24/03/2026,AXISUPI260324226,"₹76,627.26","₹1,532.55",₹275.86,"₹74,818.85",,SUCCESS,UPI collect for GLX-209259 Packaging material supply
UPI647947674388,GLX-209287,kalanjali17@okhdfcbank,Kalanjali Crafts Pvt Ltd,23/03/2026 09:23,24/03/2026,AXISUPI260324706,"₹66,966.06","₹1,339.32",₹241.08,"₹65,385.66",,SUCCESS,UPI collect for GLX-209287 Site erection charges
UPI207609264866,GLX-209851,marudhar21@ybl,Marudhar Furnishings LLP,23/03/2026 09:40,24/03/2026,AXISUPI260324800,"₹13,975.00",₹279.50,₹50.31,"₹13,645.19",,SUCCESS,UPI collect for GLX-209851 Rework charges billed
UPI746550689184,GLX-204510,nirvaan93@ybl,Nirvaan Agro Mills Pvt Ltd,24/03/2026 17:12,25/03/2026,AXISUPI260325500,"₹42,808.00",₹856.16,₹154.11,"₹41,797.73",,SUCCESS,UPI collect for GLX-204510 Sample despatch billing
UPI210300260532,GLX-204908,suvarna30@okaxis,Suvarna Weaves LLP,24/03/2026 14:08,25/03/2026,AXISUPI260325510,"₹18,760.10",₹375.20,₹67.54,"₹18,317.36",,SUCCESS,UPI collect for GLX-204908 Rework charges billed
UPI904297620116,GLX-204994,vindhya83@okhdfcbank,Vindhya Plastics Private Limited,24/03/2026 13:21,25/03/2026,AXISUPI260325922,"₹30,446.22",₹608.92,₹109.61,"₹29,727.69",,SUCCESS,UPI collect for GLX-204994 Freight recovery billing
UPI213666265944,GLX-205311,kalanjali43@ybl,Kalanjali Crafts Pvt Ltd,24/03/2026 16:30,25/03/2026,AXISUPI260325200,"₹10,846.00",₹216.92,₹39.05,"₹10,590.03",,SUCCESS,UPI collect for GLX-205311 Job work conversion charges
UPI536101757902,GLX-205399,kaveri11@okhdfcbank,Kaveri Rubber Works Pvt Ltd,24/03/2026 18:52,25/03/2026,AXISUPI260325844,"₹88,162.44","₹1,763.25",₹317.38,"₹86,081.81",,SUCCESS,UPI collect for GLX-205399 Bulk despatch schedule B
UPI105177465742,GLX-205837,anokhi51@okhdfcbank,Anokhi Kitchenware Pvt Ltd,24/03/2026 09:04,25/03/2026,AXISUPI260325700,"₹17,574.00",₹351.48,₹63.27,"₹17,159.25",,SUCCESS,UPI collect for GLX-205837 Export documentation recovery
UPI842637547803,GLX-205899,devgiri31@okaxis,Devgiri Paints LLP,24/03/2026 09:20,25/03/2026,AXISUPI260325300,"₹51,194.00","₹1,023.88",₹184.30,"₹49,985.82",,SUCCESS,UPI collect for GLX-205899 Annual maintenance billing
UPI542654047783,GLX-205994,chandravat42@okhdfcbank,Chandravat Metals Private Limited,24/03/2026 19:32,25/03/2026,AXISUPI260325100,"₹4,185.00",₹83.70,₹15.07,"₹4,086.23",,SUCCESS,UPI collect for GLX-205994 Bulk despatch schedule A
UPI881161181753,GLX-206441,naaz47@oksbi,Naaz Fabrics Private Limited,24/03/2026 13:07,26/03/2026,AXISUPI260326801,"₹60,802.01","₹1,216.04",₹218.89,"₹59,367.08",,SUCCESS,UPI collect for GLX-206441 Design retainer billing
UPI695225631717,GLX-206753,sohrab31@okkotak,Sohrab Auto Spares LLP,24/03/2026 18:15,26/03/2026,AXISUPI260326421,"₹67,386.21","₹1,347.72",₹242.59,"₹65,795.90",,SUCCESS,UPI collect for GLX-206753 Consignment despatch
UPI615353967521,GLX-206915,rukmini69@okhdfcbank,Rukmini Provisions Private Limited,24/03/2026 18:59,25/03/2026,AXISUPI260325874,"₹18,493.74",₹369.87,₹66.58,"₹18,057.29",,SUCCESS,UPI collect for GLX-206915 Testing and calibration charges
UPI818937412333,GLX-207507,ambar30@oksbi,Ambar Cold Rooms Pvt Ltd,24/03/2026 20:35,26/03/2026,AXISUPI260326687,"₹42,467.87",₹849.36,₹152.88,"₹41,465.63",,SUCCESS,UPI collect for GLX-207507 Spare kit despatch
UPI130307131546,GLX-207574,jashan35@okhdfcbank,Jashan Sports Goods Pvt Ltd,24/03/2026 17:09,25/03/2026,AXISUPI260325100,"₹3,051.00",₹61.02,₹10.98,"₹2,979.00",,SUCCESS,UPI collect for GLX-207574 Contract manufacturing charges
UPI217734260019,GLX-207731,chirag50@okicici,Chirag Battery House Pvt Ltd,24/03/2026 11:43,26/03/2026,AXISUPI260326251,"₹3,718.51",₹74.37,₹13.39,"₹3,630.75",,SUCCESS,UPI collect for GLX-207731 Machinery hire charges
UPI707637819239,GLX-208141,vaayu39@okicici,Vaayu Organics Private Limited,24/03/2026 12:41,26/03/2026,AXISUPI260326521,"₹74,308.21","₹1,486.16",₹267.51,"₹72,554.54",,SUCCESS,UPI collect for GLX-208141 Scrap sale realisation
UPI269912236503,GLX-208375,bhavani36@okhdfcbank,Bhavani Steel Trading Pvt Ltd,24/03/2026 17:00,25/03/2026,AXISUPI260325400,"₹62,868.00","₹1,257.36",₹226.32,"₹61,384.32",,SUCCESS,UPI collect for GLX-208375 Trial batch supply
UPI222670320621,GLX-208564,marudhar88@ybl,Marudhar Furnishings LLP,24/03/2026 12:49,25/03/2026,AXISUPI260325200,"₹55,675.00","₹1,113.50",₹200.43,"₹54,361.07",,SUCCESS,UPI collect for GLX-208564 Labelling job billing
UPI745720216083,GLX-208616,girnar89@okhdfcbank,Girnar Pipes and Fittings Pvt Ltd,24/03/2026 16:32,25/03/2026,AXISUPI260325700,"₹66,507.00","₹1,330.14",₹239.43,"₹64,937.43",,SUCCESS,UPI collect for GLX-208616 Secondary transport recovery
UPI543940124240,GLX-208800,madhuban95@okicici,Madhuban Nurseries Pvt Ltd,24/03/2026 16:11,26/03/2026,AXISUPI260326491,"₹15,780.91",₹315.62,₹56.81,"₹15,408.48",,SUCCESS,UPI collect for GLX-208800 Palletisation charges
UPI868604796436,GLX-208853,shubhankar73@okaxis,Shubhankar Electricals LLP,24/03/2026 19:07,25/03/2026,AXISUPI260325792,"₹42,900.92",₹858.02,₹154.44,"₹41,888.46",,SUCCESS,UPI collect for GLX-208853 Mould development charges
UPI308112840209,GLX-209006,tanmay92@ybl,Tanmay Toolroom Private Limited,24/03/2026 10:58,25/03/2026,AXISUPI260325800,"₹6,271.00",₹125.42,₹22.58,"₹6,123.00",,SUCCESS,UPI collect for GLX-209006 Packaging material supply
UPI189398795961,GLX-209210,sanchit40@okaxis,Sanchit Hardware Depot Pvt Ltd,24/03/2026 09:25,25/03/2026,AXISUPI260325372,"₹24,401.72",₹488.03,₹87.85,"₹23,825.84",,SUCCESS,UPI collect for GLX-209210 Site erection charges
UPI790959985292,GLX-209591,sitara35@okaxis,Sitara Packaging Solutions Pvt Ltd,24/03/2026 16:39,25/03/2026,AXISUPI260325852,"₹17,422.52",₹348.45,₹62.72,"₹17,011.35",,SUCCESS,UPI collect for GLX-209591 Warehouse handling recovery
UPI467019728964,GLX-209921,palashwood66@okaxis,Palashwood Interiors Pvt Ltd,24/03/2026 08:02,25/03/2026,AXISUPI260325186,"₹95,409.86","₹1,908.20",₹343.48,"₹93,158.18",,SUCCESS,UPI collect for GLX-209921 Bulk despatch schedule B
UPI298912669569,GLX-209943,bhoomi80@okhdfcbank,Bhoomi Tiles and Sanitary LLP,24/03/2026 16:29,25/03/2026,AXISUPI260325664,"₹90,959.64","₹1,819.19",₹327.45,"₹88,813.00",,SUCCESS,UPI collect for GLX-209943 Tooling amortisation billing
UPI901784240472,GLX-204391,jashan83@okhdfcbank,Jashan Sports Goods Pvt Ltd,25/03/2026 18:41,26/03/2026,AXISUPI260326700,"₹22,758.00",₹455.16,₹81.93,"₹22,220.91",,SUCCESS,UPI collect for GLX-204391 Bulk despatch schedule B
UPI937631345222,GLX-204394,barkat62@okaxis,Barkat Stationers Private Limited,25/03/2026 10:15,26/03/2026,AXISUPI260326600,"₹47,777.00",₹955.54,₹172.00,"₹46,649.46",,SUCCESS,UPI collect for GLX-204394 Trial batch supply
UPI668921964530,GLX-204904,kaveri61@okhdfcbank,Kaveri Rubber Works Pvt Ltd,25/03/2026 15:37,26/03/2026,AXISUPI260326172,"₹77,661.72","₹1,553.23",₹279.58,"₹75,828.91",,SUCCESS,UPI collect for GLX-204904 Contract manufacturing charges
UPI547493116402,GLX-205169,kesari61@ybl,Kesari Handlooms Pvt Ltd,25/03/2026 14:07,26/03/2026,AXISUPI260326800,"₹1,249.00",₹24.98,₹4.50,"₹1,219.52",,SUCCESS,UPI collect for GLX-205169 Annual maintenance billing
UPI292511228947,GLX-205316,utsav23@oksbi,Utsav Bakers LLP,25/03/2026 16:57,27/03/2026,AXISUPI260327369,"₹52,688.69","₹1,053.77",₹189.68,"₹51,445.24",,SUCCESS,UPI collect for GLX-205316 Scrap sale realisation
UPI594091766305,GLX-205404,girnar30@ybl,Girnar Pipes and Fittings Pvt Ltd,25/03/2026 12:47,26/03/2026,AXISUPI260326596,"₹19,669.96",₹393.40,₹70.81,"₹19,205.75",,SUCCESS,UPI collect for GLX-205404 Export documentation recovery
UPI204559197550,GLX-205446,tarangini06@okhdfcbank,Tarangini Prints LLP,25/03/2026 17:10,26/03/2026,AXISUPI260326292,"₹94,708.92","₹1,894.18",₹340.95,"₹92,473.79",,SUCCESS,UPI collect for GLX-205446 Design retainer billing
UPI765151403418,GLX-205787,nirvaan61@okaxis,Nirvaan Agro Mills Pvt Ltd,25/03/2026 15:10,26/03/2026,AXISUPI260326600,"₹51,107.00","₹1,022.14",₹183.99,"₹49,900.87",,SUCCESS,UPI collect for GLX-205787 Palletisation charges
UPI603711824545,GLX-206019,sanchit86@ybl,Sanchit Hardware Depot Pvt Ltd,25/03/2026 15:03,26/03/2026,AXISUPI260326200,"₹12,574.00",₹251.48,₹45.27,"₹12,277.25",,SUCCESS,UPI collect for GLX-206019 Job work conversion charges
UPI683502070424,GLX-206568,tanmay46@ybl,Tanmay Toolroom Private Limited,25/03/2026 08:49,26/03/2026,AXISUPI260326800,"₹18,898.00",₹377.96,₹68.03,"₹18,452.01",,SUCCESS,UPI collect for GLX-206568 Design retainer billing
UPI210051024477,GLX-206807,ojas85@okhdfcbank,Ojas Lighting Private Limited,25/03/2026 16:04,26/03/2026,AXISUPI260326400,"₹55,092.00","₹1,101.84",₹198.33,"₹40,018.83","₹13,773.00",SUCCESS,UPI collect for GLX-206807 Palletisation charges
UPI317079564973,GLX-206881,devgiri11@okaxis,Devgiri Paints LLP,25/03/2026 18:08,26/03/2026,AXISUPI260326150,"₹83,601.50","₹1,672.03",₹300.97,"₹81,628.50",,SUCCESS,UPI collect for GLX-206881 Freight recovery billing
UPI948529766694,GLX-207129,naaz49@okicici,Naaz Fabrics Private Limited,25/03/2026 15:31,27/03/2026,AXISUPI260327323,"₹4,988.23",₹99.76,₹17.96,"₹4,870.51",,SUCCESS,UPI collect for GLX-207129 Packaging material supply
UPI107679881243,GLX-207281,prithvi60@okaxis,Prithvi Seeds and Feeds Pvt Ltd,25/03/2026 17:06,26/03/2026,AXISUPI260326600,"₹77,135.00","₹1,542.70",₹277.69,"₹75,314.61",,SUCCESS,UPI collect for GLX-207281 Consignment despatch
UPI126575215260,GLX-207834,ekansh92@okhdfcbank,Ekansh Glassworks Private Limited,25/03/2026 11:23,26/03/2026,AXISUPI260326700,"₹60,882.00","₹1,217.64",₹219.18,"₹59,445.18",,SUCCESS,UPI collect for GLX-207834 Rework charges billed
UPI545393387937,GLX-207846,ranjeet41@okaxis,Ranjeet Timber Depot Pvt Ltd,25/03/2026 08:38,26/03/2026,AXISUPI260326600,"₹83,660.00","₹1,673.20",₹301.18,"₹81,685.62",,SUCCESS,UPI collect for GLX-207846 Warehouse handling recovery
UPI772611509878,GLX-207930,vaayu84@okhdfcbank,Vaayu Organics Private Limited,25/03/2026 12:55,26/03/2026,AXISUPI260326100,"₹32,814.00",₹656.28,₹118.13,"₹23,835.59","₹8,204.00",SUCCESS,UPI collect for GLX-207930 Testing and calibration charges
UPI148023377423,GLX-208513,suvarna91@ybl,Suvarna Weaves LLP,25/03/2026 12:26,26/03/2026,AXISUPI260326500,"₹33,754.00",₹675.08,₹121.51,"₹32,957.41",,SUCCESS,UPI collect for GLX-208513 Labelling job billing
UPI623083622247,GLX-208722,sitara05@ybl,Sitara Packaging Solutions Pvt Ltd,25/03/2026 16:25,26/03/2026,AXISUPI260326974,"₹77,480.74","₹1,549.61",₹278.93,"₹75,652.20",,SUCCESS,UPI collect for GLX-208722 Spare kit despatch
UPI641619398667,GLX-209328,neelkanth77@okhdfcbank,Neelkanth Ceramics Pvt Ltd,25/03/2026 11:27,26/03/2026,AXISUPI260326700,"₹51,468.00","₹1,029.36",₹185.28,"₹50,253.36",,SUCCESS,UPI collect for GLX-209328 Mould development charges
UPI808566872694,GLX-209355,sohrab96@ybl,Sohrab Auto Spares LLP,25/03/2026 20:58,26/03/2026,AXISUPI260326500,"₹15,358.00",₹307.16,₹55.29,"₹14,995.55",,SUCCESS,UPI collect for GLX-209355 Bulk despatch schedule A
UPI464770760509,GLX-209377,yamini87@ybl,Yamini Home Needs Pvt Ltd,25/03/2026 13:26,26/03/2026,AXISUPI260326200,"₹73,846.00","₹1,476.92",₹265.85,"₹72,103.23",,SUCCESS,UPI collect for GLX-209377 Secondary transport recovery
UPI967437417931,GLX-209391,madhuban62@okhdfcbank,Madhuban Nurseries Pvt Ltd,25/03/2026 18:34,26/03/2026,AXISUPI260326610,"₹91,553.10","₹1,831.06",₹329.59,"₹89,392.45",,SUCCESS,UPI collect for GLX-209391 Sample despatch billing
UPI839160075961,GLX-209567,bhavani46@ybl,Bhavani Steel Trading Pvt Ltd,25/03/2026 17:03,26/03/2026,AXISUPI260326800,"₹61,675.00","₹1,233.50",₹222.03,"₹60,219.47",,SUCCESS,UPI collect for GLX-209567 Tooling amortisation billing
UPI634932363062,GLX-209711,shubhankar67@ybl,Shubhankar Electricals LLP,25/03/2026 12:29,26/03/2026,AXISUPI260326662,"₹4,496.62",₹89.93,₹16.19,"₹4,390.50",,SUCCESS,UPI collect for GLX-209711 Machinery hire charges
UPI650715854015,GLX-209882,meghdoot60@okhdfcbank,Meghdoot Packaging LLP,25/03/2026 12:18,26/03/2026,AXISUPI260326700,"₹26,889.00",₹537.78,₹96.80,"₹26,254.42",,SUCCESS,UPI collect for GLX-209882 Site erection charges
UPI334381051911,GLX-204112,kalanjali10@okicici,Kalanjali Crafts Pvt Ltd,26/03/2026 18:53,28/03/2026,AXISUPI260328257,"₹12,853.57",₹257.07,₹46.27,"₹12,550.23",,SUCCESS,UPI collect for GLX-204112 Site erection charges
UPI356589753053,GLX-204273,marudhar30@ybl,Marudhar Furnishings LLP,26/03/2026 08:55,27/03/2026,AXISUPI260327578,"₹41,791.78",₹835.84,₹150.45,"₹40,805.49",,SUCCESS,UPI collect for GLX-204273 Rework charges billed
UPI703716142116,GLX-204419,madhuban91@ybl,Madhuban Nurseries Pvt Ltd,26/03/2026 19:40,27/03/2026,AXISUPI260327500,"₹19,786.00",₹395.72,₹71.23,"₹19,319.05",,SUCCESS,UPI collect for GLX-204419 Palletisation charges
UPI418524351247,GLX-204441,tarangini02@okhdfcbank,Tarangini Prints LLP,26/03/2026 11:27,27/03/2026,AXISUPI260327700,"₹76,857.00","₹1,537.14",₹276.69,"₹75,043.17",,SUCCESS,UPI collect for GLX-204441 Packaging material supply
UPI408097430982,GLX-204728,naaz68@okhdfcbank,Naaz Fabrics Private Limited,26/03/2026 12:46,27/03/2026,AXISUPI260327700,"₹81,438.00","₹1,628.76",₹293.18,"₹79,516.06",,SUCCESS,UPI collect for GLX-204728 Design retainer billing
UPI642595170402,GLX-204786,vindhya16@ybl,Vindhya Plastics Private Limited,26/03/2026 19:16,27/03/2026,AXISUPI260327500,"₹83,587.00","₹1,671.74",₹300.91,"₹81,614.35",,SUCCESS,UPI collect for GLX-204786 Annual maintenance billing
UPI544240977983,GLX-204816,bhoomi03@okicici,Bhoomi Tiles and Sanitary LLP,26/03/2026 13:25,28/03/2026,AXISUPI260328305,"₹40,610.05",₹812.20,₹146.20,"₹39,651.65",,SUCCESS,UPI collect for GLX-204816 Trial batch supply
UPI321890308771,GLX-205050,ekansh23@okhdfcbank,Ekansh Glassworks Private Limited,26/03/2026 15:23,27/03/2026,AXISUPI260327700,"₹26,133.00",₹522.66,₹94.08,"₹25,516.26",,SUCCESS,UPI collect for GLX-205050 Labelling job billing
UPI160013276143,GLX-205564,neelkanth74@okaxis,Neelkanth Ceramics Pvt Ltd,26/03/2026 19:29,27/03/2026,AXISUPI260327300,"₹34,589.00",₹691.78,₹124.52,"₹33,772.70",,SUCCESS,UPI collect for GLX-205564 Machinery hire charges
UPI705007844339,GLX-205853,ranjeet67@ybl,Ranjeet Timber Depot Pvt Ltd,26/03/2026 11:01,27/03/2026,AXISUPI260327902,"₹69,506.02","₹1,390.12",₹250.22,"₹67,865.68",,SUCCESS,UPI collect for GLX-205853 Spare kit despatch
UPI751414372846,GLX-206024,palashwood07@ybl,Palashwood Interiors Pvt Ltd,26/03/2026 09:06,27/03/2026,AXISUPI260327668,"₹12,137.68",₹242.75,₹43.70,"₹11,851.23",,SUCCESS,UPI collect for GLX-206024 Contract manufacturing charges
UPI105553415751,GLX-206297,utsav51@okaxis,Utsav Bakers LLP,26/03/2026 16:24,27/03/2026,AXISUPI260327900,"₹76,841.00","₹1,536.82",₹276.63,"₹75,027.55",,SUCCESS,UPI collect for GLX-206297 Testing and calibration charges
UPI249137559694,GLX-206548,chirag75@oksbi,Chirag Battery House Pvt Ltd,26/03/2026 16:13,28/03/2026,AXISUPI260328573,"₹74,335.73","₹1,486.71",₹267.61,"₹72,581.41",,SUCCESS,UPI collect for GLX-206548 Mould development charges
UPI939515691191,GLX-206683,chandravat06@ybl,Chandravat Metals Private Limited,26/03/2026 10:49,27/03/2026,AXISUPI260327500,"₹67,999.00","₹1,359.98",₹244.80,"₹66,394.22",,SUCCESS,UPI collect for GLX-206683 Consignment despatch
UPI874862109629,GLX-207457,yamini20@ybl,Yamini Home Needs Pvt Ltd,26/03/2026 17:26,27/03/2026,AXISUPI260327800,"₹87,145.00","₹1,742.90",₹313.72,"₹85,088.38",,SUCCESS,UPI collect for GLX-207457 Export documentation recovery
UPI273873701438,GLX-207530,rukmini30@okhdfcbank,Rukmini Provisions Private Limited,26/03/2026 08:55,27/03/2026,AXISUPI260327400,"₹78,483.00","₹1,569.66",₹282.54,"₹76,630.80",,SUCCESS,UPI collect for GLX-207530 Scrap sale realisation
UPI624423316117,GLX-207606,prithvi17@okaxis,Prithvi Seeds and Feeds Pvt Ltd,26/03/2026 16:10,27/03/2026,AXISUPI260327774,"₹10,554.74",₹211.09,₹38.00,"₹10,305.65",,SUCCESS,UPI collect for GLX-207606 Bulk despatch schedule A
UPI509419992436,GLX-207661,kesari53@ybl,Kesari Handlooms Pvt Ltd,26/03/2026 20:14,27/03/2026,AXISUPI260327290,"₹41,536.90",₹830.74,₹149.53,"₹40,556.63",,SUCCESS,UPI collect for GLX-207661 Freight recovery billing
UPI820125383839,GLX-207863,vaayu81@okhdfcbank,Vaayu Organics Private Limited,26/03/2026 17:46,27/03/2026,AXISUPI260327400,"₹34,365.00",₹687.30,₹123.71,"₹33,553.99",,SUCCESS,UPI collect for GLX-207863 Scrap sale realisation
UPI924554234744,GLX-208161,meghdoot79@ybl,Meghdoot Packaging LLP,26/03/2026 20:58,27/03/2026,AXISUPI260327500,"₹57,127.00","₹1,142.54",₹205.66,"₹55,778.80",,SUCCESS,UPI collect for GLX-208161 Job work conversion charges
UPI609511913600,GLX-209378,anokhi27@ybl,Anokhi Kitchenware Pvt Ltd,26/03/2026 15:02,27/03/2026,AXISUPI260327608,"₹31,208.08",₹624.16,₹112.35,"₹30,471.57",,SUCCESS,UPI collect for GLX-209378 Secondary transport recovery
UPI598249583783,GLX-209406,ojas60@okkotak,Ojas Lighting Private Limited,26/03/2026 13:29,28/03/2026,AXISUPI260328787,"₹92,238.87","₹1,844.78",₹332.06,"₹90,062.03",,SUCCESS,UPI collect for GLX-209406 Sample despatch billing
UPI352657518202,GLX-209464,ambar77@okhdfcbank,Ambar Cold Rooms Pvt Ltd,26/03/2026 17:23,27/03/2026,AXISUPI260327700,"₹29,643.00",₹592.86,₹106.71,"₹28,943.43",,SUCCESS,UPI collect for GLX-209464 Warehouse handling recovery
UPI110243370834,GLX-209547,barkat00@ybl,Barkat Stationers Private Limited,26/03/2026 15:30,27/03/2026,AXISUPI260327500,"₹6,790.00",₹135.80,₹24.44,"₹6,629.76",,SUCCESS,UPI collect for GLX-209547 Tooling amortisation billing
UPI444196098483,GLX-209666,kaveri72@okkotak,Kaveri Rubber Works Pvt Ltd,26/03/2026 14:11,28/03/2026,AXISUPI260328727,"₹42,792.27",₹855.85,₹154.05,"₹41,782.37",,SUCCESS,UPI collect for GLX-209666 Bulk despatch schedule B
UPI245047121889,GLX-204598,girnar05@ybl,Girnar Pipes and Fittings Pvt Ltd,27/03/2026 13:53,28/03/2026,AXISUPI260328800,"₹5,272.00",₹105.44,₹18.98,"₹5,147.58",,SUCCESS,UPI collect for GLX-204598 Secondary transport recovery
UPI594593880161,GLX-204658,chirag77@okaxis,Chirag Battery House Pvt Ltd,27/03/2026 19:56,28/03/2026,AXISUPI260328600,"₹48,461.00",₹969.22,₹174.46,"₹47,317.32",,SUCCESS,UPI collect for GLX-204658 Machinery hire charges
UPI328145528458,GLX-204892,ambar47@okaxis,Ambar Cold Rooms Pvt Ltd,27/03/2026 10:15,28/03/2026,AXISUPI260328600,"₹5,189.00",₹103.78,₹18.68,"₹5,066.54",,SUCCESS,UPI collect for GLX-204892 Spare kit despatch
UPI884446407201,GLX-204973,yamini27@okhdfcbank,Yamini Home Needs Pvt Ltd,27/03/2026 17:53,28/03/2026,AXISUPI260328250,"₹33,328.50",₹666.57,₹119.98,"₹32,541.95",,SUCCESS,UPI collect for GLX-204973 Secondary transport recovery
UPI872824364278,GLX-205010,anokhi37@okhdfcbank,Anokhi Kitchenware Pvt Ltd,27/03/2026 09:00,28/03/2026,AXISUPI260328400,"₹71,760.00","₹1,435.20",₹258.34,"₹70,066.46",,SUCCESS,UPI collect for GLX-205010 Export documentation recovery
UPI502588820876,GLX-205171,chandravat32@okhdfcbank,Chandravat Metals Private Limited,27/03/2026 13:54,28/03/2026,AXISUPI260328862,"₹12,697.62",₹253.95,₹45.71,"₹12,397.96",,SUCCESS,UPI collect for GLX-205171 Bulk despatch schedule A
UPI507508807372,GLX-205240,tanmay36@okicici,Tanmay Toolroom Private Limited,27/03/2026 18:27,29/03/2026,AXISUPI260329941,"₹21,500.41",₹430.01,₹77.40,"₹15,618.00","₹5,375.00",SUCCESS,UPI collect for GLX-205240 Packaging material supply
UPI927311819951,GLX-205306,suvarna23@okaxis,Suvarna Weaves LLP,27/03/2026 09:18,28/03/2026,AXISUPI260328222,"₹14,518.22",₹290.36,₹52.26,"₹14,175.60",,SUCCESS,UPI collect for GLX-205306 Rework charges billed
UPI976627593253,GLX-205720,kalanjali40@okaxis,Kalanjali Crafts Pvt Ltd,27/03/2026 09:10,28/03/2026,AXISUPI260328600,"₹11,912.00",₹238.24,₹42.88,"₹11,630.88",,SUCCESS,UPI collect for GLX-205720 Job work conversion charges
UPI632093247840,GLX-205721,sitara72@okaxis,Sitara Packaging Solutions Pvt Ltd,27/03/2026 08:15,28/03/2026,AXISUPI260328300,"₹19,424.00",₹388.48,₹69.93,"₹18,965.59",,SUCCESS,UPI collect for GLX-205721 Warehouse handling recovery
UPI721729090057,GLX-206016,tarangini14@okaxis,Tarangini Prints LLP,27/03/2026 17:33,28/03/2026,AXISUPI260328300,"₹78,995.00","₹1,579.90",₹284.38,"₹77,130.72",,SUCCESS,UPI collect for GLX-206016 Design retainer billing
UPI635738184825,GLX-206050,ojas10@okhdfcbank,Ojas Lighting Private Limited,27/03/2026 08:09,28/03/2026,AXISUPI260328400,"₹45,561.00",₹911.22,₹164.02,"₹44,485.76",,SUCCESS,UPI collect for GLX-206050 Palletisation charges
UPI992149841297,GLX-207236,shubhankar00@okhdfcbank,Shubhankar Electricals LLP,27/03/2026 14:27,28/03/2026,AXISUPI260328154,"₹37,521.54",₹750.43,₹135.08,"₹36,537.49",,SUCCESS,UPI collect for GLX-207236 Mould development charges
UPI981743721480,GLX-207589,kesari36@okhdfcbank,Kesari Handlooms Pvt Ltd,27/03/2026 16:32,28/03/2026,AXISUPI260328700,"₹37,842.00",₹756.84,₹136.23,"₹36,948.93",,SUCCESS,UPI collect for GLX-207589 Annual maintenance billing
UPI898171304559,GLX-207659,sohrab07@ybl,Sohrab Auto Spares LLP,27/03/2026 11:16,28/03/2026,AXISUPI260328200,"₹11,125.00",₹222.50,₹40.05,"₹10,862.45",,SUCCESS,UPI collect for GLX-207659 Consignment despatch
UPI770529783452,GLX-207780,marudhar31@ybl,Marudhar Furnishings LLP,27/03/2026 12:04,28/03/2026,AXISUPI260328338,"₹79,958.38","₹1,599.17",₹287.85,"₹78,071.36",,SUCCESS,UPI collect for GLX-207780 Labelling job billing
UPI620188309719,GLX-207936,utsav86@okicici,Utsav Bakers LLP,27/03/2026 15:26,29/03/2026,AXISUPI260329509,"₹45,454.09",₹909.08,₹163.63,"₹44,381.38",,SUCCESS,UPI collect for GLX-207936 Scrap sale realisation
UPI940087767497,GLX-208149,bhoomi69@ybl,Bhoomi Tiles and Sanitary LLP,27/03/2026 15:03,28/03/2026,AXISUPI260328500,"₹80,824.00","₹1,616.48",₹290.97,"₹78,916.55",,SUCCESS,UPI collect for GLX-208149 Tooling amortisation billing
UPI376847392468,GLX-208181,sanchit95@ybl,Sanchit Hardware Depot Pvt Ltd,27/03/2026 10:58,28/03/2026,AXISUPI260328200,"₹25,381.00",₹507.62,₹91.37,"₹24,782.01",,SUCCESS,UPI collect for GLX-208181 Site erection charges
UPI420585422356,GLX-208442,jashan75@ybl,Jashan Sports Goods Pvt Ltd,27/03/2026 12:49,28/03/2026,AXISUPI260328500,"₹34,654.00",₹693.08,₹124.75,"₹33,836.17",,SUCCESS,UPI collect for GLX-208442 Contract manufacturing charges
UPI622789663548,GLX-208550,devgiri53@ybl,Devgiri Paints LLP,27/03/2026 14:25,28/03/2026,AXISUPI260328908,"₹57,536.08","₹1,150.72",₹207.13,"₹56,178.23",,SUCCESS,UPI collect for GLX-208550 Annual maintenance billing
UPI622577707144,GLX-209030,palashwood96@okhdfcbank,Palashwood Interiors Pvt Ltd,27/03/2026 12:09,28/03/2026,AXISUPI260328100,"₹80,154.00","₹1,603.08",₹288.55,"₹78,262.37",,SUCCESS,UPI collect for GLX-209030 Bulk despatch schedule B
UPI909066839579,GLX-209298,nirvaan65@okhdfcbank,Nirvaan Agro Mills Pvt Ltd,27/03/2026 20:41,28/03/2026,AXISUPI260328700,"₹44,286.00",₹885.72,₹159.43,"₹43,240.85",,SUCCESS,UPI collect for GLX-209298 Sample despatch billing
UPI208304162172,GLX-209331,vindhya83@okaxis,Vindhya Plastics Private Limited,27/03/2026 11:51,28/03/2026,AXISUPI260328894,"₹23,632.94",₹472.66,₹85.08,"₹23,075.20",,SUCCESS,UPI collect for GLX-209331 Freight recovery billing
UPI266617421104,GLX-209359,rukmini35@ybl,Rukmini Provisions Private Limited,27/03/2026 08:58,28/03/2026,AXISUPI260328800,"₹89,575.00","₹1,791.50",₹322.47,"₹87,461.03",,SUCCESS,UPI collect for GLX-209359 Testing and calibration charges
UPI665160789255,GLX-209390,bhavani17@ybl,Bhavani Steel Trading Pvt Ltd,27/03/2026 17:49,28/03/2026,AXISUPI260328200,"₹82,585.00","₹1,651.70",₹297.31,"₹80,635.99",,SUCCESS,UPI collect for GLX-209390 Trial batch supply
UPI742071505262,UPI/WB105204/COLL,kesari90@okaxis,Kesari Handlooms Pvt Ltd,27/03/2026 16:01,29/03/2026,AXISUPI260329900,"₹19,430.00",₹388.60,₹69.95,"₹18,971.45",,SUCCESS,Handloom fabric bulk consignment collect
UPI438247681084,GLX-204062,vaayu40@okhdfcbank,Vaayu Organics Private Limited,28/03/2026 17:36,29/03/2026,AXISUPI260329100,"₹64,971.00","₹1,299.42",₹233.90,"₹63,437.68",,SUCCESS,UPI collect for GLX-204062 Testing and calibration charges
UPI506173414779,GLX-204090,girnar07@okhdfcbank,Girnar Pipes and Fittings Pvt Ltd,28/03/2026 19:55,29/03/2026,AXISUPI260329700,"₹25,287.00",₹505.74,₹91.03,"₹24,690.23",,SUCCESS,UPI collect for GLX-204090 Export documentation recovery
UPI896277661233,GLX-204871,anokhi49@ybl,Anokhi Kitchenware Pvt Ltd,28/03/2026 19:41,29/03/2026,AXISUPI260329758,"₹68,091.58","₹1,361.83",₹245.13,"₹66,484.62",,SUCCESS,UPI collect for GLX-204871 Secondary transport recovery
UPI962085338499,GLX-204997,sohrab88@oksbi,Sohrab Auto Spares LLP,28/03/2026 15:37,30/03/2026,AXISUPI260330231,"₹77,716.31","₹1,554.33",₹279.78,"₹75,882.20",,SUCCESS,UPI collect for GLX-204997 Bulk despatch schedule A
UPI467045051215,GLX-205012,ekansh38@okhdfcbank,Ekansh Glassworks Private Limited,28/03/2026 14:56,29/03/2026,AXISUPI260329292,"₹64,099.92","₹1,282.00",₹230.76,"₹62,587.16",,SUCCESS,UPI collect for GLX-205012 Rework charges billed
UPI550661415111,GLX-205364,bhavani74@okaxis,Bhavani Steel Trading Pvt Ltd,28/03/2026 19:11,29/03/2026,AXISUPI260329906,"₹14,993.06",₹299.86,₹53.97,"₹14,639.23",,SUCCESS,UPI collect for GLX-205364 Tooling amortisation billing
UPI354214451748,GLX-205973,suvarna69@okhdfcbank,Suvarna Weaves LLP,28/03/2026 20:41,29/03/2026,AXISUPI260329700,"₹34,458.00",₹689.16,₹124.05,"₹33,644.79",,SUCCESS,UPI collect for GLX-205973 Labelling job billing
UPI117695920070,GLX-206048,vindhya43@okicici,Vindhya Plastics Private Limited,28/03/2026 20:51,30/03/2026,AXISUPI260330293,"₹32,446.93",₹648.94,₹116.81,"₹31,681.18",,SUCCESS,UPI collect for GLX-206048 Annual maintenance billing
UPI609383898130,GLX-206222,shubhankar38@okicici,Shubhankar Electricals LLP,28/03/2026 08:28,30/03/2026,AXISUPI260330467,"₹13,926.67",₹278.53,₹50.14,"₹13,598.00",,SUCCESS,UPI collect for GLX-206222 Machinery hire charges
UPI579740687792,GLX-206738,sitara53@okaxis,Sitara Packaging Solutions Pvt Ltd,28/03/2026 13:25,29/03/2026,AXISUPI260329246,"₹10,252.46",₹205.05,₹36.91,"₹10,010.50",,SUCCESS,UPI collect for GLX-206738 Spare kit despatch
UPI883979176930,GLX-207361,sanchit36@okaxis,Sanchit Hardware Depot Pvt Ltd,28/03/2026 12:45,29/03/2026,AXISUPI260329510,"₹65,128.10","₹1,302.56",₹234.46,"₹63,591.08",,SUCCESS,UPI collect for GLX-207361 Job work conversion charges
UPI265300939807,GLX-207482,jashan13@okicici,Jashan Sports Goods Pvt Ltd,28/03/2026 12:26,30/03/2026,AXISUPI260330803,"₹20,923.03",₹418.46,₹75.32,"₹20,429.25",,SUCCESS,UPI collect for GLX-207482 Bulk despatch schedule B
UPI574291687124,GLX-207515,nirvaan73@okhdfcbank,Nirvaan Agro Mills Pvt Ltd,28/03/2026 19:16,29/03/2026,AXISUPI260329730,"₹12,786.30",₹255.73,₹46.03,"₹12,484.54",,SUCCESS,UPI collect for GLX-207515 Palletisation charges
UPI536596825077,GLX-208423,naaz11@ybl,Naaz Fabrics Private Limited,28/03/2026 16:43,29/03/2026,AXISUPI260329848,"₹77,038.48","₹1,540.77",₹277.34,"₹75,220.37",,SUCCESS,UPI collect for GLX-208423 Packaging material supply
UPI434993410374,GLX-208639,madhuban48@ybl,Madhuban Nurseries Pvt Ltd,28/03/2026 08:26,29/03/2026,AXISUPI260329800,"₹52,396.00","₹1,047.92",₹188.63,"₹51,159.45",,SUCCESS,UPI collect for GLX-208639 Sample despatch billing
UPI145247140447,GLX-208682,neelkanth18@okaxis,Neelkanth Ceramics Pvt Ltd,28/03/2026 17:20,29/03/2026,AXISUPI260329300,"₹71,786.00","₹1,435.72",₹258.43,"₹70,091.85",,SUCCESS,UPI collect for GLX-208682 Mould development charges
UPI339747431210,GLX-208775,barkat42@ybl,Barkat Stationers Private Limited,28/03/2026 09:09,29/03/2026,AXISUPI260329644,"₹93,281.44","₹1,865.63",₹335.81,"₹91,080.00",,SUCCESS,UPI collect for GLX-208775 Trial batch supply
UPI375769124866,GLX-209036,chirag86@ybl,Chirag Battery House Pvt Ltd,28/03/2026 15:49,29/03/2026,AXISUPI260329200,"₹15,193.00",₹303.86,₹54.69,"₹14,834.45",,SUCCESS,UPI collect for GLX-209036 Mould development charges
UPI468314021063,GLX-209069,chandravat44@okicici,Chandravat Metals Private Limited,28/03/2026 13:20,30/03/2026,AXISUPI260330251,"₹34,174.51",₹683.49,₹123.03,"₹33,367.99",,SUCCESS,UPI collect for GLX-209069 Consignment despatch
UPI228105017327,GLX-209540,meghdoot12@ybl,Meghdoot Packaging LLP,28/03/2026 20:21,29/03/2026,AXISUPI260329800,"₹50,929.00","₹1,018.58",₹183.34,"₹49,727.08",,SUCCESS,UPI collect for GLX-209540 Site erection charges
UPI892654710405,GLX-209570,rukmini05@oksbi,Rukmini Provisions Private Limited,28/03/2026 14:28,30/03/2026,AXISUPI260330411,"₹47,334.11",₹946.68,₹170.40,"₹46,217.03",,SUCCESS,UPI collect for GLX-209570 Scrap sale realisation
UPI498257368890,GLX-209585,ranjeet92@okhdfcbank,Ranjeet Timber Depot Pvt Ltd,28/03/2026 20:26,29/03/2026,AXISUPI260329808,"₹66,085.08","₹1,321.70",₹237.91,"₹64,525.47",,SUCCESS,UPI collect for GLX-209585 Warehouse handling recovery
UPI621652919436,GLX-209610,kaveri20@oksbi,Kaveri Rubber Works Pvt Ltd,28/03/2026 12:41,30/03/2026,AXISUPI260330699,"₹4,856.99",₹97.14,₹17.49,"₹4,742.36",,SUCCESS,UPI collect for GLX-209610 Contract manufacturing charges
UPI261643010443,GLX-209713,prithvi56@oksbi,Prithvi Seeds and Feeds Pvt Ltd,28/03/2026 09:50,30/03/2026,AXISUPI260330399,"₹58,412.99","₹1,168.26",₹210.29,"₹56,942.45",,SUCCESS,UPI collect for GLX-209713 Consignment despatch
UPI291992954886,GLX-209815,devgiri88@ybl,Devgiri Paints LLP,28/03/2026 17:16,29/03/2026,AXISUPI260329500,"₹8,824.00",₹176.48,₹31.77,"₹8,615.75",,SUCCESS,UPI collect for GLX-209815 Freight recovery billing
UPI734110613835,GLX-209850,tanmay89@okhdfcbank,Tanmay Toolroom Private Limited,28/03/2026 08:00,29/03/2026,AXISUPI260329700,"₹72,618.00","₹1,452.36",₹261.42,"₹70,904.22",,SUCCESS,UPI collect for GLX-209850 Design retainer billing
UPI560344200163,GLX-204157,ambar84@okhdfcbank,Ambar Cold Rooms Pvt Ltd,29/03/2026 15:22,30/03/2026,AXISUPI260330868,"₹30,625.68",₹612.51,₹110.25,"₹29,902.92",,SUCCESS,UPI collect for GLX-204157 Warehouse handling recovery
UPI656643785041,GLX-204220,madhuban26@ybl,Madhuban Nurseries Pvt Ltd,29/03/2026 16:30,30/03/2026,AXISUPI260330800,"₹26,134.00",₹522.68,₹94.08,"₹25,517.24",,SUCCESS,UPI collect for GLX-204220 Palletisation charges
UPI589820694249,GLX-204249,utsav91@okhdfcbank,Utsav Bakers LLP,29/03/2026 11:01,30/03/2026,AXISUPI260330484,"₹89,598.84","₹1,791.98",₹322.56,"₹87,484.30",,SUCCESS,UPI collect for GLX-204249 Testing and calibration charges
UPI974264700491,GLX-204396,shubhankar10@ybl,Shubhankar Electricals LLP,29/03/2026 16:44,30/03/2026,AXISUPI260330800,"₹62,827.00","₹1,256.54",₹226.18,"₹61,344.28",,SUCCESS,UPI collect for GLX-204396 Mould development charges
UPI957761257154,GLX-205318,meghdoot47@okhdfcbank,Meghdoot Packaging LLP,29/03/2026 13:50,30/03/2026,AXISUPI260330700,"₹64,068.00","₹1,281.36",₹230.64,"₹62,556.00",,SUCCESS,UPI collect for GLX-205318 Job work conversion charges
UPI339095386152,GLX-205488,ojas36@ybl,Ojas Lighting Private Limited,29/03/2026 11:44,30/03/2026,AXISUPI260330200,"₹93,520.00","₹1,870.40",₹336.67,"₹91,312.93",,SUCCESS,UPI collect for GLX-205488 Sample despatch billing
UPI700716608957,GLX-205680,ranjeet25@oksbi,Ranjeet Timber Depot Pvt Ltd,29/03/2026 15:30,31/03/2026,AXISUPI260331981,"₹21,968.81",₹439.38,₹79.09,"₹21,450.34",,SUCCESS,UPI collect for GLX-205680 Spare kit despatch
UPI311686204790,GLX-205821,marudhar79@oksbi,Marudhar Furnishings LLP,29/03/2026 16:23,31/03/2026,AXISUPI260331165,"₹75,600.65","₹1,512.01",₹272.16,"₹73,816.48",,SUCCESS,UPI collect for GLX-205821 Rework charges billed
UPI640107634204,GLX-205845,kaveri04@ybl,Kaveri Rubber Works Pvt Ltd,29/03/2026 08:26,30/03/2026,AXISUPI260330800,"₹81,061.00","₹1,621.22",₹291.82,"₹79,147.96",,SUCCESS,UPI collect for GLX-205845 Bulk despatch schedule B
UPI695481577533,GLX-206008,kesari34@okhdfcbank,Kesari Handlooms Pvt Ltd,29/03/2026 11:50,30/03/2026,AXISUPI260330400,"₹12,783.00",₹255.66,₹46.02,"₹12,481.32",,SUCCESS,UPI collect for GLX-206008 Freight recovery billing
UPI647541036126,GLX-206795,vaayu73@oksbi,Vaayu Organics Private Limited,29/03/2026 10:10,31/03/2026,AXISUPI260331951,"₹60,794.51","₹1,215.89",₹218.86,"₹59,359.76",,SUCCESS,UPI collect for GLX-206795 Scrap sale realisation
UPI376196557889,GLX-206958,ekansh86@ybl,Ekansh Glassworks Private Limited,29/03/2026 17:12,30/03/2026,AXISUPI260330200,"₹33,526.00",₹670.52,₹120.69,"₹32,734.79",,SUCCESS,UPI collect for GLX-206958 Labelling job billing
UPI358001181332,GLX-207184,girnar02@okhdfcbank,Girnar Pipes and Fittings Pvt Ltd,29/03/2026 13:36,30/03/2026,AXISUPI260330700,"₹18,366.00",₹367.32,₹66.12,"₹17,932.56",,SUCCESS,UPI collect for GLX-207184 Secondary transport recovery
UPI310752019229,GLX-207529,naaz52@okhdfcbank,Naaz Fabrics Private Limited,29/03/2026 10:23,30/03/2026,AXISUPI260330820,"₹81,232.20","₹1,624.64",₹292.44,"₹79,315.12",,SUCCESS,UPI collect for GLX-207529 Design retainer billing
UPI129791610054,GLX-207748,tarangini18@ybl,Tarangini Prints LLP,29/03/2026 12:44,30/03/2026,AXISUPI260330800,"₹9,124.00",₹182.48,₹32.85,"₹8,908.67",,SUCCESS,UPI collect for GLX-207748 Packaging material supply
UPI171944120925,GLX-208021,neelkanth71@oksbi,Neelkanth Ceramics Pvt Ltd,29/03/2026 20:20,31/03/2026,AXISUPI260331609,"₹46,904.09",₹938.08,₹168.85,"₹45,797.16",,SUCCESS,UPI collect for GLX-208021 Machinery hire charges
UPI708325669349,GLX-208050,sohrab36@okaxis,Sohrab Auto Spares LLP,29/03/2026 08:06,30/03/2026,AXISUPI260330600,"₹11,264.00",₹225.28,₹40.55,"₹10,998.17",,SUCCESS,UPI collect for GLX-208050 Consignment despatch
UPI958478596081,GLX-208238,barkat51@okhdfcbank,Barkat Stationers Private Limited,29/03/2026 09:58,30/03/2026,AXISUPI260330442,"₹39,288.42",₹785.77,₹141.44,"₹38,361.21",,SUCCESS,UPI collect for GLX-208238 Tooling amortisation billing
UPI775887131193,GLX-208414,yamini40@okaxis,Yamini Home Needs Pvt Ltd,29/03/2026 16:24,30/03/2026,AXISUPI260330600,"₹77,387.00","₹1,547.74",₹278.59,"₹75,560.67",,SUCCESS,UPI collect for GLX-208414 Export documentation recovery
UPI528733982461,GLX-208860,prithvi84@ybl,Prithvi Seeds and Feeds Pvt Ltd,29/03/2026 17:40,30/03/2026,AXISUPI260330800,"₹6,721.00",₹134.42,₹24.20,"₹6,562.38",,SUCCESS,UPI collect for GLX-208860 Bulk despatch schedule A
UPI391262267449,GLX-209020,kalanjali92@okaxis,Kalanjali Crafts Pvt Ltd,29/03/2026 17:33,30/03/2026,AXISUPI260330300,"₹46,235.00",₹924.70,₹166.45,"₹45,143.85",,SUCCESS,UPI collect for GLX-209020 Site erection charges
UPI674663088211,GLX-209027,palashwood25@okkotak,Palashwood Interiors Pvt Ltd,29/03/2026 17:26,31/03/2026,AXISUPI260331379,"₹67,106.79","₹1,342.14",₹241.59,"₹65,523.06",,SUCCESS,UPI collect for GLX-209027 Contract manufacturing charges
UPI484206505771,GLX-209035,devgiri86@okhdfcbank,Devgiri Paints LLP,29/03/2026 11:24,30/03/2026,AXISUPI260330472,"₹11,289.72",₹225.79,₹40.64,"₹11,023.29",,SUCCESS,UPI collect for GLX-209035 Annual maintenance billing
UPI274978183368,GLX-209104,sitara80@okhdfcbank,Sitara Packaging Solutions Pvt Ltd,29/03/2026 12:09,30/03/2026,AXISUPI260330400,"₹66,504.00","₹1,330.08",₹239.41,"₹64,934.51",,SUCCESS,UPI collect for GLX-209104 Warehouse handling recovery
UPI393498465489,GLX-209504,bhoomi89@okicici,Bhoomi Tiles and Sanitary LLP,29/03/2026 13:13,31/03/2026,AXISUPI260331269,"₹26,326.69",₹526.53,₹94.78,"₹25,705.38",,SUCCESS,UPI collect for GLX-209504 Trial batch supply
UPI309570310615,GLX-204296,chandravat36@okkotak,Chandravat Metals Private Limited,30/03/2026 15:56,01/04/2026,AXISUPI260401409,"₹17,760.09",₹355.20,₹63.94,"₹17,340.95",,SUCCESS,UPI collect for GLX-204296 Bulk despatch schedule A
UPI903985200335,GLX-204471,marudhar42@ybl,Marudhar Furnishings LLP,30/03/2026 11:06,31/03/2026,AXISUPI260331308,"₹46,442.08",₹928.84,₹167.19,"₹45,346.05",,SUCCESS,UPI collect for GLX-204471 Labelling job billing
UPI364212822960,GLX-204930,chirag94@ybl,Chirag Battery House Pvt Ltd,30/03/2026 19:40,31/03/2026,AXISUPI260331800,"₹38,896.00",₹777.92,₹140.03,"₹37,978.05",,SUCCESS,UPI collect for GLX-204930 Machinery hire charges
UPI431861229381,GLX-204950,kesari37@okhdfcbank,Kesari Handlooms Pvt Ltd,30/03/2026 13:27,31/03/2026,AXISUPI260331400,"₹21,126.00",₹422.52,₹76.05,"₹20,627.43",,SUCCESS,UPI collect for GLX-204950 Annual maintenance billing
UPI700002333107,GLX-204985,ambar35@oksbi,Ambar Cold Rooms Pvt Ltd,30/03/2026 20:27,01/04/2026,AXISUPI260401459,"₹1,641.59",₹32.83,₹5.91,"₹1,602.85",,SUCCESS,UPI collect for GLX-204985 Spare kit despatch
UPI733328057790,GLX-205068,tarangini84@okaxis,Tarangini Prints LLP,30/03/2026 10:57,31/03/2026,AXISUPI260331666,"₹69,458.66","₹1,389.17",₹250.05,"₹67,819.44",,SUCCESS,UPI collect for GLX-205068 Design retainer billing
UPI991201239378,GLX-205153,tanmay28@okaxis,Tanmay Toolroom Private Limited,30/03/2026 12:06,31/03/2026,AXISUPI260331300,"₹38,486.00",₹769.72,₹138.55,"₹37,577.73",,SUCCESS,UPI collect for GLX-205153 Packaging material supply
UPI241113871021,GLX-205181,neelkanth05@okaxis,Neelkanth Ceramics Pvt Ltd,30/03/2026 18:10,31/03/2026,AXISUPI260331600,"₹63,860.00","₹1,277.20",₹229.90,"₹62,352.90",,SUCCESS,UPI collect for GLX-205181 Mould development charges
UPI109415750178,GLX-205211,anokhi59@ybl,Anokhi Kitchenware Pvt Ltd,30/03/2026 18:21,31/03/2026,AXISUPI260331500,"₹90,553.00","₹1,811.06",₹325.99,"₹88,415.95",,SUCCESS,UPI collect for GLX-205211 Export documentation recovery
UPI931547762185,GLX-205746,vindhya15@ybl,Vindhya Plastics Private Limited,30/03/2026 09:44,31/03/2026,AXISUPI260331800,"₹61,891.00","₹1,237.82",₹222.81,"₹60,430.37",,SUCCESS,UPI collect for GLX-205746 Freight recovery billing
UPI310192117598,GLX-206067,ojas27@okicici,Ojas Lighting Private Limited,30/03/2026 13:37,01/04/2026,AXISUPI260401581,"₹60,025.81","₹1,200.52",₹216.09,"₹58,609.20",,SUCCESS,UPI collect for GLX-206067 Palletisation charges
UPI414748799098,GLX-206246,suvarna31@ybl,Suvarna Weaves LLP,30/03/2026 15:49,31/03/2026,AXISUPI260331500,"₹17,923.00",₹358.46,₹64.52,"₹17,500.02",,SUCCESS,UPI collect for GLX-206246 Rework charges billed
UPI476595981384,GLX-206503,yamini12@okaxis,Yamini Home Needs Pvt Ltd,30/03/2026 11:10,31/03/2026,AXISUPI260331900,"₹5,048.00",₹100.96,₹18.17,"₹4,928.87",,SUCCESS,UPI collect for GLX-206503 Secondary transport recovery
UPI319967456645,GLX-206768,nirvaan46@okaxis,Nirvaan Agro Mills Pvt Ltd,30/03/2026 18:15,31/03/2026,AXISUPI260331900,"₹22,778.00",₹455.56,₹82.00,"₹22,240.44",,SUCCESS,UPI collect for GLX-206768 Sample despatch billing
UPI867548277824,GLX-207294,bhoomi32@okhdfcbank,Bhoomi Tiles and Sanitary LLP,30/03/2026 09:18,31/03/2026,AXISUPI260331706,"₹76,380.06","₹1,527.60",₹274.97,"₹74,577.49",,SUCCESS,UPI collect for GLX-207294 Tooling amortisation billing
UPI952539695350,GLX-207349,prithvi39@okkotak,Prithvi Seeds and Feeds Pvt Ltd,30/03/2026 19:33,01/04/2026,AXISUPI260401949,"₹66,959.49","₹1,339.19",₹241.05,"₹65,379.25",,SUCCESS,UPI collect for GLX-207349 Consignment despatch
UPI718942723817,GLX-207767,sanchit74@okicici,Sanchit Hardware Depot Pvt Ltd,30/03/2026 14:10,01/04/2026,AXISUPI260401893,"₹28,447.93",₹568.96,₹102.41,"₹27,776.56",,SUCCESS,UPI collect for GLX-207767 Site erection charges
UPI240122995103,GLX-207836,ranjeet35@okhdfcbank,Ranjeet Timber Depot Pvt Ltd,30/03/2026 10:23,31/03/2026,AXISUPI260331100,"₹11,781.00",₹235.62,₹42.41,"₹11,502.97",,SUCCESS,UPI collect for GLX-207836 Warehouse handling recovery
UPI426493058114,GLX-207892,meghdoot48@okhdfcbank,Meghdoot Packaging LLP,30/03/2026 14:15,31/03/2026,AXISUPI260331778,"₹79,530.78","₹1,590.62",₹286.31,"₹77,653.85",,SUCCESS,UPI collect for GLX-207892 Site erection charges
UPI920099926044,GLX-208088,utsav55@okhdfcbank,Utsav Bakers LLP,30/03/2026 19:09,31/03/2026,AXISUPI260331400,"₹37,137.00",₹742.74,₹133.69,"₹36,260.57",,SUCCESS,UPI collect for GLX-208088 Scrap sale realisation
UPI576357539257,GLX-208319,kalanjali93@okhdfcbank,Kalanjali Crafts Pvt Ltd,30/03/2026 18:50,31/03/2026,AXISUPI260331100,"₹68,319.00","₹1,366.38",₹245.95,"₹66,706.67",,SUCCESS,UPI collect for GLX-208319 Job work conversion charges
UPI904652026636,GLX-208347,bhavani48@okhdfcbank,Bhavani Steel Trading Pvt Ltd,30/03/2026 13:46,31/03/2026,AXISUPI260331100,"₹54,918.00","₹1,098.36",₹197.70,"₹53,621.94",,SUCCESS,UPI collect for GLX-208347 Trial batch supply
UPI473114717675,GLX-208950,rukmini87@okhdfcbank,Rukmini Provisions Private Limited,30/03/2026 10:18,31/03/2026,AXISUPI260331100,"₹9,729.00",₹194.58,₹35.02,"₹9,499.40",,SUCCESS,UPI collect for GLX-208950 Testing and calibration charges
UPI310079264977,GLX-209070,palashwood78@okaxis,Palashwood Interiors Pvt Ltd,30/03/2026 11:43,31/03/2026,AXISUPI260331300,"₹33,491.00",₹669.82,₹120.57,"₹32,700.61",,SUCCESS,UPI collect for GLX-209070 Bulk despatch schedule B
UPI756863030136,GLX-209176,jashan18@oksbi,Jashan Sports Goods Pvt Ltd,30/03/2026 14:08,01/04/2026,AXISUPI260401873,"₹71,503.73","₹1,430.07",₹257.41,"₹69,816.25",,SUCCESS,UPI collect for GLX-209176 Contract manufacturing charges
UPI214119717314,GLX-209755,ekansh59@okkotak,Ekansh Glassworks Private Limited,30/03/2026 16:42,01/04/2026,AXISUPI260401655,"₹95,126.55","₹1,902.53",₹342.46,"₹92,881.56",,SUCCESS,UPI collect for GLX-209755 Rework charges billed
UPI717096608610,GLX-204567,tanmay56@okkotak,Tanmay Toolroom Private Limited,31/03/2026 11:28,02/04/2026,AXISUPI260402715,"₹83,175.15","₹1,663.50",₹299.43,"₹81,212.22",,SUCCESS,UPI collect for GLX-204567 Design retainer billing
UPI347203057008,GLX-204708,nirvaan29@okaxis,Nirvaan Agro Mills Pvt Ltd,31/03/2026 19:06,01/04/2026,AXISUPI260401600,"₹51,161.00","₹1,023.22",₹184.18,"₹49,953.60",,SUCCESS,UPI collect for GLX-204708 Palletisation charges
UPI516194360215,GLX-204768,vindhya83@okkotak,Vindhya Plastics Private Limited,31/03/2026 17:38,02/04/2026,AXISUPI260402535,"₹24,169.35",₹483.39,₹87.01,"₹23,522.60",,SUCCESS,UPI collect for GLX-204768 Annual maintenance billing
UPI766919652010,GLX-205096,kalanjali47@ybl,Kalanjali Crafts Pvt Ltd,31/03/2026 14:58,01/04/2026,AXISUPI260401500,"₹44,959.00",₹899.18,₹161.85,"₹43,897.97",,SUCCESS,UPI collect for GLX-205096 Site erection charges
UPI474340254018,GLX-205528,devgiri45@ybl,Devgiri Paints LLP,31/03/2026 17:03,01/04/2026,AXISUPI260401200,"₹11,170.00",₹223.40,₹40.21,"₹10,906.39",,SUCCESS,UPI collect for GLX-205528 Freight recovery billing
UPI312348524381,GLX-205707,bhoomi86@okaxis,Bhoomi Tiles and Sanitary LLP,31/03/2026 15:56,01/04/2026,AXISUPI260401600,"₹71,744.00","₹1,434.88",₹258.28,"₹70,050.84",,SUCCESS,UPI collect for GLX-205707 Trial batch supply
UPI167179989997,GLX-205775,jashan65@okaxis,Jashan Sports Goods Pvt Ltd,31/03/2026 16:47,01/04/2026,AXISUPI260401600,"₹56,993.00","₹1,139.86",₹205.17,"₹55,647.97",,SUCCESS,UPI collect for GLX-205775 Bulk despatch schedule B
UPI313111547607,GLX-206330,vaayu26@okaxis,Vaayu Organics Private Limited,31/03/2026 11:43,01/04/2026,AXISUPI260401900,"₹55,331.00","₹1,106.62",₹199.19,"₹54,025.19",,SUCCESS,UPI collect for GLX-206330 Testing and calibration charges
UPI954705154892,GLX-206471,shubhankar77@okhdfcbank,Shubhankar Electricals LLP,31/03/2026 10:35,01/04/2026,AXISUPI260401856,"₹61,117.56","₹1,222.35",₹220.02,"₹59,675.19",,SUCCESS,UPI collect for GLX-206471 Machinery hire charges
UPI848522220254,GLX-206665,rukmini76@okhdfcbank,Rukmini Provisions Private Limited,31/03/2026 20:45,01/04/2026,AXISUPI260401274,"₹7,696.74",₹153.93,₹27.71,"₹7,515.10",,SUCCESS,UPI collect for GLX-206665 Scrap sale realisation
UPI686767203169,GLX-206717,chandravat85@okaxis,Chandravat Metals Private Limited,31/03/2026 11:47,01/04/2026,AXISUPI260401600,"₹75,947.00","₹1,518.94",₹273.41,"₹74,154.65",,SUCCESS,UPI collect for GLX-206717 Consignment despatch
UPI949165068349,GLX-206745,naaz88@okaxis,Naaz Fabrics Private Limited,31/03/2026 09:47,01/04/2026,AXISUPI260401300,"₹64,793.00","₹1,295.86",₹233.25,"₹63,263.89",,SUCCESS,UPI collect for GLX-206745 Packaging material supply
UPI129011186953,GLX-207005,sitara91@okhdfcbank,Sitara Packaging Solutions Pvt Ltd,31/03/2026 14:41,01/04/2026,AXISUPI260401700,"₹48,498.00",₹969.96,₹174.59,"₹47,353.45",,SUCCESS,UPI collect for GLX-207005 Spare kit despatch
UPI719844031364,GLX-207270,suvarna14@okaxis,Suvarna Weaves LLP,31/03/2026 15:29,01/04/2026,AXISUPI260401600,"₹15,557.00",₹311.14,₹56.01,"₹15,189.85",,SUCCESS,UPI collect for GLX-207270 Labelling job billing
UPI748134968872,GLX-207452,madhuban03@ybl,Madhuban Nurseries Pvt Ltd,31/03/2026 15:26,01/04/2026,AXISUPI260401200,"₹19,207.00",₹384.14,₹69.15,"₹18,753.71",,SUCCESS,UPI collect for GLX-207452 Sample despatch billing
UPI920869278953,GLX-207504,ambar08@oksbi,Ambar Cold Rooms Pvt Ltd,31/03/2026 20:53,02/04/2026,AXISUPI260402141,"₹26,082.41",₹521.65,₹93.90,"₹25,466.86",,SUCCESS,UPI collect for GLX-207504 Warehouse handling recovery
UPI929457653017,GLX-208230,bhavani86@okicici,Bhavani Steel Trading Pvt Ltd,31/03/2026 16:03,02/04/2026,AXISUPI260402389,"₹82,352.89","₹1,647.06",₹296.47,"₹80,409.36",,SUCCESS,UPI collect for GLX-208230 Tooling amortisation billing
UPI623956860637,GLX-208246,chirag89@okhdfcbank,Chirag Battery House Pvt Ltd,31/03/2026 08:23,01/04/2026,AXISUPI260401400,"₹87,168.00","₹1,743.36",₹313.80,"₹85,110.84",,SUCCESS,UPI collect for GLX-208246 Mould development charges
UPI733676195019,GLX-208709,marudhar96@okhdfcbank,Marudhar Furnishings LLP,31/03/2026 12:04,01/04/2026,AXISUPI260401400,"₹73,461.00","₹1,469.22",₹264.46,"₹71,727.32",,SUCCESS,UPI collect for GLX-208709 Rework charges billed
UPI260231151828,GLX-208715,barkat76@ybl,Barkat Stationers Private Limited,31/03/2026 08:26,01/04/2026,AXISUPI260401200,"₹89,524.00","₹1,790.48",₹322.29,"₹87,411.23",,SUCCESS,UPI collect for GLX-208715 Trial batch supply
UPI823758226404,GLX-209310,sohrab74@ybl,Sohrab Auto Spares LLP,31/03/2026 08:26,01/04/2026,AXISUPI260401200,"₹94,438.00","₹1,888.76",₹339.98,"₹92,209.26",,SUCCESS,UPI collect for GLX-209310 Bulk despatch schedule A
UPI513855373194,GLX-209364,anokhi28@okhdfcbank,Anokhi Kitchenware Pvt Ltd,31/03/2026 18:50,01/04/2026,AXISUPI260401400,"₹16,176.00",₹323.52,₹58.23,"₹15,794.25",,SUCCESS,UPI collect for GLX-209364 Secondary transport recovery
UPI787972137362,GLX-209432,sanchit85@ybl,Sanchit Hardware Depot Pvt Ltd,31/03/2026 09:40,01/04/2026,AXISUPI260401800,"₹95,056.00","₹1,901.12",₹342.20,"₹92,812.68",,SUCCESS,UPI collect for GLX-209432 Job work conversion charges
UPI832918284022,GLX-209558,girnar58@okaxis,Girnar Pipes and Fittings Pvt Ltd,31/03/2026 12:15,01/04/2026,AXISUPI260401600,"₹34,907.00",₹698.14,₹125.67,"₹34,083.19",,SUCCESS,UPI collect for GLX-209558 Export documentation recovery
UPI239087771312,GLX-209642,kaveri38@oksbi,Kaveri Rubber Works Pvt Ltd,31/03/2026 13:45,02/04/2026,AXISUPI260402207,"₹83,107.07","₹1,662.14",₹299.19,"₹81,145.74",,SUCCESS,UPI collect for GLX-209642 Contract manufacturing charges
UPI997298742546,GLX-204004,kaveri07@okhdfcbank,Kaveri Rubber Works Pvt Ltd,01/04/2026 11:13,02/04/2026,AXISUPI260402100,"₹93,672.00","₹1,873.44",₹337.22,"₹91,461.34",,SUCCESS,UPI collect for GLX-204004 Bulk despatch schedule B
UPI557452613442,GLX-204100,kesari32@ybl,Kesari Handlooms Pvt Ltd,01/04/2026 18:13,02/04/2026,AXISUPI260402638,"₹79,538.38","₹1,590.77",₹286.34,"₹77,661.27",,SUCCESS,UPI collect for GLX-204100 Freight recovery billing
UPI660434250921,GLX-204364,ekansh02@okkotak,Ekansh Glassworks Private Limited,01/04/2026 09:27,03/04/2026,AXISUPI260403391,"₹28,262.91",₹565.26,₹101.75,"₹27,595.90",,SUCCESS,UPI collect for GLX-204364 Labelling job billing
UPI664673995602,GLX-204655,vaayu78@okaxis,Vaayu Organics Private Limited,01/04/2026 15:43,02/04/2026,AXISUPI260402600,"₹94,019.00","₹1,880.38",₹338.47,"₹91,800.15",,SUCCESS,UPI collect for GLX-204655 Scrap sale realisation
UPI903396822376,GLX-204760,prithvi08@okaxis,Prithvi Seeds and Feeds Pvt Ltd,01/04/2026 16:01,02/04/2026,AXISUPI260402600,"₹35,537.00",₹710.74,₹127.93,"₹34,698.33",,SUCCESS,UPI collect for GLX-204760 Bulk despatch schedule A
UPI439899136285,GLX-204996,girnar30@okaxis,Girnar Pipes and Fittings Pvt Ltd,01/04/2026 08:45,02/04/2026,AXISUPI260402930,"₹51,119.30","₹1,022.39",₹184.03,"₹49,912.88",,SUCCESS,UPI collect for GLX-204996 Secondary transport recovery
UPI652495908054,GLX-205222,bhavani03@okhdfcbank,Bhavani Steel Trading Pvt Ltd,01/04/2026 19:04,02/04/2026,AXISUPI260402634,"₹74,615.34","₹1,492.31",₹268.62,"₹72,854.41",,SUCCESS,UPI collect for GLX-205222 Trial batch supply
UPI151635940892,GLX-205551,tarangini68@okaxis,Tarangini Prints LLP,01/04/2026 09:01,02/04/2026,AXISUPI260402600,"₹58,352.00","₹1,167.04",₹210.07,"₹56,974.89",,SUCCESS,UPI collect for GLX-205551 Packaging material supply
UPI947469829584,GLX-205737,sitara18@oksbi,Sitara Packaging Solutions Pvt Ltd,01/04/2026 17:20,03/04/2026,AXISUPI260403723,"₹84,453.23","₹1,689.06",₹304.03,"₹82,460.14",,SUCCESS,UPI collect for GLX-205737 Warehouse handling recovery
UPI155256181852,GLX-205763,tanmay96@oksbi,Tanmay Toolroom Private Limited,01/04/2026 15:17,03/04/2026,AXISUPI260403741,"₹51,396.41","₹1,027.93",₹185.03,"₹50,183.45",,SUCCESS,UPI collect for GLX-205763 Packaging material supply
UPI679531834877,GLX-206705,naaz27@okaxis,Naaz Fabrics Private Limited,01/04/2026 17:20,02/04/2026,AXISUPI260402600,"₹76,154.00","₹1,523.08",₹274.15,"₹74,356.77",,SUCCESS,UPI collect for GLX-206705 Design retainer billing
UPI288820809630,GLX-207209,girnar23@ybl,Girnar Pipes and Fittings Pvt Ltd,01/04/2026 14:35,03/04/2026,AXISUPI260403200,"₹36,415.00",₹728.30,₹131.09,"₹35,555.61",,SUCCESS,UPI collect for GLX-207209 Freight recovery billing
UPI972061824000,GLX-207209,girnar23@ybl,Girnar Pipes and Fittings Pvt Ltd,01/04/2026 14:35,03/04/2026,AXISUPI260403200,"₹36,415.00",₹728.30,₹131.09,"₹35,555.61",,SUCCESS,UPI collect for GLX-207209 Freight recovery billing
UPI546573498079,GLX-207286,sanchit16@okkotak,Sanchit Hardware Depot Pvt Ltd,01/04/2026 14:25,03/04/2026,AXISUPI260403673,"₹44,213.73",₹884.27,₹159.17,"₹43,170.29",,SUCCESS,UPI collect for GLX-207286 Site erection charges
UPI451298508468,GLX-207407,utsav65@okaxis,Utsav Bakers LLP,01/04/2026 17:06,02/04/2026,AXISUPI260402900,"₹11,888.00",₹237.76,₹42.80,"₹11,607.44",,SUCCESS,UPI collect for GLX-207407 Testing and calibration charges
UPI146606976707,GLX-207636,sohrab64@ybl,Sohrab Auto Spares LLP,01/04/2026 19:03,02/04/2026,AXISUPI260402800,"₹74,194.00","₹1,483.88",₹267.10,"₹72,443.02",,SUCCESS,UPI collect for GLX-207636 Consignment despatch
UPI365209899465,GLX-207763,shubhankar75@okhdfcbank,Shubhankar Electricals LLP,01/04/2026 10:23,02/04/2026,AXISUPI260402400,"₹19,425.00",₹388.50,₹69.93,"₹18,966.57",,SUCCESS,UPI collect for GLX-207763 Mould development charges
UPI833227052430,GLX-207787,suvarna34@okicici,Suvarna Weaves LLP,01/04/2026 20:27,03/04/2026,AXISUPI260403101,"₹72,567.01","₹1,451.34",₹261.24,"₹70,854.43",,SUCCESS,UPI collect for GLX-207787 Rework charges billed
UPI953919065085,GLX-207871,barkat29@okaxis,Barkat Stationers Private Limited,01/04/2026 14:53,02/04/2026,AXISUPI260402252,"₹78,724.52","₹1,574.49",₹283.41,"₹76,866.62",,SUCCESS,UPI collect for GLX-207871 Tooling amortisation billing
UPI602708774021,GLX-208164,meghdoot13@okaxis,Meghdoot Packaging LLP,01/04/2026 08:12,02/04/2026,AXISUPI260402738,"₹67,245.38","₹1,344.91",₹242.08,"₹65,658.39",,SUCCESS,UPI collect for GLX-208164 Job work conversion charges
UPI285497776557,GLX-208270,madhuban29@okhdfcbank,Madhuban Nurseries Pvt Ltd,01/04/2026 17:23,02/04/2026,AXISUPI260402100,"₹94,617.00","₹1,892.34",₹340.62,"₹92,384.04",,SUCCESS,UPI collect for GLX-208270 Palletisation charges
UPI353514024478,GLX-208587,neelkanth83@okhdfcbank,Neelkanth Ceramics Pvt Ltd,01/04/2026 10:46,02/04/2026,AXISUPI260402700,"₹67,281.00","₹1,345.62",₹242.21,"₹65,693.17",,SUCCESS,UPI collect for GLX-208587 Machinery hire charges
UPI859408503139,GLX-208815,ojas28@okicici,Ojas Lighting Private Limited,01/04/2026 08:57,03/04/2026,AXISUPI260403185,"₹73,701.85","₹1,474.04",₹265.33,"₹71,962.48",,SUCCESS,UPI collect for GLX-208815 Sample despatch billing
UPI478155588009,GLX-208929,jashan87@ybl,Jashan Sports Goods Pvt Ltd,01/04/2026 17:26,02/04/2026,AXISUPI260402500,"₹54,931.00","₹1,098.62",₹197.75,"₹53,634.63",,SUCCESS,UPI collect for GLX-208929 Contract manufacturing charges
UPI441242969781,GLX-209047,devgiri15@ybl,Devgiri Paints LLP,01/04/2026 10:35,02/04/2026,AXISUPI260402200,"₹22,024.00",₹440.48,₹79.29,"₹21,504.23",,SUCCESS,UPI collect for GLX-209047 Annual maintenance billing
UPI740640107806,GLX-209150,ranjeet29@ybl,Ranjeet Timber Depot Pvt Ltd,01/04/2026 19:40,02/04/2026,AXISUPI260402392,"₹7,157.92",₹143.16,₹25.77,"₹6,988.99",,SUCCESS,UPI collect for GLX-209150 Spare kit despatch
UPI328330582376,GLX-209255,yamini41@okaxis,Yamini Home Needs Pvt Ltd,01/04/2026 16:24,02/04/2026,AXISUPI260402300,"₹48,449.00",₹968.98,₹174.42,"₹47,305.60",,SUCCESS,UPI collect for GLX-209255 Export documentation recovery
UPI390195348294,GLX-209624,palashwood76@oksbi,Palashwood Interiors Pvt Ltd,01/04/2026 17:23,03/04/2026,AXISUPI260403219,"₹34,939.19",₹698.78,₹125.78,"₹34,114.63",,SUCCESS,UPI collect for GLX-209624 Contract manufacturing charges
UPI969621285221,GLX-204352,marudhar18@okicici,Marudhar Furnishings LLP,02/04/2026 12:35,04/04/2026,AXISUPI260404803,"₹52,288.03","₹1,045.76",₹188.24,"₹51,054.03",,SUCCESS,UPI collect for GLX-204352 Labelling job billing
UPI378790306101,GLX-204413,rukmini90@ybl,Rukmini Provisions Private Limited,02/04/2026 09:03,03/04/2026,AXISUPI260403686,"₹23,540.86",₹470.82,₹84.75,"₹22,985.29",,SUCCESS,UPI collect for GLX-204413 Testing and calibration charges
UPI441645667089,GLX-204828,ekansh94@okaxis,Ekansh Glassworks Private Limited,02/04/2026 12:38,03/04/2026,AXISUPI260403900,"₹13,967.00",₹279.34,₹50.28,"₹13,637.38",,SUCCESS,UPI collect for GLX-204828 Rework charges billed
UPI817314267409,GLX-205212,utsav55@okhdfcbank,Utsav Bakers LLP,02/04/2026 17:08,03/04/2026,AXISUPI260403808,"₹12,949.08",₹258.98,₹46.62,"₹12,643.48",,SUCCESS,UPI collect for GLX-205212 Scrap sale realisation
UPI955472336795,GLX-205243,kesari04@ybl,Kesari Handlooms Pvt Ltd,02/04/2026 17:03,03/04/2026,AXISUPI260403800,"₹85,426.00","₹1,708.52",₹307.53,"₹83,409.95",,SUCCESS,UPI collect for GLX-205243 Annual maintenance billing
UPI953474841974,GLX-205667,tarangini07@ybl,Tarangini Prints LLP,02/04/2026 16:21,03/04/2026,AXISUPI260403500,"₹2,686.00",₹53.72,₹9.67,"₹2,622.61",,SUCCESS,UPI collect for GLX-205667 Design retainer billing
UPI677091375303,GLX-205728,nirvaan44@okhdfcbank,Nirvaan Agro Mills Pvt Ltd,02/04/2026 11:27,03/04/2026,AXISUPI260403100,"₹79,587.00","₹1,591.74",₹286.51,"₹77,708.75",,SUCCESS,UPI collect for GLX-205728 Sample despatch billing
UPI331095337890,GLX-205933,chirag67@okaxis,Chirag Battery House Pvt Ltd,02/04/2026 12:01,03/04/2026,AXISUPI260403300,"₹68,375.00","₹1,367.50",₹246.15,"₹66,761.35",,SUCCESS,UPI collect for GLX-205933 Machinery hire charges
UPI603376544278,GLX-206041,meghdoot10@okaxis,Meghdoot Packaging LLP,02/04/2026 18:33,03/04/2026,AXISUPI260403600,"₹92,606.00","₹1,852.12",₹333.38,"₹90,420.50",,SUCCESS,UPI collect for GLX-206041 Site erection charges
UPI841001217098,GLX-206320,neelkanth80@ybl,Neelkanth Ceramics Pvt Ltd,02/04/2026 19:40,03/04/2026,AXISUPI260403200,"₹20,332.00",₹406.64,₹73.20,"₹19,852.16",,SUCCESS,UPI collect for GLX-206320 Mould development charges
UPI609348626578,GLX-206851,vindhya05@okaxis,Vindhya Plastics Private Limited,02/04/2026 14:41,03/04/2026,AXISUPI260403276,"₹85,789.76","₹1,715.80",₹308.84,"₹83,765.12",,SUCCESS,UPI collect for GLX-206851 Freight recovery billing
UPI947765403604,GLX-206918,bhoomi72@okaxis,Bhoomi Tiles and Sanitary LLP,02/04/2026 08:20,03/04/2026,AXISUPI260403900,"₹26,117.00",₹522.34,₹94.02,"₹25,500.64",,SUCCESS,UPI collect for GLX-206918 Tooling amortisation billing
UPI936771883769,GLX-207109,chandravat04@okhdfcbank,Chandravat Metals Private Limited,02/04/2026 10:18,03/04/2026,AXISUPI260403700,"₹28,293.00",₹565.86,₹101.85,"₹27,625.29",,SUCCESS,UPI collect for GLX-207109 Bulk despatch schedule A
UPI362985608060,GLX-207164,kaveri67@okaxis,Kaveri Rubber Works Pvt Ltd,02/04/2026 20:50,03/04/2026,AXISUPI260403282,"₹3,196.82",₹63.94,₹11.51,"₹3,121.37",,SUCCESS,UPI collect for GLX-207164 Contract manufacturing charges
UPI925580764607,GLX-207496,naaz31@okaxis,Naaz Fabrics Private Limited,02/04/2026 16:52,03/04/2026,AXISUPI260403900,"₹41,300.00",₹826.00,₹148.68,"₹40,325.32",,SUCCESS,UPI collect for GLX-207496 Packaging material supply
UPI103451635959,GLX-207736,anokhi61@okhdfcbank,Anokhi Kitchenware Pvt Ltd,02/04/2026 13:50,03/04/2026,AXISUPI260403700,"₹29,670.00",₹593.40,₹106.81,"₹28,969.79",,SUCCESS,UPI collect for GLX-207736 Export documentation recovery
UPI442843903523,GLX-207852,ranjeet48@okkotak,Ranjeet Timber Depot Pvt Ltd,02/04/2026 10:24,04/04/2026,AXISUPI260404835,"₹71,170.35","₹1,423.41",₹256.21,"₹69,490.73",,SUCCESS,UPI collect for GLX-207852 Warehouse handling recovery
UPI180625836876,GLX-208803,barkat57@okaxis,Barkat Stationers Private Limited,02/04/2026 09:56,03/04/2026,AXISUPI260403300,"₹25,724.00",₹514.48,₹92.61,"₹25,116.91",,SUCCESS,UPI collect for GLX-208803 Trial batch supply
UPI114850975449,GLX-208845,yamini27@okaxis,Yamini Home Needs Pvt Ltd,02/04/2026 10:15,03/04/2026,AXISUPI260403900,"₹80,810.00","₹1,616.20",₹290.92,"₹78,902.88",,SUCCESS,UPI collect for GLX-208845 Secondary transport recovery
UPI237311896829,GLX-209056,prithvi74@okhdfcbank,Prithvi Seeds and Feeds Pvt Ltd,02/04/2026 17:36,03/04/2026,AXISUPI260403808,"₹40,471.08",₹809.42,₹145.70,"₹39,515.96",,SUCCESS,UPI collect for GLX-209056 Consignment despatch
UPI165623639172,GLX-209240,palashwood88@okhdfcbank,Palashwood Interiors Pvt Ltd,02/04/2026 20:13,03/04/2026,AXISUPI260403100,"₹19,494.00",₹389.88,₹70.18,"₹19,033.94",,SUCCESS,UPI collect for GLX-209240 Bulk despatch schedule B
UPI361779061522,GLX-209285,madhuban14@okicici,Madhuban Nurseries Pvt Ltd,02/04/2026 08:17,04/04/2026,AXISUPI260404383,"₹14,915.83",₹298.32,₹53.70,"₹14,563.81",,SUCCESS,UPI collect for GLX-209285 Sample despatch billing
UPI425850882133,GLX-209910,ojas22@okicici,Ojas Lighting Private Limited,02/04/2026 13:49,04/04/2026,AXISUPI260404869,"₹43,990.69",₹879.81,₹158.37,"₹42,952.51",,SUCCESS,UPI collect for GLX-209910 Palletisation charges
UPI577480169748,GLX-209953,ambar90@okaxis,Ambar Cold Rooms Pvt Ltd,02/04/2026 10:38,03/04/2026,AXISUPI260403600,"₹20,012.00",₹400.24,₹72.04,"₹19,539.72",,SUCCESS,UPI collect for GLX-209953 Spare kit despatch
UPI793484698465,GLX-204054,sanchit40@okaxis,Sanchit Hardware Depot Pvt Ltd,03/04/2026 12:53,04/04/2026,AXISUPI260404132,"₹16,137.32",₹322.75,₹58.10,"₹15,756.47",,SUCCESS,UPI collect for GLX-204054 Job work conversion charges
UPI145217308922,GLX-204152,chandravat51@ybl,Chandravat Metals Private Limited,03/04/2026 14:51,04/04/2026,AXISUPI260404470,"₹41,736.70",₹834.73,₹150.25,"₹40,751.72",,SUCCESS,UPI collect for GLX-204152 Consignment despatch
UPI919485466282,GLX-204298,devgiri03@okkotak,Devgiri Paints LLP,03/04/2026 14:34,05/04/2026,AXISUPI260405607,"₹36,212.07",₹724.24,₹130.36,"₹35,357.47",,SUCCESS,UPI collect for GLX-204298 Freight recovery billing
UPI490340608941,GLX-204497,bhoomi21@okaxis,Bhoomi Tiles and Sanitary LLP,03/04/2026 16:47,04/04/2026,AXISUPI260404960,"₹22,103.60",₹442.07,₹79.57,"₹21,581.96",,SUCCESS,UPI collect for GLX-204497 Trial batch supply
UPI333889366450,GLX-204713,girnar57@ybl,Girnar Pipes and Fittings Pvt Ltd,03/04/2026 10:06,04/04/2026,AXISUPI260404182,"₹95,472.82","₹1,909.46",₹343.70,"₹93,219.66",,SUCCESS,UPI collect for GLX-204713 Export documentation recovery
UPI538351264945,GLX-204821,vaayu85@ybl,Vaayu Organics Private Limited,03/04/2026 16:21,04/04/2026,AXISUPI260404800,"₹75,850.00","₹1,517.00",₹273.06,"₹74,059.94",,SUCCESS,UPI collect for GLX-204821 Testing and calibration charges
UPI655150281933,GLX-205355,yamini45@okaxis,Yamini Home Needs Pvt Ltd,03/04/2026 17:52,04/04/2026,AXISUPI260404600,"₹37,166.00",₹743.32,₹133.80,"₹36,288.88",,SUCCESS,UPI collect for GLX-205355 Export documentation recovery
UPI199761942819,GLX-205386,jashan32@okaxis,Jashan Sports Goods Pvt Ltd,03/04/2026 12:06,04/04/2026,AXISUPI260404900,"₹81,620.00","₹1,632.40",₹293.83,"₹79,693.77",,SUCCESS,UPI collect for GLX-205386 Bulk despatch schedule B
UPI737170766436,GLX-205745,kalanjali08@okaxis,Kalanjali Crafts Pvt Ltd,03/04/2026 14:52,04/04/2026,AXISUPI260404600,"₹94,028.00","₹1,880.56",₹338.50,"₹91,808.94",,SUCCESS,UPI collect for GLX-205745 Site erection charges
UPI225065848102,GLX-205885,palashwood46@okhdfcbank,Palashwood Interiors Pvt Ltd,03/04/2026 08:32,04/04/2026,AXISUPI260404100,"₹51,102.00","₹1,022.04",₹183.97,"₹49,895.99",,SUCCESS,UPI collect for GLX-205885 Contract manufacturing charges
UPI997840141920,GLX-206304,bhavani48@okkotak,Bhavani Steel Trading Pvt Ltd,03/04/2026 14:14,05/04/2026,AXISUPI260405769,"₹34,719.69",₹694.39,₹124.99,"₹33,900.31",,SUCCESS,UPI collect for GLX-206304 Tooling amortisation billing
UPI981436671904,GLX-206342,tanmay44@okaxis,Tanmay Toolroom Private Limited,03/04/2026 11:56,04/04/2026,AXISUPI260404900,"₹87,929.00","₹1,758.58",₹316.54,"₹85,853.88",,SUCCESS,UPI collect for GLX-206342 Design retainer billing
UPI117303106485,GLX-206520,tarangini72@ybl,Tarangini Prints LLP,03/04/2026 20:44,04/04/2026,AXISUPI260404500,"₹76,945.00","₹1,538.90",₹277.00,"₹75,129.10",,SUCCESS,UPI collect for GLX-206520 Packaging material supply
UPI245451759604,GLX-206587,suvarna67@okaxis,Suvarna Weaves LLP,03/04/2026 09:36,04/04/2026,AXISUPI260404516,"₹84,892.16","₹1,697.84",₹305.61,"₹82,888.71",,SUCCESS,UPI collect for GLX-206587 Labelling job billing
UPI530738143792,GLX-207140,ambar46@okkotak,Ambar Cold Rooms Pvt Ltd,03/04/2026 12:40,05/04/2026,AXISUPI260405565,"₹63,949.65","₹1,278.99",₹230.22,"₹62,440.44",,SUCCESS,UPI collect for GLX-207140 Warehouse handling recovery
UPI976409424820,GLX-207861,vindhya81@okhdfcbank,Vindhya Plastics Private Limited,03/04/2026 14:18,04/04/2026,AXISUPI260404700,"₹32,037.00",₹640.74,₹115.33,"₹31,280.93",,SUCCESS,UPI collect for GLX-207861 Annual maintenance billing
UPI318284157340,GLX-207951,anokhi58@okhdfcbank,Anokhi Kitchenware Pvt Ltd,03/04/2026 09:13,04/04/2026,AXISUPI260404100,"₹70,506.00","₹1,410.12",₹253.82,"₹68,842.06",,SUCCESS,UPI collect for GLX-207951 Secondary transport recovery
UPI979600912915,GLX-208329,ojas24@oksbi,Ojas Lighting Private Limited,03/04/2026 17:53,05/04/2026,AXISUPI260405129,"₹59,427.29","₹1,188.55",₹213.94,"₹58,024.80",,SUCCESS,UPI collect for GLX-208329 Sample despatch billing
UPI375631208520,GLX-208339,utsav36@okkotak,Utsav Bakers LLP,03/04/2026 16:53,05/04/2026,AXISUPI260405259,"₹56,026.59","₹1,120.53",₹201.70,"₹54,704.36",,SUCCESS,UPI collect for GLX-208339 Testing and calibration charges
UPI145946844835,GLX-208453,chirag96@okicici,Chirag Battery House Pvt Ltd,03/04/2026 11:01,05/04/2026,AXISUPI260405293,"₹59,365.93","₹1,187.32",₹213.72,"₹57,964.89",,SUCCESS,UPI collect for GLX-208453 Mould development charges
UPI898051092715,GLX-208508,sohrab79@okaxis,Sohrab Auto Spares LLP,03/04/2026 10:43,04/04/2026,AXISUPI260404900,"₹27,251.00",₹545.02,₹98.10,"₹26,607.88",,SUCCESS,UPI collect for GLX-208508 Bulk despatch schedule A
UPI819729499762,GLX-208514,rukmini88@okhdfcbank,Rukmini Provisions Private Limited,03/04/2026 20:41,04/04/2026,AXISUPI260404700,"₹67,218.00","₹1,344.36",₹241.98,"₹65,631.66",,SUCCESS,UPI collect for GLX-208514 Scrap sale realisation
UPI303474016736,GLX-208874,shubhankar78@okaxis,Shubhankar Electricals LLP,03/04/2026 10:52,04/04/2026,AXISUPI260404900,"₹73,358.00","₹1,467.16",₹264.09,"₹71,626.75",,SUCCESS,UPI collect for GLX-208874 Machinery hire charges
UPI191556320315,GLX-208925,nirvaan44@okkotak,Nirvaan Agro Mills Pvt Ltd,03/04/2026 13:16,05/04/2026,AXISUPI260405799,"₹27,465.99",₹549.32,₹98.88,"₹26,817.79",,SUCCESS,UPI collect for GLX-208925 Palletisation charges
UPI710187264647,GLX-209502,marudhar67@okhdfcbank,Marudhar Furnishings LLP,03/04/2026 08:55,04/04/2026,AXISUPI260404700,"₹14,055.00",₹281.10,₹50.60,"₹13,723.30",,SUCCESS,UPI collect for GLX-209502 Rework charges billed
UPI687106244360,GLX-209593,sitara73@ybl,Sitara Packaging Solutions Pvt Ltd,03/04/2026 09:53,04/04/2026,AXISUPI260404380,"₹37,181.80",₹743.64,₹133.86,"₹36,304.30",,SUCCESS,UPI collect for GLX-209593 Spare kit despatch
UPI261556658833,GLX-204143,tanmay48@okhdfcbank,Tanmay Toolroom Private Limited,04/04/2026 14:41,05/04/2026,AXISUPI260405100,"₹21,744.00",₹434.88,₹78.28,"₹21,230.84",,SUCCESS,UPI collect for GLX-204143 Packaging material supply
UPI310595070375,GLX-204233,naaz16@okhdfcbank,Naaz Fabrics Private Limited,04/04/2026 14:41,05/04/2026,AXISUPI260405100,"₹20,925.00",₹418.50,₹75.33,"₹20,431.17",,SUCCESS,UPI collect for GLX-204233 Design retainer billing
UPI865422157219,GLX-204241,anokhi37@ybl,Anokhi Kitchenware Pvt Ltd,04/04/2026 08:58,05/04/2026,AXISUPI260405800,"₹5,218.00",₹104.36,₹18.78,"₹5,094.86",,SUCCESS,UPI collect for GLX-204241 Export documentation recovery
UPI813833758983,GLX-204369,vindhya06@okhdfcbank,Vindhya Plastics Private Limited,04/04/2026 16:37,05/04/2026,AXISUPI260405166,"₹16,470.66",₹329.41,₹59.29,"₹16,081.96",,SUCCESS,UPI collect for GLX-204369 Freight recovery billing
UPI300871552299,GLX-204410,vaayu68@ybl,Vaayu Organics Private Limited,04/04/2026 09:13,05/04/2026,AXISUPI260405938,"₹51,614.38","₹1,032.29",₹185.81,"₹50,396.28",,SUCCESS,UPI collect for GLX-204410 Scrap sale realisation
UPI493927838248,GLX-204717,prithvi52@okaxis,Prithvi Seeds and Feeds Pvt Ltd,04/04/2026 19:29,05/04/2026,AXISUPI260405600,"₹35,681.00",₹713.62,₹128.45,"₹34,838.93",,SUCCESS,UPI collect for GLX-204717 Bulk despatch schedule A
UPI456182417501,GLX-205445,nirvaan47@okkotak,Nirvaan Agro Mills Pvt Ltd,04/04/2026 13:50,06/04/2026,AXISUPI260406391,"₹72,218.91","₹1,444.38",₹259.99,"₹70,514.54",,SUCCESS,UPI collect for GLX-205445 Sample despatch billing
UPI905343894551,GLX-205484,barkat58@okicici,Barkat Stationers Private Limited,04/04/2026 12:21,06/04/2026,AXISUPI260406497,"₹74,289.97","₹1,485.80",₹267.44,"₹72,536.73",,SUCCESS,UPI collect for GLX-205484 Tooling amortisation billing
UPI892223081714,GLX-205758,suvarna72@ybl,Suvarna Weaves LLP,04/04/2026 10:35,05/04/2026,AXISUPI260405800,"₹93,823.00","₹1,876.46",₹337.76,"₹91,608.78",,SUCCESS,UPI collect for GLX-205758 Rework charges billed
UPI761158333046,GLX-205817,jashan76@ybl,Jashan Sports Goods Pvt Ltd,04/04/2026 17:12,05/04/2026,AXISUPI260405800,"₹31,615.00",₹632.30,₹113.81,"₹30,868.89",,SUCCESS,UPI collect for GLX-205817 Contract manufacturing charges
UPI579477377680,GLX-206001,bhavani63@okhdfcbank,Bhavani Steel Trading Pvt Ltd,04/04/2026 12:04,05/04/2026,AXISUPI260405100,"₹48,618.00",₹972.36,₹175.02,"₹47,470.62",,SUCCESS,UPI collect for GLX-206001 Trial batch supply
UPI506241980411,GLX-206161,madhuban76@ybl,Madhuban Nurseries Pvt Ltd,04/04/2026 20:57,05/04/2026,AXISUPI260405968,"₹7,019.68",₹140.39,₹25.27,"₹6,854.02",,SUCCESS,UPI collect for GLX-206161 Palletisation charges
UPI190862860629,GLX-206294,girnar70@okaxis,Girnar Pipes and Fittings Pvt Ltd,04/04/2026 12:15,05/04/2026,AXISUPI260405300,"₹58,385.00","₹1,167.70",₹210.19,"₹57,007.11",,SUCCESS,UPI collect for GLX-206294 Secondary transport recovery
UPI871004374993,GLX-206351,kesari90@okaxis,Kesari Handlooms Pvt Ltd,04/04/2026 09:01,05/04/2026,AXISUPI260405600,"₹83,741.00","₹1,674.82",₹301.47,"₹81,764.71",,SUCCESS,UPI collect for GLX-206351 Freight recovery billing
UPI379091476837,GLX-206540,ekansh13@okhdfcbank,Ekansh Glassworks Private Limited,04/04/2026 19:09,05/04/2026,AXISUPI260405400,"₹60,888.00","₹1,217.76",₹219.20,"₹59,451.04",,SUCCESS,UPI collect for GLX-206540 Labelling job billing
UPI571906365437,GLX-206635,neelkanth63@okhdfcbank,Neelkanth Ceramics Pvt Ltd,04/04/2026 17:52,05/04/2026,AXISUPI260405418,"₹19,803.18",₹396.06,₹71.29,"₹19,335.83",,SUCCESS,UPI collect for GLX-206635 Machinery hire charges
UPI522110283947,GLX-206782,kaveri56@okaxis,Kaveri Rubber Works Pvt Ltd,04/04/2026 10:52,05/04/2026,AXISUPI260405900,"₹47,969.00",₹959.38,₹172.69,"₹46,836.93",,SUCCESS,UPI collect for GLX-206782 Bulk despatch schedule B
UPI960363947095,GLX-206801,shubhankar42@okaxis,Shubhankar Electricals LLP,04/04/2026 16:47,05/04/2026,AXISUPI260405600,"₹34,061.00",₹681.22,₹122.62,"₹33,257.16",,SUCCESS,UPI collect for GLX-206801 Mould development charges
UPI770173992360,GLX-207196,ranjeet41@okaxis,Ranjeet Timber Depot Pvt Ltd,04/04/2026 16:15,05/04/2026,AXISUPI260405900,"₹57,761.00","₹1,155.22",₹207.94,"₹56,397.84",,SUCCESS,UPI collect for GLX-207196 Spare kit despatch
UPI599343219901,GLX-207229,devgiri58@ybl,Devgiri Paints LLP,04/04/2026 19:35,05/04/2026,AXISUPI260405200,"₹41,212.00",₹824.24,₹148.36,"₹40,239.40",,SUCCESS,UPI collect for GLX-207229 Annual maintenance billing
UPI233073071380,GLX-207391,meghdoot26@okicici,Meghdoot Packaging LLP,04/04/2026 14:49,06/04/2026,AXISUPI260406983,"₹54,980.83","₹1,099.62",₹197.93,"₹53,683.28",,SUCCESS,UPI collect for GLX-207391 Job work conversion charges
UPI465893384667,GLX-208045,rukmini92@ybl,Rukmini Provisions Private Limited,04/04/2026 08:58,05/04/2026,AXISUPI260405314,"₹19,523.14",₹390.46,₹70.28,"₹19,062.40",,SUCCESS,UPI collect for GLX-208045 Testing and calibration charges
UPI726479611729,GLX-208559,sitara11@ybl,Sitara Packaging Solutions Pvt Ltd,04/04/2026 09:30,05/04/2026,AXISUPI260405500,"₹47,857.00",₹957.14,₹172.29,"₹46,727.57",,SUCCESS,UPI collect for GLX-208559 Warehouse handling recovery
UPI762486600985,GLX-208867,sanchit42@oksbi,Sanchit Hardware Depot Pvt Ltd,04/04/2026 08:41,06/04/2026,AXISUPI260406213,"₹66,196.13","₹1,323.92",₹238.31,"₹64,633.90",,SUCCESS,UPI collect for GLX-208867 Site erection charges
UPI676708911932,GLX-209586,sohrab67@okhdfcbank,Sohrab Auto Spares LLP,04/04/2026 15:55,05/04/2026,AXISUPI260405466,"₹3,072.66",₹61.45,₹11.06,"₹3,000.15",,SUCCESS,UPI collect for GLX-209586 Consignment despatch
UPI915131078971,GLX-204095,tarangini38@okkotak,Tarangini Prints LLP,05/04/2026 14:12,07/04/2026,AXISUPI260407445,"₹87,330.45","₹1,746.61",₹314.39,"₹85,269.45",,SUCCESS,UPI collect for GLX-204095 Design retainer billing
UPI738923695480,GLX-204219,naaz92@okhdfcbank,Naaz Fabrics Private Limited,05/04/2026 16:18,06/04/2026,AXISUPI260406100,"₹8,793.00",₹175.86,₹31.65,"₹8,585.49",,SUCCESS,UPI collect for GLX-204219 Packaging material supply
UPI390666609600,GLX-204237,ambar53@okhdfcbank,Ambar Cold Rooms Pvt Ltd,05/04/2026 18:53,06/04/2026,AXISUPI260406556,"₹90,112.56","₹1,802.25",₹324.40,"₹87,985.91",,SUCCESS,UPI collect for GLX-204237 Spare kit despatch
UPI624742773776,GLX-204407,yamini18@okaxis,Yamini Home Needs Pvt Ltd,05/04/2026 16:10,06/04/2026,AXISUPI260406900,"₹1,655.00",₹33.10,₹5.96,"₹1,615.94",,SUCCESS,UPI collect for GLX-204407 Secondary transport recovery
UPI990047006172,GLX-204597,neelkanth59@ybl,Neelkanth Ceramics Pvt Ltd,05/04/2026 20:16,06/04/2026,AXISUPI260406200,"₹87,643.00","₹1,752.86",₹315.51,"₹85,574.63",,SUCCESS,UPI collect for GLX-204597 Mould development charges
UPI747752402734,GLX-204935,kesari81@okaxis,Kesari Handlooms Pvt Ltd,05/04/2026 20:56,06/04/2026,AXISUPI260406600,"₹95,378.00","₹1,907.56",₹343.36,"₹93,127.08",,SUCCESS,UPI collect for GLX-204935 Annual maintenance billing
UPI764418808897,GLX-204946,sohrab49@okaxis,Sohrab Auto Spares LLP,05/04/2026 12:46,06/04/2026,AXISUPI260406522,"₹5,926.22",₹118.52,₹21.33,"₹5,786.37",,SUCCESS,UPI collect for GLX-204946 Bulk despatch schedule A
UPI472710050566,GLX-205451,meghdoot59@okicici,Meghdoot Packaging LLP,05/04/2026 14:41,07/04/2026,AXISUPI260407701,"₹50,136.01","₹1,002.72",₹180.49,"₹48,952.80",,SUCCESS,UPI collect for GLX-205451 Site erection charges
UPI487059996326,GLX-206038,girnar57@ybl,Girnar Pipes and Fittings Pvt Ltd,05/04/2026 14:21,06/04/2026,AXISUPI260406800,"₹87,901.00","₹1,758.02",₹316.44,"₹85,826.54",,SUCCESS,UPI collect for GLX-206038 Export documentation recovery
UPI789134322269,GLX-206496,utsav85@okhdfcbank,Utsav Bakers LLP,05/04/2026 18:31,06/04/2026,AXISUPI260406148,"₹17,343.48",₹346.87,₹62.44,"₹16,934.17",,SUCCESS,UPI collect for GLX-206496 Scrap sale realisation
UPI411070808570,GLX-206932,devgiri35@okkotak,Devgiri Paints LLP,05/04/2026 12:18,07/04/2026,AXISUPI260407757,"₹70,350.57","₹1,407.01",₹253.26,"₹68,690.30",,SUCCESS,UPI collect for GLX-206932 Freight recovery billing
UPI730170558524,GLX-207092,ojas69@okaxis,Ojas Lighting Private Limited,05/04/2026 19:06,06/04/2026,AXISUPI260406300,"₹85,286.00","₹1,705.72",₹307.03,"₹83,273.25",,SUCCESS,UPI collect for GLX-207092 Palletisation charges
UPI449606325779,GLX-207728,ranjeet83@ybl,Ranjeet Timber Depot Pvt Ltd,05/04/2026 17:49,06/04/2026,AXISUPI260406800,"₹52,828.00","₹1,056.56",₹190.18,"₹51,581.26",,SUCCESS,UPI collect for GLX-207728 Warehouse handling recovery
UPI559690825013,GLX-207862,shubhankar18@okhdfcbank,Shubhankar Electricals LLP,05/04/2026 16:55,06/04/2026,AXISUPI260406100,"₹70,137.00","₹1,402.74",₹252.49,"₹68,481.77",,SUCCESS,UPI collect for GLX-207862 Machinery hire charges
UPI285869227554,GLX-207889,marudhar60@ybl,Marudhar Furnishings LLP,05/04/2026 15:40,06/04/2026,AXISUPI260406200,"₹35,425.00",₹708.50,₹127.53,"₹34,588.97",,SUCCESS,UPI collect for GLX-207889 Labelling job billing
UPI136056007975,GLX-208140,kalanjali49@okkotak,Kalanjali Crafts Pvt Ltd,05/04/2026 13:34,07/04/2026,AXISUPI260407553,"₹50,665.53","₹1,013.31",₹182.40,"₹49,469.82",,SUCCESS,UPI collect for GLX-208140 Job work conversion charges
UPI174559133021,GLX-208281,kaveri05@okhdfcbank,Kaveri Rubber Works Pvt Ltd,05/04/2026 14:00,06/04/2026,AXISUPI260406166,"₹3,213.66",₹64.27,₹11.57,"₹3,137.82",,SUCCESS,UPI collect for GLX-208281 Contract manufacturing charges
UPI892063012199,GLX-208381,barkat80@okaxis,Barkat Stationers Private Limited,05/04/2026 18:59,06/04/2026,AXISUPI260406576,"₹49,342.76",₹986.86,₹177.63,"₹48,178.27",,SUCCESS,UPI collect for GLX-208381 Trial batch supply
UPI587710013015,GLX-208402,madhuban29@okaxis,Madhuban Nurseries Pvt Ltd,05/04/2026 09:20,06/04/2026,AXISUPI260406900,"₹29,627.00",₹592.54,₹106.66,"₹28,927.80",,SUCCESS,UPI collect for GLX-208402 Sample despatch billing
UPI160302527850,GLX-208567,bhoomi52@okhdfcbank,Bhoomi Tiles and Sanitary LLP,05/04/2026 14:27,06/04/2026,AXISUPI260406700,"₹67,497.00","₹1,349.94",₹242.99,"₹65,904.07",,SUCCESS,UPI collect for GLX-208567 Tooling amortisation billing
UPI838942416488,GLX-208592,chandravat56@okhdfcbank,Chandravat Metals Private Limited,05/04/2026 10:18,06/04/2026,AXISUPI260406100,"₹85,896.00","₹1,717.92",₹309.23,"₹83,868.85",,SUCCESS,UPI collect for GLX-208592 Bulk despatch schedule A
UPI464774233745,GLX-208936,prithvi42@ybl,Prithvi Seeds and Feeds Pvt Ltd,05/04/2026 19:40,06/04/2026,AXISUPI260406800,"₹7,774.00",₹155.48,₹27.99,"₹7,590.53",,SUCCESS,UPI collect for GLX-208936 Consignment despatch
UPI831341587169,GLX-209159,vaayu56@okhdfcbank,Vaayu Organics Private Limited,05/04/2026 20:50,06/04/2026,AXISUPI260406400,"₹83,568.00","₹1,671.36",₹300.84,"₹81,595.80",,SUCCESS,UPI collect for GLX-209159 Testing and calibration charges
UPI722155334728,GLX-209498,palashwood89@okhdfcbank,Palashwood Interiors Pvt Ltd,05/04/2026 19:43,06/04/2026,AXISUPI260406124,"₹36,720.24",₹734.40,₹132.19,"₹35,853.65",,SUCCESS,UPI collect for GLX-209498 Bulk despatch schedule B
UPI922835333563,GLX-209663,chirag14@ybl,Chirag Battery House Pvt Ltd,05/04/2026 11:03,06/04/2026,AXISUPI260406800,"₹49,507.00",₹990.14,₹178.23,"₹48,338.63",,SUCCESS,UPI collect for GLX-209663 Machinery hire charges
UPI295977617000,GLX-209856,ekansh04@okhdfcbank,Ekansh Glassworks Private Limited,05/04/2026 13:36,06/04/2026,AXISUPI260406700,"₹92,895.00","₹1,857.90",₹334.42,"₹90,702.68",,SUCCESS,UPI collect for GLX-209856 Rework charges billed
UPI139245389711,GLX-204322,sanchit44@ybl,Sanchit Hardware Depot Pvt Ltd,06/04/2026 10:22,07/04/2026,AXISUPI260407992,"₹26,756.92",₹535.14,₹96.33,"₹26,125.45",,SUCCESS,UPI collect for GLX-204322 Job work conversion charges
UPI950092193425,GLX-204420,rukmini11@ybl,Rukmini Provisions Private Limited,06/04/2026 09:34,07/04/2026,AXISUPI260407302,"₹23,186.02",₹463.72,₹83.47,"₹22,638.83",,SUCCESS,UPI collect for GLX-204420 Scrap sale realisation
UPI875476893395,GLX-204644,neelkanth47@okkotak,Neelkanth Ceramics Pvt Ltd,06/04/2026 13:12,08/04/2026,AXISUPI260408985,"₹72,026.85","₹1,440.54",₹259.30,"₹70,327.01",,SUCCESS,UPI collect for GLX-204644 Machinery hire charges
UPI348323734067,GLX-204687,chandravat24@okhdfcbank,Chandravat Metals Private Limited,06/04/2026 13:54,07/04/2026,AXISUPI260407514,"₹68,647.14","₹1,372.94",₹247.13,"₹67,027.07",,SUCCESS,UPI collect for GLX-204687 Consignment despatch
UPI239585859465,GLX-204707,palashwood66@okhdfcbank,Palashwood Interiors Pvt Ltd,06/04/2026 15:36,07/04/2026,AXISUPI260407400,"₹50,268.00","₹1,005.36",₹180.96,"₹49,081.68",,SUCCESS,UPI collect for GLX-204707 Contract manufacturing charges
UPI319369470398,GLX-205163,tarangini01@okhdfcbank,Tarangini Prints LLP,06/04/2026 13:27,07/04/2026,AXISUPI260407100,"₹3,654.00",₹73.08,₹13.15,"₹3,567.77",,SUCCESS,UPI collect for GLX-205163 Packaging material supply
UPI710025327123,GLX-205877,bhavani20@ybl,Bhavani Steel Trading Pvt Ltd,06/04/2026 11:03,07/04/2026,AXISUPI260407800,"₹34,765.00",₹695.30,₹125.15,"₹33,944.55",,SUCCESS,UPI collect for GLX-205877 Tooling amortisation billing
UPI283126672583,GLX-205916,bhoomi06@okicici,Bhoomi Tiles and Sanitary LLP,06/04/2026 14:02,08/04/2026,AXISUPI260408791,"₹1,653.91",₹33.08,₹5.95,"₹1,614.88",,SUCCESS,UPI collect for GLX-205916 Trial batch supply
UPI354729783214,GLX-206025,ambar84@okicici,Ambar Cold Rooms Pvt Ltd,06/04/2026 20:19,08/04/2026,AXISUPI260408113,"₹37,692.13",₹753.84,₹135.69,"₹36,802.60",,SUCCESS,UPI collect for GLX-206025 Warehouse handling recovery
UPI604508975451,GLX-206107,tanmay82@ybl,Tanmay Toolroom Private Limited,06/04/2026 13:53,07/04/2026,AXISUPI260407500,"₹27,931.00",₹558.62,₹100.55,"₹27,271.83",,SUCCESS,UPI collect for GLX-206107 Design retainer billing
UPI854004395059,GLX-206549,yamini73@ybl,Yamini Home Needs Pvt Ltd,06/04/2026 15:53,07/04/2026,AXISUPI260407200,₹865.00,₹17.30,₹3.11,₹844.59,,SUCCESS,UPI collect for GLX-206549 Export documentation recovery
UPI726671274951,GLX-206619,ojas35@okhdfcbank,Ojas Lighting Private Limited,06/04/2026 20:41,07/04/2026,AXISUPI260407400,"₹12,072.00",₹241.44,₹43.46,"₹11,787.10",,SUCCESS,UPI collect for GLX-206619 Sample despatch billing
UPI882047953025,GLX-206930,nirvaan48@okicici,Nirvaan Agro Mills Pvt Ltd,06/04/2026 15:18,08/04/2026,AXISUPI260408455,"₹41,061.55",₹821.23,₹147.82,"₹40,092.50",,SUCCESS,UPI collect for GLX-206930 Palletisation charges
UPI863437639295,GLX-207127,vindhya51@okhdfcbank,Vindhya Plastics Private Limited,06/04/2026 18:27,07/04/2026,AXISUPI260407400,"₹77,520.00","₹1,550.40",₹279.07,"₹75,690.53",,SUCCESS,UPI collect for GLX-207127 Annual maintenance billing
UPI685462465036,GLX-207135,kesari52@ybl,Kesari Handlooms Pvt Ltd,06/04/2026 11:46,07/04/2026,AXISUPI260407578,"₹57,577.78","₹1,151.56",₹207.28,"₹56,218.94",,SUCCESS,UPI collect for GLX-207135 Freight recovery billing
UPI411413125015,GLX-207745,utsav18@okhdfcbank,Utsav Bakers LLP,06/04/2026 15:26,07/04/2026,AXISUPI260407628,"₹30,002.28",₹600.05,₹108.01,"₹29,294.22",,SUCCESS,UPI collect for GLX-207745 Testing and calibration charges
UPI494507327839,GLX-208139,prithvi58@okaxis,Prithvi Seeds and Feeds Pvt Ltd,06/04/2026 13:02,07/04/2026,AXISUPI260407498,"₹46,191.98",₹923.84,₹166.29,"₹45,101.85",,SUCCESS,UPI collect for GLX-208139 Bulk despatch schedule A
UPI463390225984,GLX-208405,suvarna59@okhdfcbank,Suvarna Weaves LLP,06/04/2026 15:00,07/04/2026,AXISUPI260407400,"₹29,055.00",₹581.10,₹104.60,"₹28,369.30",,SUCCESS,UPI collect for GLX-208405 Labelling job billing
UPI137208967886,GLX-208721,kalanjali67@ybl,Kalanjali Crafts Pvt Ltd,06/04/2026 16:44,07/04/2026,AXISUPI260407500,"₹55,183.00","₹1,103.66",₹198.66,"₹53,880.68",,SUCCESS,UPI collect for GLX-208721 Site erection charges
UPI757350341507,GLX-208783,jashan03@okicici,Jashan Sports Goods Pvt Ltd,06/04/2026 10:35,08/04/2026,AXISUPI260408557,"₹60,025.57","₹1,200.51",₹216.09,"₹58,608.97",,SUCCESS,UPI collect for GLX-208783 Bulk despatch schedule B
UPI943770636180,GLX-208786,anokhi08@okaxis,Anokhi Kitchenware Pvt Ltd,06/04/2026 15:29,07/04/2026,AXISUPI260407300,"₹83,261.00","₹1,665.22",₹299.74,"₹81,296.04",,SUCCESS,UPI collect for GLX-208786 Secondary transport recovery
UPI430376998910,GLX-209162,ranjeet01@okkotak,Ranjeet Timber Depot Pvt Ltd,06/04/2026 20:51,08/04/2026,AXISUPI260408109,"₹78,147.09","₹1,562.94",₹281.33,"₹76,302.82",,SUCCESS,UPI collect for GLX-209162 Spare kit despatch
UPI932267094117,GLX-209487,marudhar41@ybl,Marudhar Furnishings LLP,06/04/2026 09:37,07/04/2026,AXISUPI260407710,"₹15,207.10",₹304.14,₹54.75,"₹14,848.21",,SUCCESS,UPI collect for GLX-209487 Rework charges billed
UPI481702895186,GLX-209544,sitara55@okicici,Sitara Packaging Solutions Pvt Ltd,06/04/2026 12:54,08/04/2026,AXISUPI260408569,"₹49,045.69",₹980.91,₹176.56,"₹47,888.22",,SUCCESS,UPI collect for GLX-209544 Spare kit despatch
UPI900358635001,GLX-209912,chirag38@okkotak,Chirag Battery House Pvt Ltd,06/04/2026 15:09,08/04/2026,AXISUPI260408337,"₹48,080.37",₹961.61,₹173.09,"₹46,945.67",,SUCCESS,UPI collect for GLX-209912 Mould development charges
UPI426819733960,GLX-204042,jashan27@okicici,Jashan Sports Goods Pvt Ltd,07/04/2026 19:33,09/04/2026,AXISUPI260409953,"₹26,828.53",₹536.57,₹96.58,"₹26,195.38",,SUCCESS,UPI collect for GLX-204042 Contract manufacturing charges
UPI434097947655,GLX-204137,meghdoot41@ybl,Meghdoot Packaging LLP,07/04/2026 09:40,08/04/2026,AXISUPI260408200,"₹70,759.00","₹1,415.18",₹254.73,"₹69,089.09",,SUCCESS,UPI collect for GLX-204137 Job work conversion charges
UPI253628656801,GLX-204272,naaz31@okkotak,Naaz Fabrics Private Limited,07/04/2026 12:04,09/04/2026,AXISUPI260409997,"₹40,427.97",₹808.56,₹145.54,"₹39,473.87",,SUCCESS,UPI collect for GLX-204272 Design retainer billing
UPI844509314378,GLX-204334,kalanjali82@ybl,Kalanjali Crafts Pvt Ltd,07/04/2026 08:12,08/04/2026,AXISUPI260408500,"₹24,439.00",₹488.78,₹87.98,"₹23,862.24",,SUCCESS,UPI collect for GLX-204334 Job work conversion charges
UPI471064695771,GLX-204478,rukmini04@okkotak,Rukmini Provisions Private Limited,07/04/2026 20:40,09/04/2026,AXISUPI260409331,"₹54,020.31","₹1,080.41",₹194.47,"₹52,745.43",,SUCCESS,UPI collect for GLX-204478 Testing and calibration charges
UPI508516909668,GLX-204755,sitara53@oksbi,Sitara Packaging Solutions Pvt Ltd,07/04/2026 17:17,09/04/2026,AXISUPI260409741,"₹54,906.41","₹1,098.13",₹197.66,"₹53,610.62",,SUCCESS,UPI collect for GLX-204755 Warehouse handling recovery
UPI644417705667,GLX-205246,madhuban52@okhdfcbank,Madhuban Nurseries Pvt Ltd,07/04/2026 19:09,08/04/2026,AXISUPI260408100,"₹18,027.00",₹360.54,₹64.90,"₹17,601.56",,SUCCESS,UPI collect for GLX-205246 Palletisation charges
UPI703260716717,GLX-205471,barkat56@okhdfcbank,Barkat Stationers Private Limited,07/04/2026 13:50,08/04/2026,AXISUPI260408400,"₹94,917.00","₹1,898.34",₹341.70,"₹92,676.96",,SUCCESS,UPI collect for GLX-205471 Tooling amortisation billing
UPI486266503804,GLX-205517,vaayu15@okaxis,Vaayu Organics Private Limited,07/04/2026 09:20,08/04/2026,AXISUPI260408600,"₹37,544.00",₹750.88,₹135.16,"₹36,657.96",,SUCCESS,UPI collect for GLX-205517 Scrap sale realisation
UPI582294071314,GLX-205631,sanchit63@ybl,Sanchit Hardware Depot Pvt Ltd,07/04/2026 20:07,08/04/2026,AXISUPI260408500,"₹60,646.00","₹1,212.92",₹218.33,"₹59,214.75",,SUCCESS,UPI collect for GLX-205631 Site erection charges
UPI445903504207,GLX-205784,chirag01@okhdfcbank,Chirag Battery House Pvt Ltd,07/04/2026 14:32,08/04/2026,AXISUPI260408100,"₹93,573.00","₹1,871.46",₹336.86,"₹91,364.68",,SUCCESS,UPI collect for GLX-205784 Machinery hire charges
UPI437328000420,GLX-206000,anokhi07@okkotak,Anokhi Kitchenware Pvt Ltd,07/04/2026 14:26,09/04/2026,AXISUPI260409625,"₹49,658.25",₹993.16,₹178.77,"₹48,486.32",,SUCCESS,UPI collect for GLX-206000 Export documentation recovery
UPI456844196953,GLX-206100,tanmay01@okhdfcbank,Tanmay Toolroom Private Limited,07/04/2026 16:58,08/04/2026,AXISUPI260408322,"₹92,531.22","₹1,850.62",₹333.11,"₹90,347.49",,SUCCESS,UPI collect for GLX-206100 Packaging material supply
UPI540330350723,GLX-206204,girnar72@ybl,Girnar Pipes and Fittings Pvt Ltd,07/04/2026 15:51,08/04/2026,AXISUPI260408884,"₹37,438.84",₹748.78,₹134.78,"₹36,555.28",,SUCCESS,UPI collect for GLX-206204 Secondary transport recovery
UPI311349885190,GLX-206345,sohrab91@ybl,Sohrab Auto Spares LLP,07/04/2026 15:16,08/04/2026,AXISUPI260408200,"₹77,113.00","₹1,542.26",₹277.61,"₹75,293.13",,SUCCESS,UPI collect for GLX-206345 Consignment despatch
UPI843849112683,GLX-206425,kaveri51@okaxis,Kaveri Rubber Works Pvt Ltd,07/04/2026 14:52,08/04/2026,AXISUPI260408900,"₹94,301.00","₹1,886.02",₹339.48,"₹92,075.50",,SUCCESS,UPI collect for GLX-206425 Bulk despatch schedule B
UPI500564525117,GLX-206487,shubhankar67@okhdfcbank,Shubhankar Electricals LLP,07/04/2026 17:23,08/04/2026,AXISUPI260408100,"₹1,251.00",₹25.02,₹4.50,"₹1,221.48",,SUCCESS,UPI collect for GLX-206487 Mould development charges
UPI125349069403,GLX-207299,suvarna37@okaxis,Suvarna Weaves LLP,07/04/2026 13:33,08/04/2026,AXISUPI260408600,"₹14,918.00",₹298.36,₹53.70,"₹14,565.94",,SUCCESS,UPI collect for GLX-207299 Rework charges billed
UPI945460525066,GLX-207602,devgiri50@okaxis,Devgiri Paints LLP,07/04/2026 09:44,08/04/2026,AXISUPI260408864,"₹54,574.64","₹1,091.49",₹196.47,"₹53,286.68",,SUCCESS,UPI collect for GLX-207602 Annual maintenance billing
UPI447769829168,GLX-207872,ekansh45@okaxis,Ekansh Glassworks Private Limited,07/04/2026 08:15,08/04/2026,AXISUPI260408600,"₹32,801.00",₹656.02,₹118.08,"₹32,026.90",,SUCCESS,UPI collect for GLX-207872 Labelling job billing
UPI625834789002,GLX-207963,bhavani28@ybl,Bhavani Steel Trading Pvt Ltd,07/04/2026 12:12,08/04/2026,AXISUPI260408200,"₹85,240.00","₹1,704.80",₹306.86,"₹83,228.34",,SUCCESS,UPI collect for GLX-207963 Trial batch supply
UPI553309197468,GLX-207969,marudhar19@okhdfcbank,Marudhar Furnishings LLP,07/04/2026 14:57,08/04/2026,AXISUPI260408484,"₹51,744.84","₹1,034.90",₹186.28,"₹50,523.66",,SUCCESS,UPI collect for GLX-207969 Labelling job billing
UPI737722199228,GLX-208637,nirvaan71@okhdfcbank,Nirvaan Agro Mills Pvt Ltd,07/04/2026 08:32,08/04/2026,AXISUPI260408700,"₹42,639.00",₹852.78,₹153.50,"₹41,632.72",,SUCCESS,UPI collect for GLX-208637 Sample despatch billing
UPI720026307868,GLX-209468,ambar01@oksbi,Ambar Cold Rooms Pvt Ltd,07/04/2026 17:58,09/04/2026,AXISUPI260409855,"₹36,745.55",₹734.91,₹132.28,"₹35,878.36",,SUCCESS,UPI collect for GLX-209468 Spare kit despatch
UPI338589865084,GLX-209469,vindhya75@ybl,Vindhya Plastics Private Limited,07/04/2026 16:34,08/04/2026,AXISUPI260408968,"₹13,841.68",₹276.83,₹49.83,"₹13,515.02",,SUCCESS,UPI collect for GLX-209469 Freight recovery billing
UPI417704922024,GLX-204010,barkat29@oksbi,Barkat Stationers Private Limited,08/04/2026 13:50,10/04/2026,AXISUPI260410939,"₹63,467.39","₹1,269.35",₹228.48,"₹61,969.56",,SUCCESS,UPI collect for GLX-204010 Trial batch supply
UPI462396998775,GLX-204260,devgiri74@ybl,Devgiri Paints LLP,08/04/2026 20:30,09/04/2026,AXISUPI260409200,"₹48,169.00",₹963.38,₹173.41,"₹47,032.21",,SUCCESS,UPI collect for GLX-204260 Freight recovery billing
UPI861763901707,GLX-204691,palashwood02@okhdfcbank,Palashwood Interiors Pvt Ltd,08/04/2026 10:32,09/04/2026,AXISUPI260409700,"₹30,588.00",₹611.76,₹110.12,"₹29,866.12",,SUCCESS,UPI collect for GLX-204691 Bulk despatch schedule B
UPI713664779357,GLX-204872,ekansh78@okaxis,Ekansh Glassworks Private Limited,08/04/2026 17:52,09/04/2026,AXISUPI260409300,"₹9,047.00",₹180.94,₹32.57,"₹8,833.49",,SUCCESS,UPI collect for GLX-204872 Rework charges billed
UPI375583333135,GLX-205288,naaz80@okaxis,Naaz Fabrics Private Limited,08/04/2026 16:32,09/04/2026,AXISUPI260409582,"₹35,275.82",₹705.52,₹126.99,"₹34,443.31",,SUCCESS,UPI collect for GLX-205288 Packaging material supply
UPI632266930452,GLX-205424,sitara92@okaxis,Sitara Packaging Solutions Pvt Ltd,08/04/2026 12:29,09/04/2026,AXISUPI260409300,"₹1,712.00",₹34.24,₹6.16,"₹1,671.60",,SUCCESS,UPI collect for GLX-205424 Spare kit despatch
UPI594198065933,GLX-205579,shubhankar79@oksbi,Shubhankar Electricals LLP,08/04/2026 20:39,10/04/2026,AXISUPI260410255,"₹56,656.55","₹1,133.13",₹203.96,"₹55,319.46",,SUCCESS,UPI collect for GLX-205579 Machinery hire charges
UPI930950762886,GLX-205639,vaayu14@okaxis,Vaayu Organics Private Limited,08/04/2026 17:06,09/04/2026,AXISUPI260409300,"₹4,790.00",₹95.80,₹17.24,"₹4,676.96",,SUCCESS,UPI collect for GLX-205639 Testing and calibration charges
UPI546560983837,GLX-206478,neelkanth75@okaxis,Neelkanth Ceramics Pvt Ltd,08/04/2026 14:38,09/04/2026,AXISUPI260409900,"₹37,952.00",₹759.04,₹136.63,"₹37,056.33",,SUCCESS,UPI collect for GLX-206478 Mould development charges
UPI844967355773,GLX-206676,sohrab24@okaxis,Sohrab Auto Spares LLP,08/04/2026 12:38,09/04/2026,AXISUPI260409600,"₹80,033.00","₹1,600.66",₹288.12,"₹78,144.22",,SUCCESS,UPI collect for GLX-206676 Bulk despatch schedule A
UPI403841353532,GLX-207040,tarangini47@ybl,Tarangini Prints LLP,08/04/2026 14:01,09/04/2026,AXISUPI260409716,"₹90,285.16","₹1,805.70",₹325.03,"₹88,154.43",,SUCCESS,UPI collect for GLX-207040 Design retainer billing
UPI680858470054,GLX-207087,girnar86@oksbi,Girnar Pipes and Fittings Pvt Ltd,08/04/2026 11:02,10/04/2026,AXISUPI260410315,"₹24,500.15",₹490.00,₹88.20,"₹23,921.95",,SUCCESS,UPI collect for GLX-207087 Export documentation recovery
UPI882152011624,GLX-207204,sanchit72@okhdfcbank,Sanchit Hardware Depot Pvt Ltd,08/04/2026 08:04,09/04/2026,AXISUPI260409574,"₹51,862.74","₹1,037.25",₹186.70,"₹50,638.79",,SUCCESS,UPI collect for GLX-207204 Job work conversion charges
UPI799281360819,GLX-208258,utsav84@okicici,Utsav Bakers LLP,08/04/2026 12:42,10/04/2026,AXISUPI260410173,"₹79,479.73","₹1,589.59",₹286.13,"₹77,604.01",,SUCCESS,UPI collect for GLX-208258 Scrap sale realisation
UPI398777497965,GLX-208315,kaveri61@okicici,Kaveri Rubber Works Pvt Ltd,08/04/2026 12:33,10/04/2026,AXISUPI260410473,"₹39,378.73",₹787.57,₹141.76,"₹38,449.40",,SUCCESS,UPI collect for GLX-208315 Contract manufacturing charges
UPI733417988770,GLX-208693,madhuban55@okhdfcbank,Madhuban Nurseries Pvt Ltd,08/04/2026 16:27,09/04/2026,AXISUPI260409400,"₹90,390.00","₹1,807.80",₹325.40,"₹88,256.80",,SUCCESS,UPI collect for GLX-208693 Sample despatch billing
UPI890923542393,GLX-208780,bhoomi59@ybl,Bhoomi Tiles and Sanitary LLP,08/04/2026 20:07,09/04/2026,AXISUPI260409200,"₹43,993.00",₹879.86,₹158.37,"₹42,954.77",,SUCCESS,UPI collect for GLX-208780 Tooling amortisation billing
UPI584923295075,GLX-208868,ranjeet06@okicici,Ranjeet Timber Depot Pvt Ltd,08/04/2026 20:42,10/04/2026,AXISUPI260410233,"₹10,855.33",₹217.11,₹39.08,"₹10,599.14",,SUCCESS,UPI collect for GLX-208868 Warehouse handling recovery
UPI222112880799,GLX-209278,meghdoot14@okicici,Meghdoot Packaging LLP,08/04/2026 19:57,10/04/2026,AXISUPI260410185,"₹51,354.85","₹1,027.10",₹184.88,"₹50,142.87",,SUCCESS,UPI collect for GLX-209278 Site erection charges
UPI149176090087,GLX-209421,prithvi42@okicici,Prithvi Seeds and Feeds Pvt Ltd,08/04/2026 09:01,10/04/2026,AXISUPI260410833,"₹39,967.33",₹799.35,₹143.88,"₹39,024.10",,SUCCESS,UPI collect for GLX-209421 Consignment despatch
UPI445240447597,GLX-209448,yamini76@okhdfcbank,Yamini Home Needs Pvt Ltd,08/04/2026 17:46,09/04/2026,AXISUPI260409100,"₹20,169.00",₹403.38,₹72.61,"₹19,693.01",,SUCCESS,UPI collect for GLX-209448 Secondary transport recovery
UPI600085445779,GLX-209688,ojas03@okkotak,Ojas Lighting Private Limited,08/04/2026 17:23,10/04/2026,AXISUPI260410763,"₹49,353.63",₹987.07,₹177.67,"₹48,083.26",,SUCCESS,UPI collect for GLX-209688 Palletisation charges
UPI372683606481,GLX-209855,bhavani20@okicici,Bhavani Steel Trading Pvt Ltd,08/04/2026 08:01,10/04/2026,AXISUPI260410419,"₹46,722.19",₹934.44,₹168.20,"₹45,619.55",,SUCCESS,UPI collect for GLX-209855 Tooling amortisation billing
UPI201102173408,GLX-209914,kesari55@okaxis,Kesari Handlooms Pvt Ltd,08/04/2026 14:01,09/04/2026,AXISUPI260409900,"₹48,680.00",₹973.60,₹175.25,"₹47,531.15",,SUCCESS,UPI collect for GLX-209914 Annual maintenance billing
UPI238989492772,GLX-209960,suvarna49@okicici,Suvarna Weaves LLP,08/04/2026 10:34,10/04/2026,AXISUPI260410185,"₹37,818.85",₹756.38,₹136.15,"₹36,926.32",,SUCCESS,UPI collect for GLX-209960 Labelling job billing
UPI175597349261,GLX-204323,utsav56@okaxis,Utsav Bakers LLP,09/04/2026 17:41,10/04/2026,AXISUPI260410336,"₹63,380.36","₹1,267.61",₹228.17,"₹61,884.58",,SUCCESS,UPI collect for GLX-204323 Testing and calibration charges
UPI203693408202,GLX-204406,palashwood42@okhdfcbank,Palashwood Interiors Pvt Ltd,09/04/2026 15:42,10/04/2026,AXISUPI260410406,"₹77,709.06","₹1,554.18",₹279.75,"₹75,875.13",,SUCCESS,UPI collect for GLX-204406 Contract manufacturing charges
UPI602197450653,GLX-204853,kalanjali25@ybl,Kalanjali Crafts Pvt Ltd,09/04/2026 09:44,10/04/2026,AXISUPI260410500,"₹90,283.00","₹1,805.66",₹325.02,"₹88,152.32",,SUCCESS,UPI collect for GLX-204853 Site erection charges
UPI139708777109,GLX-204870,prithvi05@okicici,Prithvi Seeds and Feeds Pvt Ltd,09/04/2026 10:21,11/04/2026,AXISUPI260411977,"₹63,026.77","₹1,260.54",₹226.90,"₹61,539.33",,SUCCESS,UPI collect for GLX-204870 Bulk despatch schedule A
UPI466865004303,GLX-205056,rukmini38@okicici,Rukmini Provisions Private Limited,09/04/2026 15:37,11/04/2026,AXISUPI260411521,"₹20,893.21",₹417.86,₹75.21,"₹20,400.14",,SUCCESS,UPI collect for GLX-205056 Scrap sale realisation
UPI136830612045,GLX-205255,meghdoot71@okhdfcbank,Meghdoot Packaging LLP,09/04/2026 08:23,10/04/2026,AXISUPI260410700,"₹78,432.00","₹1,568.64",₹282.36,"₹76,581.00",,SUCCESS,UPI collect for GLX-205255 Job work conversion charges
UPI676635160069,GLX-205346,yamini89@okaxis,Yamini Home Needs Pvt Ltd,09/04/2026 14:15,10/04/2026,AXISUPI260410900,"₹41,966.00",₹839.32,₹151.08,"₹40,975.60",,SUCCESS,UPI collect for GLX-205346 Export documentation recovery
UPI772118645390,GLX-205932,ekansh50@okaxis,Ekansh Glassworks Private Limited,09/04/2026 11:20,10/04/2026,AXISUPI260410900,"₹34,775.00",₹695.50,₹125.19,"₹33,954.31",,SUCCESS,UPI collect for GLX-205932 Labelling job billing
UPI567534982334,GLX-205936,anokhi91@okhdfcbank,Anokhi Kitchenware Pvt Ltd,09/04/2026 19:09,10/04/2026,AXISUPI260410700,"₹54,609.00","₹1,092.18",₹196.59,"₹53,320.23",,SUCCESS,UPI collect for GLX-205936 Secondary transport recovery
UPI767920512142,GLX-206028,bhoomi69@okkotak,Bhoomi Tiles and Sanitary LLP,09/04/2026 18:55,11/04/2026,AXISUPI260411943,"₹19,538.43",₹390.77,₹70.34,"₹19,077.32",,SUCCESS,UPI collect for GLX-206028 Trial batch supply
UPI689241119670,GLX-206178,naaz87@ybl,Naaz Fabrics Private Limited,09/04/2026 12:34,10/04/2026,AXISUPI260410608,"₹13,865.08",₹277.30,₹49.91,"₹13,537.87",,SUCCESS,UPI collect for GLX-206178 Design retainer billing
UPI414591394795,GLX-206225,vindhya82@ybl,Vindhya Plastics Private Limited,09/04/2026 19:49,10/04/2026,AXISUPI260410500,"₹6,106.00",₹122.12,₹21.98,"₹5,961.90",,SUCCESS,UPI collect for GLX-206225 Annual maintenance billing
UPI213717026510,GLX-206663,tanmay86@okicici,Tanmay Toolroom Private Limited,09/04/2026 15:08,11/04/2026,AXISUPI260411515,"₹52,339.15","₹1,046.78",₹188.42,"₹51,103.95",,SUCCESS,UPI collect for GLX-206663 Design retainer billing
UPI340107757660,GLX-206833,jashan24@okaxis,Jashan Sports Goods Pvt Ltd,09/04/2026 09:26,10/04/2026,AXISUPI260410690,"₹77,675.90","₹1,553.52",₹279.63,"₹75,842.75",,SUCCESS,UPI collect for GLX-206833 Bulk despatch schedule B
UPI308557318519,GLX-206969,neelkanth75@okkotak,Neelkanth Ceramics Pvt Ltd,09/04/2026 12:34,11/04/2026,AXISUPI260411247,"₹25,003.47",₹500.07,₹90.01,"₹24,413.39",,SUCCESS,UPI collect for GLX-206969 Machinery hire charges
UPI341118339780,GLX-207591,ranjeet80@ybl,Ranjeet Timber Depot Pvt Ltd,09/04/2026 18:58,10/04/2026,AXISUPI260410500,"₹77,368.00","₹1,547.36",₹278.52,"₹75,542.12",,SUCCESS,UPI collect for GLX-207591 Spare kit despatch
UPI997915612274,GLX-207632,chirag82@okaxis,Chirag Battery House Pvt Ltd,09/04/2026 19:24,10/04/2026,AXISUPI260410474,"₹14,682.74",₹293.65,₹52.86,"₹14,336.23",,SUCCESS,UPI collect for GLX-207632 Mould development charges
UPI514965444807,GLX-207869,kesari79@okhdfcbank,Kesari Handlooms Pvt Ltd,09/04/2026 09:42,10/04/2026,AXISUPI260410238,"₹59,410.38","₹1,188.21",₹213.88,"₹58,008.29",,SUCCESS,UPI collect for GLX-207869 Freight recovery billing
UPI249140359649,GLX-208805,barkat93@okaxis,Barkat Stationers Private Limited,09/04/2026 14:29,10/04/2026,AXISUPI260410900,"₹29,519.00",₹590.38,₹106.27,"₹28,822.35",,SUCCESS,UPI collect for GLX-208805 Tooling amortisation billing
UPI814971699465,GLX-209292,marudhar79@okhdfcbank,Marudhar Furnishings LLP,09/04/2026 16:04,10/04/2026,AXISUPI260410400,"₹69,834.00","₹1,396.68",₹251.40,"₹68,185.92",,SUCCESS,UPI collect for GLX-209292 Rework charges billed
UPI298307363971,GLX-209381,tarangini35@okicici,Tarangini Prints LLP,09/04/2026 14:43,11/04/2026,AXISUPI260411245,"₹59,878.45","₹1,197.57",₹215.56,"₹58,465.32",,SUCCESS,UPI collect for GLX-209381 Packaging material supply
UPI724938616209,GLX-209461,nirvaan15@ybl,Nirvaan Agro Mills Pvt Ltd,09/04/2026 15:16,10/04/2026,AXISUPI260410500,"₹51,997.00","₹1,039.94",₹187.19,"₹50,769.87",,SUCCESS,UPI collect for GLX-209461 Palletisation charges
UPI574708873913,GLX-209692,kaveri96@okaxis,Kaveri Rubber Works Pvt Ltd,09/04/2026 15:52,10/04/2026,AXISUPI260410486,"₹72,624.86","₹1,452.50",₹261.45,"₹70,910.91",,SUCCESS,UPI collect for GLX-209692 Bulk despatch schedule B
UPI715336634468,GLX-209751,ambar73@okaxis,Ambar Cold Rooms Pvt Ltd,09/04/2026 13:39,10/04/2026,AXISUPI260410498,"₹47,748.98",₹954.98,₹171.90,"₹46,622.10",,SUCCESS,UPI collect for GLX-209751 Warehouse handling recovery
UPI969271214106,GLX-209764,ojas24@ybl,Ojas Lighting Private Limited,09/04/2026 19:03,10/04/2026,AXISUPI260410800,"₹13,588.00",₹271.76,₹48.92,"₹13,267.32",,SUCCESS,UPI collect for GLX-209764 Sample despatch billing
UPI337062084847,GLX-209982,chandravat72@okkotak,Chandravat Metals Private Limited,09/04/2026 09:43,11/04/2026,AXISUPI260411967,"₹73,754.67","₹1,475.09",₹265.52,"₹72,014.06",,SUCCESS,UPI collect for GLX-209982 Consignment despatch
UPI587691082957,GLX-204346,palashwood47@oksbi,Palashwood Interiors Pvt Ltd,10/04/2026 16:25,12/04/2026,AXISUPI260412195,"₹35,001.95",₹700.04,₹126.01,"₹34,175.90",,SUCCESS,UPI collect for GLX-204346 Bulk despatch schedule B
UPI589230433360,GLX-204458,bhoomi10@okkotak,Bhoomi Tiles and Sanitary LLP,10/04/2026 14:42,12/04/2026,AXISUPI260412229,"₹59,293.29","₹1,185.87",₹213.46,"₹57,893.96",,SUCCESS,UPI collect for GLX-204458 Tooling amortisation billing
UPI502103312262,GLX-204466,devgiri31@okicici,Devgiri Paints LLP,10/04/2026 18:17,12/04/2026,AXISUPI260412689,"₹59,765.89","₹1,195.32",₹215.16,"₹58,355.41",,SUCCESS,UPI collect for GLX-204466 Annual maintenance billing
UPI994380583867,GLX-204617,vindhya38@ybl,Vindhya Plastics Private Limited,10/04/2026 18:07,11/04/2026,AXISUPI260411200,"₹38,845.00",₹776.90,₹139.84,"₹37,928.26",,SUCCESS,UPI collect for GLX-204617 Freight recovery billing
UPI436666454540,GLX-204629,shubhankar70@okhdfcbank,Shubhankar Electricals LLP,10/04/2026 12:32,11/04/2026,AXISUPI260411100,"₹26,181.00",₹523.62,₹94.25,"₹25,563.13",,SUCCESS,UPI collect for GLX-204629 Mould development charges
UPI180953781670,GLX-204902,anokhi03@okhdfcbank,Anokhi Kitchenware Pvt Ltd,10/04/2026 20:36,11/04/2026,AXISUPI260411400,"₹57,522.00","₹1,150.44",₹207.08,"₹56,164.48",,SUCCESS,UPI collect for GLX-204902 Export documentation recovery
UPI148960631412,GLX-205134,jashan69@ybl,Jashan Sports Goods Pvt Ltd,10/04/2026 11:03,11/04/2026,AXISUPI260411200,"₹20,296.00",₹405.92,₹73.07,"₹19,817.01",,SUCCESS,UPI collect for GLX-205134 Contract manufacturing charges
UPI774157742742,GLX-205264,rukmini42@okaxis,Rukmini Provisions Private Limited,10/04/2026 13:33,11/04/2026,AXISUPI260411600,"₹2,633.00",₹52.66,₹9.48,"₹2,570.86",,SUCCESS,UPI collect for GLX-205264 Testing and calibration charges
UPI393640267295,GLX-205273,marudhar65@okaxis,Marudhar Furnishings LLP,10/04/2026 18:10,11/04/2026,AXISUPI260411840,"₹32,956.40",₹659.13,₹118.64,"₹32,178.63",,SUCCESS,UPI collect for GLX-205273 Labelling job billing
UPI394050065994,GLX-205375,tarangini80@oksbi,Tarangini Prints LLP,10/04/2026 20:52,12/04/2026,AXISUPI260412903,"₹41,768.03",₹835.36,₹150.36,"₹40,782.31",,SUCCESS,UPI collect for GLX-205375 Design retainer billing
UPI850666955319,GLX-205543,sohrab76@ybl,Sohrab Auto Spares LLP,10/04/2026 15:00,11/04/2026,AXISUPI260411410,"₹34,554.10",₹691.08,₹124.39,"₹33,738.63",,SUCCESS,UPI collect for GLX-205543 Consignment despatch
UPI115292125921,GLX-206097,nirvaan12@okhdfcbank,Nirvaan Agro Mills Pvt Ltd,10/04/2026 18:41,11/04/2026,AXISUPI260411700,"₹38,319.00",₹766.38,₹137.95,"₹37,414.67",,SUCCESS,UPI collect for GLX-206097 Sample despatch billing
UPI657281523943,GLX-206171,ojas04@okaxis,Ojas Lighting Private Limited,10/04/2026 09:24,11/04/2026,AXISUPI260411300,"₹71,264.00","₹1,425.28",₹256.55,"₹69,582.17",,SUCCESS,UPI collect for GLX-206171 Palletisation charges
UPI385164114951,GLX-206337,chirag16@oksbi,Chirag Battery House Pvt Ltd,10/04/2026 17:01,12/04/2026,AXISUPI260412597,"₹65,254.97","₹1,305.10",₹234.92,"₹63,714.95",,SUCCESS,UPI collect for GLX-206337 Machinery hire charges
UPI276445307437,GLX-206431,kalanjali85@okicici,Kalanjali Crafts Pvt Ltd,10/04/2026 16:19,12/04/2026,AXISUPI260412413,"₹27,669.13",₹553.38,₹99.61,"₹27,016.14",,SUCCESS,UPI collect for GLX-206431 Job work conversion charges
UPI871634457496,GLX-206456,girnar59@okhdfcbank,Girnar Pipes and Fittings Pvt Ltd,10/04/2026 10:13,11/04/2026,AXISUPI260411934,"₹41,201.34",₹824.03,₹148.33,"₹40,228.98",,SUCCESS,UPI collect for GLX-206456 Secondary transport recovery
UPI983152140704,GLX-207143,suvarna06@okhdfcbank,Suvarna Weaves LLP,10/04/2026 08:00,11/04/2026,AXISUPI260411166,"₹68,850.66","₹1,377.01",₹247.86,"₹67,225.79",,SUCCESS,UPI collect for GLX-207143 Rework charges billed
UPI812931112492,GLX-207194,chandravat24@ybl,Chandravat Metals Private Limited,10/04/2026 13:16,11/04/2026,AXISUPI260411500,"₹52,582.00","₹1,051.64",₹189.30,"₹51,341.06",,SUCCESS,UPI collect for GLX-207194 Bulk despatch schedule A
UPI631778129151,GLX-207598,ambar91@okaxis,Ambar Cold Rooms Pvt Ltd,10/04/2026 10:59,11/04/2026,AXISUPI260411330,"₹61,292.30","₹1,225.85",₹220.65,"₹59,845.80",,SUCCESS,UPI collect for GLX-207598 Spare kit despatch
UPI978142871077,GLX-207666,madhuban21@okhdfcbank,Madhuban Nurseries Pvt Ltd,10/04/2026 10:26,11/04/2026,AXISUPI260411982,"₹69,173.82","₹1,383.48",₹249.03,"₹67,541.31",,SUCCESS,UPI collect for GLX-207666 Palletisation charges
UPI630534353285,GLX-208027,tanmay58@oksbi,Tanmay Toolroom Private Limited,10/04/2026 16:24,12/04/2026,AXISUPI260412657,"₹15,197.57",₹303.95,₹54.71,"₹14,838.91",,SUCCESS,UPI collect for GLX-208027 Packaging material supply
UPI256948108787,GLX-208070,sitara12@okhdfcbank,Sitara Packaging Solutions Pvt Ltd,10/04/2026 12:04,11/04/2026,AXISUPI260411400,"₹41,520.00",₹830.40,₹149.47,"₹40,540.13",,SUCCESS,UPI collect for GLX-208070 Warehouse handling recovery
UPI716672033776,GLX-208233,sanchit58@okaxis,Sanchit Hardware Depot Pvt Ltd,10/04/2026 11:10,11/04/2026,AXISUPI260411300,"₹77,393.00","₹1,547.86",₹278.61,"₹75,566.53",,SUCCESS,UPI collect for GLX-208233 Site erection charges
UPI923326610397,GLX-208619,bhavani62@okaxis,Bhavani Steel Trading Pvt Ltd,10/04/2026 10:52,11/04/2026,AXISUPI260411900,"₹33,227.00",₹664.54,₹119.62,"₹32,442.84",,SUCCESS,UPI collect for GLX-208619 Trial batch supply
UPI884709429004,GLX-209925,vaayu87@okkotak,Vaayu Organics Private Limited,10/04/2026 13:19,12/04/2026,AXISUPI260412469,"₹25,032.69",₹500.65,₹90.12,"₹24,441.92",,SUCCESS,UPI collect for GLX-209925 Scrap sale realisation
